title,url,domain,seendate,socialimage,language,category,company
"OJK catat piutang pembiayaan syariah Rp31 , 05 triliun di Januari 2026",https://www.antaranews.com/berita/5461279/ojk-catat-piutang-pembiayaan-syariah-rp3105-triliun-di-januari-2026,antaranews.com,20260308T134500Z,https://cdn.antaranews.com/cache/1200x800/2026/03/03/WhatsApp-Image-2026-03-03-at-18.40.25.jpeg,Indonesian,Finance,
Rencana Buyback Saham BBNI Dinilai Bisa Perkuat Kepercayaan Investor,https://money.kompas.com/read/2026/03/08/201500126/rencana-buyback-saham-bbni-dinilai-bisa-perkuat-kepercayaan-investor,money.kompas.com,20260308T134500Z,"https://asset.kompas.com/crops/sz8u2x9xsK97PNnLJ_Oo1yGn5vY=/9x0:743x490/1200x675/filters:watermark(data/photo/2026/01/30/697c815e7ef28.png,0,-0,1)/data/photo/2025/07/14/68750090e78c1.jpeg",Indonesian,Finance,
"With Two Young Kids , They Thought A Bigger Home Was The Answer . Now Their 3K Square Foot House Feels Like A Mistake . Downsize Again Or  Suck It Up ? ",https://www.yahoo.com/lifestyle/articles/two-young-kids-thought-bigger-123020955.html,yahoo.com,20260308T131500Z,https://s.yimg.com/os/en/benzinga_79/2344574d2afbf9082866c333ec025047,English,Finance,
"Natixis Advisors LLC Acquires 2 , 607 , 367 Shares of HDFC Bank Limited $HDB",https://www.tickerreport.com/banking-finance/13371759/natixis-advisors-llc-acquires-2607367-shares-of-hdfc-bank-limited-hdb.html,tickerreport.com,20260308T130000Z,,English,Finance,
Exyte : Schlüsselrolle für Halbleiter ( Finanztrends ) ,https://boerse-social.com/2026/03/08/exyte_schlasselrolle_far_halbleiter_finanztrends,boerse-social.com,20260308T130000Z,https://boerse-social.com/media/Content/CD_Image/image/121801/scalex/1000/scaley/550;.jpg,German,Finance,
É portuguesa e lidera um dos cargos mais altos da Bolsa do Luxemburgo,https://www.contacto.lu/reportagem/e-portuguesa-e-lidera-um-dos-cargos-mais-altos-da-bolsa-do-luxemburgo/138772568.html,contacto.lu,20260308T114500Z,https://img.contacto.lu/public/luxemburgo/sw9dvz-paula-redondo-pereira-head-of-g-16.jpg/alternates/SIXTEEN_NINE_1200/Paula-Redondo-Pereira--Head-of-G%2016.jpg,Portuguese,Finance,
"STRAH SE UVUKAO MEĐU GRAĐANE : Ako vlada ne interveniše , od utorka nastupa pakao sa cijenom goriva ... ",https://www.slobodna-bosna.ba/vijest/471031/strah_se_uvukao_medju_gradjane_ako_vlada_ne_intervenise_od_utorka_nastupa_pakao_sa_cijenom_goriva.html,slobodna-bosna.ba,20260308T113000Z,https://www.slobodna-bosna.ba/img/vijesti/2026/03/gorivo1_1.jpg,Croatian,Finance,
Carlo Nesti :  Juve : Pablito Yildiz può fare il centravanti ! ,https://www.tuttomercatoweb.com/la-scheda-di-carlo-nesti/carlo-nesti-juve-pablito-yildiz-puo-fare-il-centravanti-1990159,tuttomercatoweb.com,20260308T113000Z,https://tmw-storage.tcccdn.com/storage/tuttomercatoweb.com/img_notizie/thumb3/18/185b9348759852b0257b339232b41341-21114-oooz0000.jpeg,Italian,Finance,
"Ženy majú na investovanie talent , no stále ho nevyužívajú . Čo ich brzdí ? ",https://spravy.pozri.sk/clanok/zeny-maju-na-investovanie-talent-no-stale-ho-nevyuzivaju-co-ich-brzdi/1606182,spravy.pozri.sk,20260308T111500Z,https://spravy.pozri.sk/img/032026/3021416.jpg,Slovak,Finance,
Stop alle partite Iva apri e chiudi : il nuovo piano 2026,https://www.laleggepertutti.it/784043_stop-alle-partite-iva-apri-e-chiudi-il-nuovo-piano-2026,laleggepertutti.it,20260308T111500Z,https://www.laleggepertutti.it/wp-content/uploads/2026/03/partita-iva-pignoramento-fattura-fisco-controlli-evasione.jpg,Italian,Finance,
"SI VOULEZ DEBATTRE SUR LE DEBAT , CEST ICI ! ",https://latelelibre.fr/2007/05/les-themes-du-debat-televise-du-2-mai/,latelelibre.fr,20260308T111500Z,,French,Finance,
Analyzing National Australia Bank ( OTCMKTS : NABZY ) and Western New England Bancorp ( NASDAQ : WNEB ) ,https://www.themarketsdaily.com/2026/03/08/analyzing-national-australia-bank-otcmktsnabzy-and-western-new-england-bancorp-nasdaqwneb.html,themarketsdaily.com,20260308T110000Z,,English,Finance,
Lin Horn Aktie : Sektor - Dynamik entscheidend ( Finanztrends ) ,https://boerse-social.com/2026/03/08/lin_horn_aktie_sektor-dynamik_entscheidend_finanztrends,boerse-social.com,20260308T110000Z,https://boerse-social.com/media/Content/CD_Image/image/121801/scalex/1000/scaley/550;.jpg,German,Finance,
Quand Téhéran attaque son banquier,https://mondafrique.com/libre-opinion/quand-teheran-attaque-son-banquier/,mondafrique.com,20260308T110000Z,https://mondafrique.com/wp-content/uploads/2026/03/3.png,French,Finance,
Yatırımcının savaş stratejisi ne olmalı ? - Türkiyenin bir numaralı finans ve ekonomi portalı uzmanpara . com . ,https://uzmanpara.milliyet.com.tr/haber-detay/yazarlar/yatirimcinin-savas-stratejisi-ne-olmali/242012/,uzmanpara.milliyet.com.tr,20260308T104500Z,https://uzmanpara.milliyet.com.tr/i/yazar/200zeynep_aktas.JPG,Turkish,Finance,
The EU needs a huge shake - up - The Malta Independent,https://www.independent.com.mt/articles/2026-03-08/blogs-opinions/The-EU-needs-a-huge-shake-up-6736287729,independent.com.mt,20260308T104500Z,https://www.independent.com.mt/file.aspx?f=253074,English,Finance,
Lukić : Države za ublažavanje energetskih šokova mogu koristiti strateške rezerve nafte,https://www.blic.rs/biznis/vesti/lukic-drzave-za-ublazavanje-energetskih-sokova-mogu-koristiti-strateske-rezerve-nafte/xzl03m9,blic.rs,20260308T104500Z,https://ocdn.eu/pulscms-transforms/1/o_dktkpTURBXy9lNTkyMzc2YmRjOTFhYTcwZjYzNjg4YTE4MmQyYzAxNS5qcGeRkwXNBLDNAqM,Serbian,Finance,
"Iran , Pichetto :  E  ancora presto per pensare di cambiare il decreto Bollette  ",https://www.agenzianova.com/news/iran-pichetto-e-ancora-presto-per-pensare-di-cambiare-il-decreto-bollette/,agenzianova.com,20260308T104500Z,https://www.agenzianova.com/news/wp-content/uploads/2025/06/pichetto-1.png,Italian,Finance,
Buyback Saham BNI Dinilai Dongkrak Kepercayaan Publik,https://ekonomi.republika.co.id/berita/tbksb1522/buyback-saham-bni-dinilai-dongkrak-kepercayaan-publik,ekonomi.republika.co.id,20260308T104500Z,https://static.republika.co.id/uploads/images/kanal_slide/_260308171103-332.jpeg,Indonesian,Finance,
Mulheres empreendedoras : conheça histórias de quem começou do zero,https://g1.globo.com/go/goias/noticia/2026/03/08/dia-da-mulher-conheca-historias-de-mulheres-empreendedoras-que-comecaram-do-zero.ghtml,g1.globo.com,20260308T104500Z,https://s2-g1.glbimg.com/LBDLJj8hsCiBF0dvnWb9LPJtCKs=/1700x0/filters:format(jpeg)/https://i.s3.glbimg.com/v1/AUTH_59edd422c0c84a879bd37670ae4f538a/internal_photos/bs/2026/u/J/CjKD8uQ4yPA9XX2TVzBg/foto-editada-naiany-alves.png,Portuguese,Finance,
"BrindisiSera . it - Attualità , Brindisi , successo per la prima edizione della BTE Puglia : oltre 900 incontri B2B e operatori da tutta Italia e dallestero",https://www.brindisisera.it/dettaglio.asp?id_dett=61787&id_rub=58,brindisisera.it,20260308T103000Z,https://www.brindisisera.it/archivio/img_archivio1832026104527.jpg,Italian,Finance,
"Tesla , scendono le vendite ma lazione vola : in arrivo in rivoluzionario Cybercab a guida autonoma",https://www.quotidianodipuglia.it/blog/milleruote/tesla_scendono_le_vendite_ma_l_azione_vola_in_arrivo_in_rivoluzionario_cybercab_a_guida_autonoma-9397618.html,quotidianodipuglia.it,20260308T103000Z,https://statics.cedscdn.it/photos/MED_HIGH/2026/03/05/9397618_05095823_cybercab_84.jpg,Italian,Finance,
Pakistan women are entering stock market but is the system ready ? ,https://www.geo.tv/latest/654629-pakistans-women-are-entering-stock-market-but-is-the-system-ready,geo.tv,20260308T103000Z,https://www.geo.tv/assets/uploads/updates/2026-03-08/l_654629_110852_updates.jpg,English,Finance,
"Assured Guaranty ( NYSE : AGO ) Director Sells $106 , 223 . 66 in Stock",https://www.tickerreport.com/banking-finance/13371445/assured-guaranty-nyseago-director-sells-106223-66-in-stock.html,tickerreport.com,20260308T103000Z,,English,Finance,
Venezolanas sostienen los hogares aunque lidian con la mayor brecha salarial de la región,https://talcualdigital.com/venezolanas-sostienen-los-hogares-aunque-lidian-con-la-mayor-brecha-salarial-de-la-region/,talcualdigital.com,20260308T103000Z,https://talcualdigital.com/wp-content/uploads/2026/03/Foto-TC-2026-03-06T171613.864.png,Spanish,Finance,
El ataque de EEUU a Irán desata la caja de los truenos : escalada de la energía con elevados riesgos financieros,https://www.eldiario.es/economia/ataque-eeuu-iran-desata-caja-truenos-escalada-energia-elevados-riesgos-financieros_129_13046339.html,eldiario.es,20260308T090000Z,https://static.eldiario.es/clip/9c2bdb6e-6e01-4f40-bef7-4fc0707fbad1_facebook-aspect-ratio_default_0.jpg,Spanish,Finance,
Will private credit be the trigger for the next financial crisis ? ,https://www.irishtimes.com/business/2026/03/08/will-private-credit-be-the-trigger-for-the-next-financial-crisis/,irishtimes.com,20260308T090000Z,https://www.irishtimes.com/resizer/v2/KAP6NRWQQ2IHZEXUVO4EQXMTHE.jpg?smart=true&auth=807ec905def9620a3c1d061c1346f716084eedf4a805774a3ad7d5f966d2bb8f,English,Finance,
Bitcoin Sell - off To $65K Likely As Traders Run From Global Risks,https://cointelegraph.com/markets/odds-of-bitcoin-price-drop-to-65k-rise-as-private-credit-woes-us-war-rattle-markets,cointelegraph.com,20260308T090000Z,"https://images.cointelegraph.com/cdn-cgi/image/f=auto,onerror=redirect,w=1200/https://s3.cointelegraph.com/uploads/2026-03/019cc509-5985-7bbf-b473-aed82c08d3b5.jpeg",English,Finance,
Paramount Beat Netflix in the Battle for Warner Bros . Here Who Really Won,https://www.fool.com/investing/2026/03/08/paramount-beat-netflix-in-the-battle-for-warner-br/?source=iedfolrf0000001,fool.com,20260308T084500Z,https://g.foolcdn.com/editorial/images/859818/netflix-los-gatos-14.jpg,English,Finance,
Head - To - Head Review : Summit State Bank ( NASDAQ : SSBI ) and First Northwest Bancorp ( NASDAQ : FNWB ) ,https://www.dailypolitical.com/2026/03/07/head-to-head-review-summit-state-bank-nasdaqssbi-and-first-northwest-bancorp-nasdaqfnwb.html,dailypolitical.com,20260308T084500Z,,English,Finance,
Janus International Group ( NYSE : JBI ) Hits New 12 - Month Low on Analyst Downgrade,https://www.dailypolitical.com/2026/03/07/janus-international-group-nysejbi-hits-new-12-month-low-on-analyst-downgrade.html,dailypolitical.com,20260308T084500Z,,English,Finance,
"Stock market outlook these factotrs may effected share market इस सप्ताह किस करवट लेगा शेयर बाजार , ये फैक्टर्स करेंगे प्रभावित , Business Hindi News",https://www.livehindustan.com/business/stock-market-outlook-these-factotrs-may-effected-share-market-201772954227227.html,livehindustan.com,20260308T084500Z,,Hindi,Finance,
Laboratorios Richmond ganó plata en 2025 pero no pagará dividendos : el impacto del dólar y las inversiones recortaron la rentabilidad,https://www.ambito.com/negocios/laboratorios-richmond-gano-plata-2025-pero-no-pagara-dividendos-el-impacto-del-dolar-y-las-inversiones-recortaron-la-rentabilidad-n6253215,ambito.com,20260308T073000Z,https://media.ambito.com/p/4bb9d73e7160f875e2ab63fc7040dd46/adjuntos/239/imagenes/040/051/0040051126/1200x675/smart/laboratorios-richmondjpg.jpg,Spanish,Finance,
"70 % Of All Cyber Crimes Executed With Online Trading Apps : Maharashtra , UP Top List - Trak . in - Indian Business of Tech , Mobile & Startups",https://trak.in/stories/70-of-all-cyber-crimes-executed-with-online-trading-apps-maharashtra-up-top-list/,trak.in,20260308T071500Z,https://trak.in/stories/wp-content/uploads/2026/03/Screenshot-2026-03-08-at-10.30.48-AM-1.png,English,Finance,
UAE investors urged to avoid savings sell - off due to Iran war,https://www.thenationalnews.com/business/money/2026/03/08/what-to-do-with-your-money-in-the-uae-right-now/,thenationalnews.com,20260308T071500Z,https://www.thenationalnews.com/resizer/v2/GLRUS7WTAVF3PPME3MI5TU7NOY.jpg?smart=true&auth=f8032497dccd05941d6b563b534443ad09ac1dfe4071131dcc1fcca600a63758,English,Finance,
VIX : Volatilität schießt hoch ( Finanztrends ) ,https://boerse-social.com/2026/03/08/vix_volatilitat_schieat_hoch_finanztrends,boerse-social.com,20260308T070000Z,https://boerse-social.com/media/Content/CD_Image/image/121801/scalex/1000/scaley/550;.jpg,German,Finance,
Malaysia Airlines shares rise on privatization rumors,https://eturbonews.com/malaysia-airlines-shares-rise-privatization-rumors/,eturbonews.com,20260308T070000Z,https://eturbonews.com/wp-admin/admin-ajax.php?action=rank_math_overlay_thumb&id=3117456&type=eturbonews&hash=ea27d2963659473f47f18e16a407e4e7,English,Finance,
The Trade Desk Aktie : Rekord - Kauf des CEO ( Finanztrends ) ,https://www.boerse-social.com/2026/03/08/the_trade_desk_aktie_rekord-kauf_des_ceo_finanztrends,boerse-social.com,20260308T070000Z,https://www.boerse-social.com/media/Content/CD_Image/image/121801/scalex/1000/scaley/550;.jpg,German,Finance,
Plenitude verso lindipendenza : Eni studia luscita della controllata ( dal bilancio ) ,https://www.corriere.it/economia/finanza/26_marzo_08/plenitude-verso-l-indipendenza-eni-studia-l-uscita-della-controllata-dal-bilancio-ddc4a58b-ba3b-405c-a058-d7101ea15xlk.shtml,corriere.it,20260308T070000Z,https://dimages2.corriereobjects.it/files/og_thumbnail/uploads/2026/03/07/69ac92c27b557.jpeg,Italian,Finance,
Finanznachrichten & Börsen - News | Börse Express,https://www.boerse-express.com/news/articles/bitcoin-zwischen-zwei-welten-873858,boerse-express.com,20260308T064500Z,https://www.boerse-express.com/assets/4f619af8f8/ai-article-873858-1772947334__FillWzEyMDAsMTIwMF0.jpg,German,Finance,
"Maria Àngels Vallvé , la primera  bróker  española :  La mayor lección de vida que me ha enseñado la bolsa es la modestia  ",https://www.20minutos.es/lainformacion/mercados-y-bolsa/entrevista-primera-agente-bolsa-espana_6942958_0.html,20minutos.es,20260308T063000Z,https://imagenes.20minutos.es/files/image_1920_1080/uploads/imagenes/2026/03/06/69ab1abc1919f9-00808445.jpeg,Spanish,Finance,
Yatırımcının savaş stratejisi ne olmalı ? ,https://www.milliyet.com.tr/yazarlar/zeynep-aktas/yatirimcinin-savas-stratejisi-ne-olmali-7550550,milliyet.com.tr,20260308T053000Z,https://image.milimaj.com/i/milliyet/75/0x0/69ac9d73ab074e63db125b2f.jpg,Turkish,Finance,
Trump İrana neden saldırdı ... ABDnin yeni Ortadoğu planı ... Savaş çıkmazında Türkiye detayı | Kayahan Uygur,https://www.odatv.com/yazarlar/kayahan-uygur/trump-irana-neden-saldirdi-abdnin-yeni-ortadogu-plani-savas-cikmazinda-turkiye-detayi-120138640,odatv.com,20260308T050000Z,https://img.odatv.com/rcman/Cw1280h720q95gc/storage/files/images/2026/03/08/trump-irana-neden-saldirdi-abdnin-yeni-ortadogu-plani-savas-cikmazinda-turkiye-detayi-zmpz.png,Turkish,Finance,
"Si el déficit sigue creciendo , la situación de las finanzas públicas de Colombia será insostenible : Comité de la Regla Fiscal",https://www.eltiempo.com/economia/sectores/si-el-deficit-sigue-creciendo-la-situacion-de-las-finanzas-publicas-de-colombia-sera-insostenible-comite-de-la-regla-fiscal-3538186,eltiempo.com,20260308T050000Z,https://imagenes2.eltiempo.com/files/og_thumbnail/files/fp/uploads/2026/03/07/69ac8497345d3.r_d.1476-1000-0.jpeg,Spanish,Finance,
"ADRO Raup Laba USD 447 , 69 Juta , Turun 67 , 5 % pada 2025",https://www.liputan6.com/saham/read/6293443/adro-raup-laba-usd-44769-juta-turun-675-pada-2025,liputan6.com,20260308T044500Z,https://cdn1-production-images-kly.akamaized.net/-fyg8e9w-qcEZSFd74Pe6g9YeGI=/1200x675/smart/filters:quality(75):strip_icc():format(jpeg)/kly-media-production/medias/4220932/original/073840600_1668038725-Laporan_Keuangan_5.jpg,Indonesian,Finance,
Incubo crisi aziendali | in Puglia 70 vertenze e 19mila posti a rischio,https://www.zazoom.it/2026-03-08/incubo-crisi-aziendali-in-puglia-70-vertenze-e-19mila-posti-a-rischio/18789444/,zazoom.it,20260308T043000Z,https://statics.cedscdn.it/photos/MED_HIGH/2026/03/07/9402221_07185421_automotive.jpg,Italian,Finance,
Contrasting Berkeley Group ( OTCMKTS : BKGFY ) and St . Joe ( NYSE : JOE ) ,https://www.dailypolitical.com/2026/03/07/contrasting-berkeley-group-otcmktsbkgfy-and-st-joe-nysejoe.html,dailypolitical.com,20260308T040000Z,,English,Finance,
American Express Global Business Travel ( GBTG ) Q4 Earnings : What To Expect,https://finance.yahoo.com/news/american-express-global-business-travel-032112603.html,finance.yahoo.com,20260308T040000Z,https://s.yimg.com/ny/api/res/1.2/0eEz7Lv5fW_C2lscNZRVIQ--/YXBwaWQ9aGlnaGxhbmRlcjt3PTEyMDA7aD02MDA-/https://media.zenfs.com/en/stockstory_922/90d42af97e37a7281674881313155aac,English,Finance,
A Los Angeles Therapist Plans To Move His Family To Alaska For A $6K Pay Bump . Dave Ramsey Reminds Him It Cold And There Are Bears,https://www.aol.com/articles/los-angeles-therapist-plans-move-030115557.html,aol.com,20260308T034500Z,https://s.yimg.com/os/en/aol_benzinga_275/d375378e88ff39f9d5595a638b554817,English,Finance,
İrandan Körfezi Rahatlatacak Karar ! ,https://www.yeniakit.com.tr/haber/irandan-korfezi-rahatlatacak-karar-1987605.html,yeniakit.com.tr,20260308T031500Z,"https://cdn.yeniakit.com.tr/cdn-cgi/image/format=webp,quality=85/images/news/425/irandan-korfezi-rahatlatacak-karar-2h1772936663-92396f.png",Turkish,Finance,
Su savaşları başlıyor mu ? - Öner Döşer,https://www.sozcu.com.tr/su-savaslari-basliyor-mu-p299710,sozcu.com.tr,20260308T031500Z,https://sozcu01.sozcucdn.com/sozcu/production/uploads/images/2024/1/onerdosersmjpg-k0cPOAbrlku5jh2t7VvgQQ.jpg?&mode=crop&scale=both,Turkish,Finance,
"On International Women Day , Why the World Should Celebrate Women in Tourism",https://eturbonews.com/international-womens-day-world-tourism-women-day/,eturbonews.com,20260308T133000Z,https://eturbonews.com/wp-admin/admin-ajax.php?action=rank_math_overlay_thumb&id=3153087&type=eturbonews&hash=9ddb6c44823b57d8652ff35c3d0a4f4a,English,Corporate,
Citigroup Increases Permian Resources ( NYSE : PR ) Price Target to $21 . 00,https://www.defenseworld.net/2026/03/08/citigroup-increases-permian-resources-nysepr-price-target-to-21-00.html,defenseworld.net,20260308T130000Z,,English,Corporate,
"Baltimore Washington Financial Advisors Inc . Acquires 2 , 009 Shares of Alphabet Inc . $GOOG",https://www.defenseworld.net/2026/03/08/baltimore-washington-financial-advisors-inc-acquires-2009-shares-of-alphabet-inc-goog.html,defenseworld.net,20260308T130000Z,,English,Corporate,
Permian Resources ( NYSE : PR ) Price Target Raised to $24 . 00,https://www.defenseworld.net/2026/03/08/permian-resources-nysepr-price-target-raised-to-24-00.html,defenseworld.net,20260308T130000Z,,English,Corporate,
"Blair William & Co . IL Sells 1 , 431 Shares of Thermo Fisher Scientific Inc . $TMO",https://www.defenseworld.net/2026/03/08/blair-william-co-il-sells-1431-shares-of-thermo-fisher-scientific-inc-tmo.html,defenseworld.net,20260308T130000Z,,English,Corporate,
Alphabet Inc . $GOOG Stock Holdings Trimmed by Blair William & Co . IL,https://www.defenseworld.net/2026/03/08/alphabet-inc-goog-stock-holdings-trimmed-by-blair-william-co-il.html,defenseworld.net,20260308T130000Z,,English,Corporate,
Moffett Nathanson Downgrades Warner Bros . Discovery ( NASDAQ : WBD ) to Hold,https://www.defenseworld.net/2026/03/08/moffett-nathanson-downgrades-warner-bros-discovery-nasdaqwbd-to-hold.html,defenseworld.net,20260308T130000Z,,English,Corporate,
"Middle East Crisis Could Spiral Beyond Anyone Control , UN Chief Warns",https://dailytrust.com/middle-east-crisis-could-spiral-beyond-anyones-control-un-chief-warns/,dailytrust.com,20260308T130000Z,https://dailytrust.com/wp-content/uploads/2026/03/Israel.webp,English,Corporate,
Jefferies Financial Group Forecasts Strong Price Appreciation for Caterpillar ( NYSE : CAT ) Stock,https://www.defenseworld.net/2026/03/08/jefferies-financial-group-forecasts-strong-price-appreciation-for-caterpillar-nysecat-stock.html,defenseworld.net,20260308T130000Z,,English,Corporate,
Shell en databedrijven onttrekken zich aan malaise in rode AEX,https://www.beursduivel.be/Nieuws/856211/Shell-en-databedrijven-onttrekken-zich-aan-malaise-in-rode-AEX.aspx,beursduivel.be,20260308T130000Z,https://img.iex.nl/uploads/ABMfn/2026/03/wHF4U4deV6.jpg,Dutch,Corporate,
"How Snabbit , Pronto , and Urban Company are reshaping traditional maid model in India",https://economictimes.indiatimes.com/news/india/how-snabbit-pronto-and-urban-company-are-reshaping-traditional-maid-model-in-india/articleshow/129267105.cms,economictimes.indiatimes.com,20260308T123000Z,"https://img.etimg.com/thumb/msid-129268499,width-1200,height-630,imgsize-1538751,overlay-economictimes/articleshow.jpg",English,Corporate,
Current and former Block workers say AI cant do their jobs after Jack Dorsey mass layoffs :  You cant really AI that  ,https://finance.yahoo.com/news/current-former-block-workers-ai-120020547.html,finance.yahoo.com,20260308T123000Z,https://s.yimg.com/os/en/the_guardian_765/ea70b98eeb0170ea4e90dfb6ff183a86,English,Corporate,
OPINION : Teacher - turned - Treasurer spotlights service with spuds,https://cdapress.com/news/2026/mar/08/opinion-teacher-turned-treasurer-spotlights-service-with-spuds/,cdapress.com,20260308T113000Z,https://hagadone.media.clients.ellingtoncms.com/img/photos/2025/01/13/Malloy_Chuck_t1200x630.jpg?b488907419a4f4bb2699a58f7dac3d0615975bd7,English,Corporate,
"Dynamic Technology Lab Private Ltd Boosts Position in Motorola Solutions , Inc . $MSI",https://www.dailypolitical.com/2026/03/08/dynamic-technology-lab-private-ltd-boosts-position-in-motorola-solutions-inc-msi.html,dailypolitical.com,20260308T110000Z,,English,Corporate,
"Insider Selling : CeriBell ( NASDAQ : CBLL ) VP Sells $81 , 168 . 00 in Stock",https://www.themarketsdaily.com/2026/03/08/insider-selling-ceribell-nasdaqcbll-vp-sells-81168-00-in-stock.html,themarketsdaily.com,20260308T110000Z,,English,Corporate,
Siniša Mali o strategiji Srbije,https://www.nin.rs/politika/vesti/106406/sinisa-mali-o-strategiji-srbije,nin.rs,20260308T110000Z,https://www.nin.rs/data/images/2026-03-07/104267_tan2026-03-0712155693-3_og.jpg,Serbian,Corporate,
"Sezzle ( NASDAQ : SEZL ) SVP Sells $100 , 217 . 52 in Stock",https://www.themarketsdaily.com/2026/03/08/sezzle-nasdaqsezl-svp-sells-100217-52-in-stock.html,themarketsdaily.com,20260308T110000Z,,English,Corporate,
Procter & Gamble Company ( The ) $PG Shares Sold by CreativeOne Wealth LLC,https://www.themarketsdaily.com/2026/03/08/procter-gamble-company-the-pg-shares-sold-by-creativeone-wealth-llc.html,themarketsdaily.com,20260308T110000Z,,English,Corporate,
US Air Carriers Lean towards Premium Passengers,https://www.tourism-review.com/us-air-carriers-move-away-from-low-cost-services-news15347,tourism-review.com,20260308T110000Z,https://www.tourism-review.com/temp/aktualita-detail-facebook_tmb_15347.jpg,English,Corporate,
"Insider Selling : Sezzle ( NASDAQ : SEZL ) CFO Sells $88 , 511 . 20 in Stock",https://www.themarketsdaily.com/2026/03/08/insider-selling-sezzle-nasdaqsezl-cfo-sells-88511-20-in-stock.html,themarketsdaily.com,20260308T110000Z,,English,Corporate,
Globe Life Inc . ( NYSE : GL ) Receives Consensus Recommendation of  Moderate Buy  from Analysts,https://www.dailypolitical.com/2026/03/08/globe-life-inc-nysegl-receives-consensus-recommendation-of-moderate-buy-from-analysts.html,dailypolitical.com,20260308T110000Z,,English,Corporate,
Broadcom Inc . $AVGO Shares Sold by CreativeOne Wealth LLC,https://www.themarketsdaily.com/2026/03/08/broadcom-inc-avgo-shares-sold-by-creativeone-wealth-llc.html,themarketsdaily.com,20260308T110000Z,,English,Corporate,
Dimensional Fund Advisors LP Has $231 . 59 Million Stake in ResMed Inc . $RMD,https://www.tickerreport.com/banking-finance/13371432/dimensional-fund-advisors-lp-has-231-59-million-stake-in-resmed-inc-rmd.html,tickerreport.com,20260308T103000Z,,English,Corporate,
"Matthew Kapusta Sells 14 , 581 Shares of uniQure ( NASDAQ : QURE ) Stock",https://www.tickerreport.com/banking-finance/13371441/matthew-kapusta-sells-14581-shares-of-uniqure-nasdaqqure-stock.html,tickerreport.com,20260308T103000Z,,English,Corporate,
"Jim Cramer Talked About 11 Stocks : Uber , Robinhood , and More",https://www.insidermonkey.com/blog/jim-cramer-talked-about-11-stocks-uber-robinhood-and-more-1711355/,insidermonkey.com,20260308T103000Z,https://d2gr5kl7dt2z3t.cloudfront.net/blog/wp-content/uploads/2026/01/21032227/Jim-Cramer_IM.png,English,Corporate,
"Dimensional Fund Advisors LP Sells 60 , 918 Shares of United Therapeutics Corporation $UTHR",https://www.tickerreport.com/banking-finance/13371431/dimensional-fund-advisors-lp-sells-60918-shares-of-united-therapeutics-corporation-uthr.html,tickerreport.com,20260308T103000Z,,English,Corporate,
TransMedics Stock Is Up 104 % Over the Last Year : Is It Too Late to Buy for 2026 ? ,https://www.fool.com/investing/2026/03/08/transmedics-stock-is-up-104-over-the-last-year-is/?source=iedfolrf0000001,fool.com,20260308T103000Z,https://g.foolcdn.com/editorial/images/851948/tmdx.png,English,Corporate,
Joka neljäs startup - johtaja vuonna 2022 oli nainen,https://www.ess.fi/uutissuomalainen/9283029,ess.fi,20260308T103000Z,https://i.media.fi/incoming/t7w4vx/11333302.jpg/alternates/OG_IMAGE_ESS/11333302.jpg,Finnish,Corporate,
Heritage Insurance ( HRTG ) to Release Earnings on Monday,https://www.themarketsdaily.com/2026/03/08/heritage-insurance-hrtg-to-release-earnings-on-monday.html,themarketsdaily.com,20260308T090000Z,,English,Corporate,
Marvell Technology ( MRVL ) Rockets 18 % on Billion - Dollar Profitability,https://finance.yahoo.com/news/marvell-technology-mrvl-rockets-18-063326248.html,finance.yahoo.com,20260308T090000Z,https://s.yimg.com/os/en/insidermonkey.com/43917edb31df272060fd1d60c8d12ae3,English,Corporate,
Lyell Immunopharma ( LYEL ) to Release Earnings on Tuesday,https://www.dailypolitical.com/2026/03/07/lyell-immunopharma-lyel-to-release-earnings-on-tuesday.html,dailypolitical.com,20260308T084500Z,,English,Corporate,
"Rivian Automotive , Inc . ( NASDAQ : RIVN ) Receives $17 . 86 Average PT from Analysts",https://www.dailypolitical.com/2026/03/07/rivian-automotive-inc-nasdaqrivn-receives-17-86-average-pt-from-analysts.html,dailypolitical.com,20260308T084500Z,,English,Corporate,
Weatherford International ( NASDAQ : WFRD ) Upgraded by Wall Street Zen to Strong - Buy Rating,https://www.defenseworld.net/2026/03/08/weatherford-international-nasdaqwfrd-upgraded-by-wall-street-zen-to-strong-buy-rating.html,defenseworld.net,20260308T080000Z,,English,Corporate,
London - listed Howden Joinery expansion plans could pose challenges for homegrown Chadwicks and Woodie ,https://www.independent.ie/business/irish/london-listed-howden-joinery-expansion-plans-could-pose-challenges-for-homegrown-chadwicks-and-woodies/a1706335937.html,independent.ie,20260308T073000Z,https://focus.independent.ie/thumbor/1NjcpCZv66KUmxY_w-t3pp6pIiQ=/29x0:626x398/597x0/prod-mh-ireland/22dbbf8a-136f-4edf-b2d0-063d7da4a437/43aed3fe-4c63-4c6c-99b2-5f276ae13c6d/22dbbf8a-136f-4edf-b2d0-063d7da4a437.jpg,English,Corporate,
"MU , LRCX , AMAT , GEV All Added to the S & P 100 As AI Stocks Gain Influence",https://finance.yahoo.com/news/mu-lrcx-amat-gev-added-230550914.html,finance.yahoo.com,20260308T073000Z,https://s.yimg.com/ny/api/res/1.2/OxEdm_qatEFAbQbGTI4IAg--/YXBwaWQ9aGlnaGxhbmRlcjt3PTEyMDA7aD04MDA-/https://media.zenfs.com/en/24_7_wall_st__718/4ff9a8518e287970095312bc786733c8,English,Corporate,
"HAL , BEL , BDL , Zen Technologies to GRSE : Is defence the new IT for the Indian stock market ? ",https://www.livemint.com/market/stock-market-news/hal-bel-bdl-zen-technologies-to-grse-is-defence-the-new-it-for-the-indian-stock-market-11772938435253.html,livemint.com,20260308T070000Z,,English,Corporate,
"Lumentum , Coherent , and Vertiv Added to the S & P 500 As AI Stocks Dominate Rebalancing",https://finance.yahoo.com/news/lumentum-coherent-vertiv-added-p-225126453.html,finance.yahoo.com,20260308T070000Z,https://s.yimg.com/ny/api/res/1.2/HROU50k7JYaUcg6jtGCC.w--/YXBwaWQ9aGlnaGxhbmRlcjt3PTEyMDA7aD04NDA-/https://media.zenfs.com/en/24_7_wall_st__718/456dd010972b49c2bfde42d94792267c,English,Corporate,
"9 Stocks on Jim Cramer Game Plan : Oracle , AeroVironment , and More",https://www.insidermonkey.com/blog/9-stocks-on-jim-cramers-game-plan-oracle-aerovironment-and-more-1711452/,insidermonkey.com,20260308T070000Z,https://d2gr5kl7dt2z3t.cloudfront.net/blog/wp-content/uploads/2026/01/21032227/Jim-Cramer_IM.png,English,Corporate,
Burlington Stores Q4 Earnings Call Highlights,https://www.themarketsdaily.com/2026/03/08/burlington-stores-q4-earnings-call-highlights.html,themarketsdaily.com,20260308T064500Z,,English,Corporate,
Critical Review : Voyager Technologies ( NYSE : VOYG ) versus YSS ( NYSE : YSS ) ,https://www.themarketsdaily.com/2026/03/08/critical-review-voyager-technologies-nysevoyg-versus-yss-nyseyss.html,themarketsdaily.com,20260308T064500Z,,English,Corporate,
Grove Collaborative Q4 Earnings Call Highlights,https://www.themarketsdaily.com/2026/03/08/grove-collaborative-q4-earnings-call-highlights.html,themarketsdaily.com,20260308T064500Z,,English,Corporate,
Eksportvirksomhed i Rønne fastholder indtjening over 15 mio . kr .: Stabil bundlinje hos Hasle Refractories » Bornholm . nu,https://bornholm.nu/?Id=136285,bornholm.nu,20260308T063000Z,https://bornholm.nu/nonsec/npix/2026/3/2_20263721616.jpg,Danish,Corporate,
Weekly review - Sharecast . com,https://www.sharecast.com/news/weekly-review/weekly-review--21957456.html,sharecast.com,20260308T053000Z,,English,Corporate,
The Top 5 AI Stocks to Buy in March,https://finance.yahoo.com/news/top-5-ai-stocks-buy-211739725.html,finance.yahoo.com,20260308T050000Z,https://s.yimg.com/ny/api/res/1.2/.q7fPO8CVDUVmO.E.fzYcQ--/YXBwaWQ9aGlnaGxhbmRlcjt3PTEyMDA7aD02NzU-/https://media.zenfs.com/en/24_7_wall_st__718/d11d87bfb3bbfa82559018f89475dee9,English,Corporate,
10 Stocks Investors Are Watching Closely This Week,https://www.insidermonkey.com/blog/10-stocks-investors-are-watching-closely-this-week-1711585/,insidermonkey.com,20260308T034500Z,https://d2gr5kl7dt2z3t.cloudfront.net/blog/wp-content/uploads/2025/01/12054355/pexels-67117688-10921438.jpg,English,Corporate,
How IPG Photonics Stock Gained 42 % Last Month,https://finance.yahoo.com/news/ipg-photonics-stock-gained-42-203302319.html,finance.yahoo.com,20260308T031500Z,https://s.yimg.com/ny/api/res/1.2/wQnISEwgk68GkLFtVLCFsQ--/YXBwaWQ9aGlnaGxhbmRlcjt3PTEyMDA7aD04MTY-/https://media.zenfs.com/en/motleyfool.com/94ef75559bd05bc9246502b7af66b536,English,Corporate,
Jim Cramer Call on Marvell :  $1 Billion More in Sales Than Anyone Thought  ,https://finance.yahoo.com/news/jim-cramer-call-marvell-1-201203017.html,finance.yahoo.com,20260308T030000Z,https://s.yimg.com/ny/api/res/1.2/WYhJaQpOe3a36cpX_7mJsg--/YXBwaWQ9aGlnaGxhbmRlcjt3PTEyMDA7aD02NzA-/https://media.zenfs.com/en/24_7_wall_st__718/23acad3f6524c50cbf6a02085a8ac885,English,Corporate,
"GEXIM identifies high - impact sectors to drive industrialisation , boost export trade",http://businessghana.com/site/news/general/344647/GEXIM-identifies-high-impact-sectors,businessghana.com,20260308T030000Z,http://businessghana.com/cms/img/news/2026-03-05-153842003.jpg,English,Corporate,
"Airbus results : Commercial aircraft environment robust , backlog underpins ramp - up plans",https://eturbonews.com/airbus-results-commercial-aircraft-environment-robust-backlog-underpins-ramp-up-plans/,eturbonews.com,20260308T030000Z,https://eturbonews.com/wp-admin/admin-ajax.php?action=rank_math_overlay_thumb&id=228510&type=eturbonews&hash=6c2d22b154f003b55f03a3c2e9413ff2,English,Corporate,
In charts : The final report card of Buffett era and Greg Abel challenges,https://www.livemint.com/companies/news/warren-buffett-final-report-card-greg-abel-challenges-berkshire-hathaway-11772804453762.html,livemint.com,20260308T024500Z,https://www.livemint.com/lm-img/img/2026/03/06/600x338/BERKSHIRE-BUFFETT-ABEL-CAREER-1_1772809192089_1772809203530.JPG,English,Corporate,
Media Mogul Byron Allen Acquires Major Stake in Starz For $25M,https://www.blackenterprise.com/byron-allen-acquires-stake-starz-25m/,blackenterprise.com,20260308T024500Z,https://blackenterprise-prod.b-cdn.net/wp-content/blogs.dir/1/files/2023/11/GettyImages-1731166581.jpg,English,Corporate,
What Next for Fonterra After the Mainland Sale,https://www.dairyreporter.com/Article/2026/03/07/whats-next-for-fonterra-after-the-mainland-sale/,dairyreporter.com,20260308T024500Z,https://www.dairyreporter.com/resizer/v2/3H277HUYGBGWRNYEV5FRPK4C24.jpg?auth=46fcf7a4ee21d5a34844c1164c05bdfb2d2b9cf19026b320d30ef9dd0fbcb24a&smart=true,English,Corporate,
Buybacks and director filings surge following heavy earnings season,https://www.businesstimes.com.sg/companies-markets/buybacks-and-director-filings-surge-following-heavy-earnings-season,businesstimes.com.sg,20260308T024500Z,https://cassette.sphdigital.com.sg/image/businesstimes/36f5a7a211ab56243634ec91ac24d4b49c37dc6203d0d384268cbfd8843c1287?&f=webp,English,Corporate,
PJM Market Monitor Opposes Maryland Coal Plant Sale To Data Center Company,https://www.zerohedge.com/energy/pjm-market-monitor-opposes-maryland-coal-plant-sale-data-center-company,zerohedge.com,20260308T023000Z,https://assets.zerohedge.com/s3fs-public/styles/16_9_max_700/public/2026-03/GenOn%20plant.jpg?itok=tT6wati1,English,Corporate,
Information Services Group Q4 Earnings Call Highlights,https://finance.yahoo.com/news/information-services-group-q4-earnings-190840125.html,finance.yahoo.com,20260308T020000Z,https://s.yimg.com/os/en/marketbeat_955/b03a709c71c3b905110684804cc6f386,English,Corporate,
Here My Top 2 Dividend Stocks to Buy in March,https://www.fool.com/investing/2026/03/07/heres-my-top-2-dividend-stocks-to-buy-in-march/?source=iedfolrf0000001,fool.com,20260308T020000Z,https://g.foolcdn.com/editorial/images/859844/top-dividend-stock-ideas-for-march.jpg,English,Corporate,
Information Services Group Inc ( III ) Q4 2025 Earnings Call Highlights : Strong Revenue Growth ... ,https://finance.yahoo.com/news/information-services-group-inc-iii-010038348.html,finance.yahoo.com,20260308T013000Z,,English,Corporate,
Alpargatas SA ( BSP : ALPA3 ) Q4 2025 Earnings Call Highlights : Strategic Growth and Operational ... ,https://finance.yahoo.com/news/alpargatas-sa-bsp-alpa3-q4-010018543.html,finance.yahoo.com,20260308T013000Z,,English,Corporate,
The soul - searching decision to take SCE compensation for Eaton fire,https://www.mercurynews.com/2026/03/07/we-stepped-out-on-faith-for-eaton-fire-survivors-the-soul-searching-decision-to-take-sces-compensation-money/,mercurynews.com,20260308T000000Z,https://www.mercurynews.com/wp-content/uploads/2026/03/PAS-L-PYBURN-COMPENSATION-0307-03.jpg,English,Corporate,
Why does a German media giant want to own The Telegraph ? ,https://www.thetimes.com/business/companies-markets/article/why-axel-springer-buying-telegraph-sold-dmqj58csn,thetimes.com,20260307T231500Z,https://www.thetimes.com/imageserver/image/1a6a47fb-63cb-4f80-bdde-14a716cd151e.jpg?strip=all&format=webp&crop=5184px%2C2916px%2C0px%2C270px,English,Corporate,
Media Mogul Byron Allen Acquires Major Stake In Starz For $25M,https://finance.yahoo.com/news/media-mogul-byron-allen-acquires-220000422.html,finance.yahoo.com,20260307T231500Z,https://s.yimg.com/os/en/black_enterprise_497/910bd6000aad2b9ec9c56d0e8658b963,English,Corporate,
"Obasogie Cleared Of Match - fixing , Gambling Allegation In Tanzania",https://dailytrust.com/obasogie-cleared-of-match-fixing-gambling-allegation-in-tanzania/,dailytrust.com,20260307T230000Z,https://dailytrust.com/wp-content/uploads/2026/02/Obasogie.jpg,English,Corporate,
"Beyond Meat rebrands , dropping meat from their name",https://www.reviewjournal.com/news/beyond-meat-rebrands-citing-misinformation-campaign-3716419/,reviewjournal.com,20260307T224500Z,https://www.reviewjournal.com/wp-content/uploads/2026/03/21458679_web1_beyond-meat-beef-jerky.jpg,English,Corporate,
3 Dividend Stocks With Monster Yields Are Already Up 50 % in 2026,https://finance.yahoo.com/news/3-dividend-stocks-monster-yields-203647985.html,finance.yahoo.com,20260307T213000Z,https://s.yimg.com/ny/api/res/1.2/y4g9t5Bhve3AntAR7AuK0w--/YXBwaWQ9aGlnaGxhbmRlcjt3PTEyMDA7aD02NzU-/https://media.zenfs.com/en/24_7_wall_st__718/c551e61441715a4efb7076f735abcf5d,English,Corporate,
Could Plug Power Stock Be a 10x Investment and Eventually a Cash - Flowing Income Play ? ,https://www.fool.com/investing/2026/03/07/could-plug-power-stock-be-10x-investment-income/?source=iedfolrf0000001,fool.com,20260307T213000Z,https://g.foolcdn.com/editorial/images/850488/gettyimages-1686497935-copy.jpg,English,Corporate,
Prediction : This Will Be Alphabet Stock Price in 5 Years,https://www.fool.com/investing/2026/03/07/prediction-this-will-be-alphabets-stock-price-in-5/?source=iedfolrf0000001,fool.com,20260307T213000Z,https://g.foolcdn.com/editorial/images/859835/alphabet-stock-goog-googl.png,English,Corporate,
"Paramount Gets Warner Bros . Discovery , but Netflix Comes Out a Winner",https://www.fool.com/investing/2026/03/07/paramount-gets-warner-bros-discovery-but-netflix-c/?source=iedfolrf0000001,fool.com,20260307T213000Z,https://g.foolcdn.com/editorial/images/858708/paramount-gets-warner-bros-discovery-but-netflix-comes-out-a-winner.jpg,English,Corporate,
"What happened in the rail industry this week ? March 6 , 2026",https://www.trains.com/pro/freight/class-i/what-happened-in-the-rail-industry-this-week-march-6-2026/,trains.com,20260307T204500Z,https://www.trains.com/wp-content/uploads/2026/02/TRN_Hudson_Tunnel_portals.jpeg,English,Corporate,
Marvell Technology ( NASDAQ : MRVL ) Rating Increased to Buy at Bank of America,https://www.themarketsdaily.com/2026/03/07/marvell-technology-nasdaqmrvl-rating-increased-to-buy-at-bank-of-america.html,themarketsdaily.com,20260307T204500Z,,English,Corporate,
Mark Zuckerberg Visited A Temple In India On Steve Job Advice Here What It Taught Him About People And Business,https://www.benzinga.com/markets/tech/26/03/51116102/mark-zuckerberg-visited-a-temple-in-india-on-steve-jobs-advice-heres-what-it-taught-him-about-people-and-business,benzinga.com,20260307T201500Z,https://cdn.benzinga.com/files/images/story/2026/03/07/Mark-Zuckerberg-Speaks-At-Georgetown-Uni.jpeg?&fit=crop,English,Corporate,
4 Berkshire Hathaway Stocks That New CEO Greg Abel  Expect Will Compound Over Decades  ,https://www.fool.com/investing/2026/03/07/berkshire-hathaway-stocks-new-ceo-greg-abel-letter/,fool.com,20260307T200000Z,https://g.foolcdn.com/editorial/images/858563/aapl-getty.png,English,Corporate,
Peter Thiel warned AI is coming for  math people before word people . Banks see smaller payrolls,https://fortune.com/2026/03/07/peter-thiel-ai-math-vs-word-skills-banks-smaller-headcounts/,fortune.com,20260307T200000Z,https://fortune.com/img-assets/wp-content/uploads/2026/03/GettyImages-2152107411-e1772901085361.jpg,English,Corporate,
Oppenheimer Issues Positive Forecast for Caterpillar ( NYSE : CAT ) Stock Price,https://www.themarketsdaily.com/2026/03/07/oppenheimer-issues-positive-forecast-for-caterpillar-nysecat-stock-price.html,themarketsdaily.com,20260307T191500Z,,English,Corporate,
JPMorgan Chase & Co . ( NYSE : JPM ) Price Target Raised to $290 . 00,https://www.tickerreport.com/banking-finance/13371249/jpmorgan-chase-co-nysejpm-price-target-raised-to-290-00.html,tickerreport.com,20260307T191500Z,,English,Corporate,
Latest Articles,https://freerepublic.com/tag/*/index?more=4369711,freerepublic.com,20260307T191500Z,,English,Corporate,
"Before Retiring , Warren Buffett Dumped $4 . 5 Billion Worth of 2 AI Stocks and Established a New Position in This 174 - Year - Old Company",https://finance.yahoo.com/news/retiring-warren-buffett-dumped-4-183500067.html,finance.yahoo.com,20260307T191500Z,https://s.yimg.com/ny/api/res/1.2/T3DVHJnnk.o.1nvEFEC0hw--/YXBwaWQ9aGlnaGxhbmRlcjt3PTEyMDA7aD04MDA-/https://media.zenfs.com/en/motleyfool.com/98a8f9ff7a895bd234fe5c96b356b25d,English,Corporate,
Polymarket Founder Says War Bets Are Facing Growing Resistance,https://finance.yahoo.com/news/polymarket-founder-says-war-bets-174021853.html,finance.yahoo.com,20260307T190000Z,https://s.yimg.com/ny/api/res/1.2/YcWHqeHkxqZVqUrv8YQ3yQ--/YXBwaWQ9aGlnaGxhbmRlcjt3PTEyMDA7aD04MDA-/https://media.zenfs.com/en/bloomberg_holding_pen_162/d3caa273cfc29425dc61b856fdb2cf41,English,Corporate,
Marvell Technology ( NASDAQ : MRVL ) Price Target Raised to $118 . 00 at Citigroup,https://www.dailypolitical.com/2026/03/07/marvell-technology-nasdaqmrvl-price-target-raised-to-118-00-at-citigroup.html,dailypolitical.com,20260307T190000Z,,English,Corporate,
"  We stepped out on faith : For Eaton fire survivors , the soul - searching decision to take SCE compensation money – Press Telegram",https://www.presstelegram.com/2026/03/07/we-stepped-out-on-faith-for-eaton-fire-survivors-the-soul-searching-decision-to-take-sces-compensation-money/,presstelegram.com,20260307T190000Z,https://www.presstelegram.com/wp-content/uploads/2026/03/PAS-L-PYBURN-COMPENSATION-0307-03.jpg,English,Corporate,
Sanford C . Bernstein Reiterates  Buy  Rating for NIKE ( NYSE : NKE ) ,https://www.dailypolitical.com/2026/03/07/sanford-c-bernstein-reiterates-buy-rating-for-nike-nysenke.html,dailypolitical.com,20260307T183000Z,,English,Corporate,
BTIG Research Issues Positive Forecast for Guidewire Software ( NYSE : GWRE ) Stock Price,https://www.dailypolitical.com/2026/03/07/btig-research-issues-positive-forecast-for-guidewire-software-nysegwre-stock-price.html,dailypolitical.com,20260307T183000Z,,English,Corporate,
Popular fast food chain warns of more closures in 2026,https://finance.yahoo.com/news/popular-fast-food-chain-warns-174700996.html,finance.yahoo.com,20260307T183000Z,https://s.yimg.com/os/en/thestreet_881/8cb7545554c27db10940eb9bd64f66a9,English,Corporate,
Pomerantz LLP Announces Commencement of Class Action Litigation Against ... ,https://www.pr-inside.com/pomerantz-llp-announces-commencement-of-class-action-litigation-against-r5172343.htm,pr-inside.com,20260307T183000Z,,English,Corporate,
"  We stepped out on faith : For Eaton fire survivors , the soul - searching decision to take SCE compensation money – San Gabriel Valley Tribune",https://www.sgvtribune.com/2026/03/07/we-stepped-out-on-faith-for-eaton-fire-survivors-the-soul-searching-decision-to-take-sces-compensation-money/,sgvtribune.com,20260307T181500Z,https://www.sgvtribune.com/wp-content/uploads/2026/03/PAS-L-PYBURN-COMPENSATION-0307-03.jpg,English,Corporate,
"irb infrastructure share could rally promoter buying check target price is below 70 rs ₹69 तक जा सकता है यह इंफ्रा शेयर , तीन साल में कर्ज फ्री होने का है प्लान , Business Hindi News",https://www.livehindustan.com/business/irb-infrastructure-share-could-rally-promoter-buying-check-target-price-is-below-70-rs-201772896926997.html,livehindustan.com,20260307T180000Z,,Hindi,Corporate,
Ciena ( NYSE : CIEN ) Given New $283 . 00 Price Target at B . Riley Financial,https://www.tickerreport.com/banking-finance/13371222/ciena-nysecien-given-new-283-00-price-target-at-b-riley-financial.html,tickerreport.com,20260307T180000Z,,English,Corporate,
The Trade Desk vs . AppLovin : Which AI - Powered Adtech Stock Is the Better Buy ? ,https://www.fool.com/investing/2026/03/07/trade-desk-applovin-ai-powered-adtech-stock-buy/?source=iedfolrf0000001,fool.com,20260307T180000Z,https://g.foolcdn.com/editorial/images/858939/gettyimages-bull-bear-phone-buy-sell-stock-chart.jpg,English,Corporate,
Glj Research Begins Coverage on Solaris Energy Infrastructure ( NYSE : SEI ) ,https://www.dailypolitical.com/2026/03/07/glj-research-begins-coverage-on-solaris-energy-infrastructure-nysesei.html,dailypolitical.com,20260307T180000Z,,English,Corporate,
JPMorgan Chase & Co . Issues Positive Forecast for Marvell Technology ( NASDAQ : MRVL ) Stock Price,https://www.dailypolitical.com/2026/03/07/jpmorgan-chase-co-issues-positive-forecast-for-marvell-technology-nasdaqmrvl-stock-price.html,dailypolitical.com,20260307T180000Z,,English,Corporate,
This Glorious Growth Stock Is Down 60 %. Here Why You Should Buy It Hand Over Fist . ,https://www.fool.com/investing/2026/03/07/this-glorious-growth-stock-is-down-60-heres-why-yo/?source=iedfolrf0000001,fool.com,20260307T180000Z,https://g.foolcdn.com/editorial/images/859120/clock-time-to-buy.jpg,English,Corporate,
Adobe ( NASDAQ : ADBE ) Price Target Cut to $315 . 00 by Analysts at Citigroup,https://www.tickerreport.com/banking-finance/13371200/adobe-nasdaqadbe-price-target-cut-to-315-00-by-analysts-at-citigroup.html,tickerreport.com,20260307T173000Z,,English,Corporate,
"Schrodinger ( NASDAQ : SDGR ) Insider Robert Lorne Abel Sells 1 , 300 Shares",https://www.tickerreport.com/banking-finance/13371184/schrodinger-nasdaqsdgr-insider-robert-lorne-abel-sells-1300-shares.html,tickerreport.com,20260307T164500Z,,English,Corporate,
"Analysts Set Veracyte , Inc . ( NASDAQ : VCYT ) Target Price at $46 . 71",https://www.dailypolitical.com/2026/03/07/analysts-set-veracyte-inc-nasdaqvcyt-target-price-at-46-71.html,dailypolitical.com,20260307T164500Z,,English,Corporate,
"Nuveen Churchill Direct Lending ( NYSE : NCDL ) Director Mat Linett Acquires 2 , 000 Shares",https://www.tickerreport.com/banking-finance/13371181/nuveen-churchill-direct-lending-nysencdl-director-mat-linett-acquires-2000-shares.html,tickerreport.com,20260307T164500Z,,English,Corporate,
Nutex Health Q4 Earnings Call Highlights,https://www.dailypolitical.com/2026/03/07/nutex-health-q4-earnings-call-highlights.html,dailypolitical.com,20260307T163000Z,,English,Corporate,
"E . W . Scripps ( NASDAQ : SSP ) Major Shareholder Elizabeth Scripps Purchases 2 , 324 Shares of Stock",https://www.dailypolitical.com/2026/03/07/e-w-scripps-nasdaqssp-major-shareholder-elizabeth-scripps-purchases-2324-shares-of-stock.html,dailypolitical.com,20260307T163000Z,,English,Corporate,
Paramount says its Warner Bros . deal can work without big layoffs . Hollywood isnt buying it . ,https://www.morningstar.com/news/marketwatch/20260307165/paramount-says-its-warner-bros-deal-can-work-without-big-layoffs-hollywood-isnt-buying-it,morningstar.com,20260307T163000Z,https://images.contentstack.io/v3/assets/blt4eb669caa7dc65b2/blta7dd42ebdd7b93b8/61899b34a3c7df383578294c/morningstar-og.png,English,Corporate,
"E . W . Scripps ( NASDAQ : SSP ) Major Shareholder Corina Granado Acquires 60 , 266 Shares of Stock",https://www.tickerreport.com/banking-finance/13371160/e-w-scripps-nasdaqssp-major-shareholder-corina-granado-acquires-60266-shares-of-stock.html,tickerreport.com,20260307T163000Z,,English,Corporate,
Netflix ( NASDAQ : NFLX ) Given New $125 . 00 Price Target at Bank of America,https://www.tickerreport.com/banking-finance/13371171/netflix-nasdaqnflx-given-new-125-00-price-target-at-bank-of-america.html,tickerreport.com,20260307T163000Z,,English,Corporate,
Netflix ( NASDAQ : NFLX ) Upgraded to Buy at Cfra,https://www.dailypolitical.com/2026/03/07/netflix-nasdaqnflx-upgraded-to-buy-at-cfra.html,dailypolitical.com,20260307T163000Z,,English,Corporate,
Bowman Consulting Group ( NASDAQ : BWMN ) Price Target Cut to $37 . 00 by Analysts at Robert W . Baird,https://www.tickerreport.com/banking-finance/13371158/bowman-consulting-group-nasdaqbwmn-price-target-cut-to-37-00-by-analysts-at-robert-w-baird.html,tickerreport.com,20260307T163000Z,,English,Corporate,
"Could Tesla Stock Be Worth $2 , 000 in 2030 ? ",https://finance.yahoo.com/news/could-tesla-stock-worth-2-150500687.html,finance.yahoo.com,20260307T154500Z,https://s.yimg.com/ny/api/res/1.2/WMknMppweklOGrA8stygkg--/YXBwaWQ9aGlnaGxhbmRlcjt3PTEyMDA7aD04MDA-/https://media.zenfs.com/en/motleyfool.com/a6baa9d34151af831972f49dabd3cc51,English,Corporate,
UBS Group Has Lowered Expectations for Okta ( NASDAQ : OKTA ) Stock Price,https://www.dailypolitical.com/2026/03/07/ubs-group-has-lowered-expectations-for-okta-nasdaqokta-stock-price.html,dailypolitical.com,20260307T151500Z,,English,Corporate,
Palantir Technologies Stock Climbs 3 % to $157 Amid Geopolitical Tensions and Strong AI Demand,https://www.ibtimes.com.au/palantir-technologies-stock-climbs-3-157-amid-geopolitical-tensions-strong-ai-demand-1862944,ibtimes.com.au,20260307T150000Z,https://d.ibtimes.com.au/en/full/1881818/palantir-co-founder-ceo-alex-karp-speaks-during-hill-valley-forumin-washington-dc.jpg,English,Corporate,
  Veštačka inteligencija dovodi do otpuštanja radnika i slabi javne finansije : Kakvi su planovi Srbije u ovoj oblasti do 2035 . godine ? - Ekonomija,https://www.danas.rs/vesti/ekonomija/vestacka-inteligencija-dovodi-do-otpustanja-radnika-kakvi-su-planovi-srbije-u-ovoj-oblasti-do-2035-godine/,danas.rs,20260307T140000Z,https://www.danas.rs/wp-content/uploads/2025/12/shutterstock_2653134243-e1766759977966.jpg,Serbian,Corporate,
"Integrity Advisory Solutions LLC Invests $482 , 000 in Alphabet Inc . $GOOG",https://www.themarketsdaily.com/2026/03/07/integrity-advisory-solutions-llc-invests-482000-in-alphabet-inc-goog.html,themarketsdaily.com,20260307T134500Z,,English,Corporate,
"Kenneth Miranda Purchases 3 , 000 Shares of Nuveen Churchill Direct Lending ( NYSE : NCDL ) Stock",https://www.themarketsdaily.com/2026/03/07/kenneth-miranda-purchases-3000-shares-of-nuveen-churchill-direct-lending-nysencdl-stock.html,themarketsdaily.com,20260307T134500Z,,English,Corporate,
Deadline,https://deadline.com/print-article/1236744715/,deadline.com,20260307T121500Z,https://s0.wp.com/_si/?t=eyJpbWciOiJodHRwczpcL1wvZGVhZGxpbmUuY29tXC93cC1jb250ZW50XC91cGxvYWRzXC8yMDE5XC8wNFwvY3JvcHBlZC1pY29uLTUxMng1MTIucG5nIiwidHh0IjoiRGVhZGxpbmUiLCJ0ZW1wbGF0ZSI6ImVkZ2UiLCJmb250IjoiIiwiYmxvZ19pZCI6MTc5MjkwMTQ5fQ.IHL7P_bYC7Sr4W2XvHh7kLwSO5arBq8LoHSjTj-l-uAMQ,English,Corporate,
"Wall Street Isnt Quite Getting the Market Hottest Trade , Josh Brown Says",https://www.businessinsider.com/stock-market-rotation-halo-trade-wall-street-tech-energy-ai-2026-3,businessinsider.com,20260307T121500Z,https://i.insider.com/69ab234dfd4fbd083f29ae9a?&format=jpeg,English,Corporate,
Top 3 Health Care Stocks That Could Lead To Your Biggest Gains In Q1,https://finance.yahoo.com/news/top-3-health-care-stocks-114602929.html,finance.yahoo.com,20260307T121500Z,https://s.yimg.com/os/en/Benzinga/ae3bc57522f1a5a5b1db7b0fb5670bf9,English,Corporate,
Social Security Benefits Predicted to Run Out Earlier Than Expected : Report,https://www.newsweek.com/social-security-benefits-predicted-to-run-out-earlier-than-expected-report-11637675,newsweek.com,20260307T121500Z,https://assets.newsweek.com/wp-content/uploads/2026/03/GettyImages-2159351757.jpg?crop=1,English,Corporate,
"Terry Smith , the  English Warren Buffett , Says This Trend Is Pushing the Stock Market Toward  a Major Investment Disaster  ",https://www.fool.com/investing/2026/03/07/terry-smith-english-warren-buffett-trend-market/,fool.com,20260307T121500Z,https://g.foolcdn.com/editorial/images/858137/gettyimages-dollar-plane-crash-newspaper.jpg,English,Corporate,
Worlds of Fun in Kansas City to be sold as part of $342 million multipark deal,https://www.kcur.org/housing-development-section/2026-03-07/worlds-of-fun-in-kansas-city-to-be-sold-as-part-of-342-million-multipark-deal,kcur.org,20260307T120000Z,http://npr-brightspot.s3.amazonaws.com/55/66/26d84993410cba1beee558f0d9f0/1000021279-1.jpg,English,Corporate,
Ginny and Georgia season 4 gets the big update weve all been waiting for,https://netflixlife.com/ginny-and-georgia-season-4-gets-big-update-weve-all-been-waiting-for,netflixlife.com,20260307T120000Z,"https://images2.minutemediacdn.com/image/upload/c_crop,x_0,y_80,w_3600,h_2025/c_fill,w_1440,ar_1440:810,f_auto,q_auto,g_auto/images/ImageExchange/mmsport/340/01kk3pcg8ms2z9r3w4fb.jpg",English,Corporate,
"Higher sales , same headcount : How AI is transforming work at Canada biggest companies",https://www.theglobeandmail.com/business/article-ai-artificial-intelligence-canadian-companies-work/,theglobeandmail.com,20260307T120000Z,https://www.theglobeandmail.com/resizer/v2/CVRFHJVF2BEP7PDKDBLZH2WZ6A.jpg?auth=b0b7f724291768ee6ed320e335578a368b0e06915e4e19c8c7c025109f743413&quality=80&smart=true,English,Corporate,
Best 2 Blue Chip Stocks to Buy After Last Week Market Pullback,https://finance.yahoo.com/news/best-2-blue-chip-stocks-111500085.html,finance.yahoo.com,20260307T114500Z,https://s.yimg.com/ny/api/res/1.2/QKiveUh5hmYfyqVCvMo1Vw--/YXBwaWQ9aGlnaGxhbmRlcjt3PTEyMDA7aD04MDA-/https://media.zenfs.com/en/motleyfool.com/c51241d1c295e7499722dbdd490b697f,English,Corporate,
"Orion Porfolio Solutions LLC Acquires 28 , 435 Shares of The Kroger Co . $KR",https://www.dailypolitical.com/2026/03/07/orion-porfolio-solutions-llc-acquires-28435-shares-of-the-kroger-co-kr.html,dailypolitical.com,20260307T114500Z,,English,Corporate,
"Orion Porfolio Solutions LLC Sells 7 , 727 Shares of Thermo Fisher Scientific Inc . $TMO",https://www.dailypolitical.com/2026/03/07/orion-porfolio-solutions-llc-sells-7727-shares-of-thermo-fisher-scientific-inc-tmo.html,dailypolitical.com,20260307T114500Z,,English,Corporate,
Pitcairn Co . Has $1 . 81 Million Position in Chevron Corporation $CVX,https://www.dailypolitical.com/2026/03/07/pitcairn-co-has-1-81-million-position-in-chevron-corporation-cvx.html,dailypolitical.com,20260307T114500Z,,English,Corporate,
ITT Inc . $ITT Shares Sold by Gabelli Funds LLC,https://www.tickerreport.com/banking-finance/13370581/itt-inc-itt-shares-sold-by-gabelli-funds-llc.html,tickerreport.com,20260307T113000Z,,English,Corporate,
Banijay - All3Media - RedBird IMI Analysis : Mixed Moods Over Mega - Merger,https://deadline.com/2026/03/banijay-all3media-redbird-analysis-mixed-moods-over-merger-1236744715/,deadline.com,20260307T113000Z,https://deadline.com/wp-content/uploads/2026/03/Banijay-All3Media_d7b0fb.jpg,English,Corporate,
"Picton Mahoney Asset Management Makes New Investment in Lowe Companies , Inc . $LOW",https://www.tickerreport.com/banking-finance/13370576/picton-mahoney-asset-management-makes-new-investment-in-lowes-companies-inc-low.html,tickerreport.com,20260307T113000Z,,English,Corporate,
"Is Tesla Stock Going to $1 , 000 ? | The Motley Fool",https://www.fool.com/investing/2026/03/07/is-tesla-stock-going-to-1000/?source=iedfolrf0000001,fool.com,20260307T113000Z,https://g.foolcdn.com/editorial/images/858399/two-teslas-parked-near-each-other-outside-with-skyline-in-distant-background.jpg,English,Corporate,
Global economy faces widening strains as West Asia war intensifies,https://www.thehindubusinessline.com/news/world/global-economy-faces-widening-strains-as-west-asia-war-intensifies/article70715498.ece,thehindubusinessline.com,20260307T113000Z,https://bl-i.thgim.com/public/incoming/7j6b1k/article70706498.ece/alternates/LANDSCAPE_1200/PO31_Global_chart.jpg,English,Corporate,
Reshma Kewalramani : Who is Reshma Kewalramani ? Mumbai - born CEO behind a ₹11 lakh crore biotech empire and TIME 2026 Woman of the Year,https://timesofindia.indiatimes.com/etimes/trending/who-is-reshma-kewalramani-mumbai-born-ceo-behind-a-11-lakh-crore-biotech-empire-and-times-2026-woman-of-the-year/articleshow/129206866.cms,timesofindia.indiatimes.com,20260307T111500Z,"https://static.toiimg.com/thumb/msid-129206866,width-1280,height-720,imgsize-55240,resizemode-6,overlay-toi_sw,pt-32,y_pad-600/photo.jpg",English,Corporate,
Online betting apps snoop in India : Nithin Kamath warns about these offshore apps and calls for tougher action against them,https://economictimes.indiatimes.com/wealth/save/online-betting-apps-snoop-in-india-nithin-kamath-warns-about-these-offshore-apps-and-calls-for-tougher-action-against-them/articleshow/129208469.cms,economictimes.indiatimes.com,20260307T110000Z,"https://img.etimg.com/thumb/width-1200,height-900,imgsize-181914,resizemode-75,msid-129208469/wealth/save/online-betting-apps-snoop-in-india-nithin-kamath-warns-about-these-offshore-apps-and-calls-for-tougher-action-against-them.jpg",English,Corporate,
How The KeyCorp ( KEY ) Narrative Is Shifting As Bulls And Bears Reassess Upside Potential,https://finance.yahoo.com/news/keycorp-key-narrative-shifting-bulls-100915797.html,finance.yahoo.com,20260307T104500Z,https://s.yimg.com/os/en/simply_wall_st__316/a192a90509b207df974cc973e0c18172,English,Corporate,
Comparing Voyager Technologies ( NYSE : VOYG ) and YSS ( NYSE : YSS ) ,https://www.dailypolitical.com/2026/03/07/comparing-voyager-technologies-nysevoyg-and-yss-nyseyss.html,dailypolitical.com,20260307T100000Z,,English,Corporate,
Lionsgate Studios Corp . ( LION ) Surges to Two - Year High Amid Strong Franchise Momentum and Library Growth,https://www.ibtimes.com.au/lionsgate-studios-corp-lion-surges-two-year-high-amid-strong-franchise-momentum-library-growth-1862924,ibtimes.com.au,20260307T094500Z,https://d.ibtimes.com.au/en/full/1892163/lionsgate-studios-corp.jpg,English,Corporate,
"Elo Mutual Pension Insurance Co Makes New Investment in Warner Bros . Discovery , Inc . $WBD",https://www.defenseworld.net/2026/03/07/elo-mutual-pension-insurance-co-makes-new-investment-in-warner-bros-discovery-inc-wbd.html,defenseworld.net,20260307T091500Z,,English,Corporate,
A winning blue - chip fund flips the script on the AI trade,https://www.livemint.com/market/stock-market-news/a-winning-blue-chip-fund-flips-the-script-on-the-ai-trade-11772870577790.html,livemint.com,20260307T091500Z,https://www.livemint.com/lm-img/img/2026/03/07/600x338/im-49098522_1772870581893_1772870638406.jpg,English,Corporate,
Park - Ohio Q4 Earnings Call Highlights,https://finance.yahoo.com/news/park-ohio-q4-earnings-call-040559041.html,finance.yahoo.com,20260307T084500Z,https://s.yimg.com/os/en/marketbeat_955/c461db6fd8ed4f8342c6fd308ff4e2f9,English,Corporate,
Grocery Outlets in Pocatello and Idaho Falls to close - LocalNews8 . com,https://localnews8.com/news/2026/03/06/grocery-outlets-in-pocatello-and-idaho-falls-to-close/,localnews8.com,20260307T084500Z,https://localnews8.b-cdn.net/2026/03/1vLJUUdY-Grocery-Outlet.jpg,English,Corporate,
Pattern Group Q4 Earnings Call Highlights,https://finance.yahoo.com/news/pattern-group-q4-earnings-call-040600861.html,finance.yahoo.com,20260307T084500Z,https://s.yimg.com/os/en/marketbeat_955/8e37e274cb103ae91fc1d543fcb03076,English,Corporate,
These Analysts Revise Their Forecasts On Samsara Following Upbeat Q4 Earnings - Samsara ( NYSE : IOT ) ,https://www.benzinga.com/analyst-stock-ratings/price-target/26/03/51115127/these-analysts-revise-their-forecasts-on-samsara-following-upbeat-q4-earnings,benzinga.com,20260307T081500Z,https://cdn.benzinga.com/files/images/story/2026/03/07/Analysts-Debate-Depreciation-Impact.jpeg?&fit=crop,English,Corporate,
DA Davidson Reduces Best Buy ( BBY ) Price Target Following Earnings Review,https://finance.yahoo.com/news/da-davidson-reduces-best-buy-023838245.html,finance.yahoo.com,20260307T073000Z,https://s.yimg.com/ny/api/res/1.2/bKx2hJRiwv0akqH_4JOF9g--/YXBwaWQ9aGlnaGxhbmRlcjt3PTEyMDA7aD02NzM-/https://media.zenfs.com/en/insidermonkey.com/ebde6c05d72bb9c8783f4919bb9152a0,English,Corporate,
JD . com Q4 Earnings Call Highlights,https://finance.yahoo.com/news/jd-com-q4-earnings-call-020750333.html,finance.yahoo.com,20260307T073000Z,https://s.yimg.com/os/en/marketbeat_955/cfcf2d9cb24a597dd0dacc4a625da19f,English,Corporate,
Expedia ( EXPE ) Climbs 13 . 7 % Ahead of Higher Dividend,https://finance.yahoo.com/news/expedia-expe-climbs-13-7-010223744.html,finance.yahoo.com,20260307T073000Z,https://s.yimg.com/os/en/insidermonkey.com/8407882c4db2140d452657822a12ee45,English,Corporate,
Samsara ( IOT ) Climbs 19 . 5 % as Firm Nearing Profitability,https://www.insidermonkey.com/blog/samsara-iot-climbs-19-5-as-firm-nearing-profitability-1711229/,insidermonkey.com,20260307T073000Z,https://d2gr5kl7dt2z3t.cloudfront.net/blog/wp-content/uploads/2026/03/07013729/SF_office.png,English,Corporate,
ImmuCell Q4 Earnings Call Highlights,https://finance.yahoo.com/news/immucell-q4-earnings-call-highlights-020749467.html,finance.yahoo.com,20260307T073000Z,https://s.yimg.com/os/en/marketbeat_955/c1daba321525664e93a02783294fc94e,English,Corporate,
Amprius ( AMPX ) Soars to All - Time High on PT Hike After Earnings Blowout,https://www.insidermonkey.com/blog/amprius-ampx-soars-to-all-time-high-on-pt-hike-after-earnings-blowout-1711221/,insidermonkey.com,20260307T073000Z,https://d2gr5kl7dt2z3t.cloudfront.net/blog/wp-content/uploads/2026/03/05200649/Amprius25470_1920.jpg,English,Corporate,
Forget Lucid and Rivian : This 1 EV Leader Is Still the Monster Long - Term Winner,https://www.fool.com/investing/2026/03/06/forget-lucid-and-rivian-this-1-ev-leader-is-still/,fool.com,20260307T071500Z,https://g.foolcdn.com/editorial/images/848174/two_professionals_discussing_in_a_meeting_with_laptop_placed_before_them.jpg,English,Corporate,
Target Accelerates AI and Digital Transformation to Support Retail Strategy,https://infotechlead.com/cio/target-accelerates-ai-and-digital-transformation-to-support-retail-strategy-94239,infotechlead.com,20260307T070000Z,https://infotechlead.com/wp-content/uploads/2026/03/Target-digital-AI-plans-for-2026.jpg,English,Corporate,
UBS makes bold new call on Nvidia stock,https://finance.yahoo.com/news/ubs-makes-bold-call-nvidia-223300598.html,finance.yahoo.com,20260307T064500Z,https://s.yimg.com/os/en/thestreet_881/8f13ca6cc539c6b0888f48aa04fe8257,English,Corporate,
Motsepe hits back at ANC presidency campaign using his name,https://www.timeslive.co.za/news/business/2026-03-07-motsepe-hits-back-at-anc-presidency-campaign-using-his-name/,timeslive.co.za,20260307T053000Z,https://www.timeslive.co.za/resizer/v2/ZQGDDPF2KVO2FKGFHUXQME34RM.jpg?smart=true&auth=593518fea902df6925fd1d962dbc032a85685e8d52e5470d2fb6f7c1577870fc,English,Corporate,
Baystreet . ca - Futures Rise on Mideast Crisis,http://baystreet.ca/articles/marketupdates/119003/Futures-Rise-on-Mideast-Crisis,baystreet.ca,20260307T051500Z,http://baystreet.ca/images/articlegroups/original/4/marketupdate2.jpg,English,Corporate,
"Nifty bulls foot Rs 19 lakh crore bill for Iran war , Sensex down 3 , 300 points in 5 days . Bear market coming ? ",https://economictimes.indiatimes.com/markets/stocks/news/nifty-bulls-foot-rs-19-lakh-crore-bill-for-iran-war-sensex-down-3300-points-in-5-days-bear-market-coming/articleshow/129194470.cms,economictimes.indiatimes.com,20260307T051500Z,"https://img.etimg.com/thumb/msid-129194445,width-1200,height-630,imgsize-111278,overlay-etmarkets/articleshow.jpg",English,Corporate,
13 Most Profitable Growth Stocks to Buy Right Now,https://www.insidermonkey.com/blog/13-most-profitable-growth-stocks-to-buy-right-now-1709934/,insidermonkey.com,20260307T044500Z,https://d2gr5kl7dt2z3t.cloudfront.net/blog/wp-content/uploads/2023/09/20101315/AVGO-insidermonkey-1695219193323.jpg,English,Corporate,
"Down 15 % in 2026 , Should You Buy the Dip in Microsoft Stock ? ",https://finance.yahoo.com/news/down-15-2026-buy-dip-214247085.html,finance.yahoo.com,20260307T034500Z,https://s.yimg.com/ny/api/res/1.2/O4EWez98oCRbwABk73kptA--/YXBwaWQ9aGlnaGxhbmRlcjt3PTEyMDA7aD04MDA-/https://media.zenfs.com/en/barchart_com_477/91294aaacdd7339f5d87cfb430fbeba2,English,Corporate,
Dow Jones Top Company Headlines at 7 PM ET : Kalshi and Polymarket Are Each Eyeing Roughly $20 Billion Valuations | BlackRock ... ,https://www.morningstar.com/news/dow-jones/202603069169/dow-jones-top-company-headlines-at-7-pm-et-kalshi-and-polymarket-are-each-eyeing-roughly-20-billion-valuations-blackrock,morningstar.com,20260307T034500Z,https://images.contentstack.io/v3/assets/blt4eb669caa7dc65b2/blta7dd42ebdd7b93b8/61899b34a3c7df383578294c/morningstar-og.png,English,Corporate,
ARK Invest Stock Portfolio : Top 10 Stock Picks for 2026,https://www.insidermonkey.com/blog/ark-invest-stock-portfolio-top-10-stock-picks-for-2026-1710024/,insidermonkey.com,20260307T034500Z,https://d2gr5kl7dt2z3t.cloudfront.net/blog/wp-content/uploads/2025/11/29115507/Cathie-Wood_Top-10-Stocks-to-Buy_2.png,English,Corporate,
Stocks Finish Lower as War Rages in the Middle East,https://finance.yahoo.com/news/stocks-finish-lower-war-rages-213630102.html,finance.yahoo.com,20260307T033000Z,https://s.yimg.com/ny/api/res/1.2/fqFpw6c8ghhgLpvEzhGv2Q--/YXBwaWQ9aGlnaGxhbmRlcjt3PTEyMDA7aD05MDA-/https://media.zenfs.com/en/barchart_com_477/970c77b774bc04c7a2f5571e5f8ff0df,English,Corporate,
"Rimini Street ( NASDAQ : RMNI ) EVP Sells 7 , 209 Shares",https://www.tickerreport.com/banking-finance/13370369/rimini-street-nasdaqrmni-evp-sells-7209-shares.html,tickerreport.com,20260307T031500Z,,English,Corporate,
Costco Says Tariff Refunds Could Lead to Lower Prices for Customers,https://www.insidermonkey.com/blog/costco-says-tariff-refunds-could-lead-to-lower-prices-for-customers-1711153/,insidermonkey.com,20260307T030000Z,https://d2gr5kl7dt2z3t.cloudfront.net/blog/wp-content/uploads/2016/02/09032100/shutterstock_169803995.jpg,English,Corporate,
"David Rowe Sells 7 , 209 Shares of Rimini Street ( NASDAQ : RMNI ) Stock",https://www.themarketsdaily.com/2026/03/07/david-rowe-sells-7209-shares-of-rimini-street-nasdaqrmni-stock.html,themarketsdaily.com,20260307T030000Z,,English,Corporate,
14 Best Oil and Gas Dividend Stocks to Buy Right Now,https://www.insidermonkey.com/blog/14-best-oil-and-gas-dividend-stocks-to-buy-right-now-1711121/,insidermonkey.com,20260307T030000Z,https://d2gr5kl7dt2z3t.cloudfront.net/blog/wp-content/uploads/2023/12/18111527/DTI-insidermonkey-1702916124800.jpg,English,Corporate,
5 Stocks to Watch Right Now - Insider Monkey,https://www.insidermonkey.com/blog/5-stocks-to-watch-right-now-1711098/,insidermonkey.com,20260307T030000Z,https://d2gr5kl7dt2z3t.cloudfront.net/blog/wp-content/uploads/2025/01/12054355/pexels-67117688-10921438.jpg,English,Corporate,
11 Best Marine Shipping Stocks to Buy Right Now,https://www.insidermonkey.com/blog/11-best-marine-shipping-stocks-to-buy-right-now-1710016/,insidermonkey.com,20260307T030000Z,https://d2gr5kl7dt2z3t.cloudfront.net/blog/wp-content/uploads/2026/03/05182014/pexels-brendo-boyose-862335849-28482155.jpg,English,Corporate,
Brown - Forman ( BF - B ) Faces Pressure as Morgan Stanley Lowers Price Target to $27,https://www.insidermonkey.com/blog/brown-forman-bf-b-faces-pressure-as-morgan-stanley-lowers-price-target-to-27-1711129/,insidermonkey.com,20260307T030000Z,https://d2gr5kl7dt2z3t.cloudfront.net/blog/wp-content/uploads/2017/01/27131459/shutterstock_184945160.jpg,English,Corporate,
Why Shares of The Trade Desk Dropped 21 . 5 % In February,https://finance.yahoo.com/news/why-shares-trade-desk-dropped-203138152.html,finance.yahoo.com,20260307T024500Z,https://s.yimg.com/ny/api/res/1.2/jvKO2ymvj5FQ_nnGZ0JEvQ--/YXBwaWQ9aGlnaGxhbmRlcjt3PTEyMDA7aD04MDA-/https://media.zenfs.com/en/motleyfool.com/533af7cf88fd98f1f730d782f18e6848,English,Corporate,
"Magnificent 7 Stock Report : Apple Leads , NVIDIA Fades , Microsoft Crashes",https://finance.yahoo.com/news/magnificent-7-stock-report-apple-203856697.html,finance.yahoo.com,20260307T024500Z,https://s.yimg.com/ny/api/res/1.2/9MLppeu7AAlqZcx4aia4mg--/YXBwaWQ9aGlnaGxhbmRlcjt3PTEyMDA7aD02NzM-/https://media.zenfs.com/en/24_7_wall_st__718/fa9a827fab9d8196fd1ce64008900708,English,Corporate,
"Visteon 2025 Net Income Exceeds $200 Million , Secures $7 . 4 Billion in New Business Orders",https://autonews.gasgoo.com/articles/news/visteon-2025-net-income-exceeds-200-million-secures-74-billion-in-new-business-orders-2030072968057573377,autonews.gasgoo.com,20260307T024500Z,https://gascloud.gasgoo.com/production/2026/03/9ca1f5b5-bea3-489f-a9be-9a81f9a2e4d8-1772870864.png,English,Corporate,
Ecopetrol Eyes Oil Output Boost As Iran Crisis Pushes Up Prices,https://finance.yahoo.com/news/ecopetrol-eyes-oil-output-boost-210000922.html,finance.yahoo.com,20260307T024500Z,https://s.yimg.com/os/en/oilprice.com/c879c381bcbfbc8a69fd0026d559d4c5,English,Corporate,
A $1 Billion Reason to Buy Pinterest Stock Now,https://finance.yahoo.com/news/1-billion-reason-buy-pinterest-204902033.html,finance.yahoo.com,20260307T024500Z,https://s.yimg.com/ny/api/res/1.2/Y9sUPWnxxx37mhkm7_9Nww--/YXBwaWQ9aGlnaGxhbmRlcjt3PTEyMDA7aD04MDA-/https://media.zenfs.com/en/barchart_com_477/752d3222597bb0c48e457c06532fe341,English,Corporate,
Berkshire Hathaway Just Gave Investors a New Reason to Be Excited,https://finance.yahoo.com/news/berkshire-hathaway-just-gave-investors-200544366.html,finance.yahoo.com,20260307T023000Z,https://s.yimg.com/ny/api/res/1.2/0ObJVwb8enpGwOP.zjrMCA--/YXBwaWQ9aGlnaGxhbmRlcjt3PTEyMDA7aD04MDA-/https://media.zenfs.com/en/motleyfool.com/1d7834dc0fa20ff5ac91c6ff9059749c,English,Corporate,
Why Algonquin Power & Utilities Stock Flopped on Friday,https://www.fool.com/investing/2026/03/06/why-algonquin-power-utilities-stock-flopped-on-fri/?source=iedfolrf0000001,fool.com,20260307T023000Z,https://g.foolcdn.com/editorial/images/859829/concerned-young-person-with-head-in-hands-gazing-at-a-screen.jpg,English,Corporate,
Starbuck Turnaround Gains Traction : SBUX Shares Reflect  Back to Starbuck Progress in Early 2026,https://www.ibtimes.com/starbucks-turnaround-gains-traction-sbux-shares-reflect-back-starbucks-progress-early-2026-3798645,ibtimes.com,20260307T020000Z,https://d.ibtimes.com/en/full/4634074/starbucks-reports-minimal-impact-thousands-baristas-begin-strike.jpg,English,Corporate,
Why Samsara Stock Surged Today,https://finance.yahoo.com/news/why-samsara-stock-surged-today-012826827.html,finance.yahoo.com,20260307T020000Z,https://s.yimg.com/ny/api/res/1.2/h58GRsmteMynDnwiSpELYQ--/YXBwaWQ9aGlnaGxhbmRlcjt3PTEyMDA7aD04MDA-/https://media.zenfs.com/en/motleyfool.com/ab067abd2663d082c206259f56052dbd,English,Corporate,
"Nuveen Churchill Direct Lending ( NYSE : NCDL ) VP Purchases 2 , 000 Shares",https://www.tickerreport.com/banking-finance/13370345/nuveen-churchill-direct-lending-nysencdl-vp-purchases-2000-shares.html,tickerreport.com,20260307T020000Z,,English,Corporate,
"Broadcom Inc . Stock Climbs Toward $336 as Q1 Earnings Beat Fuels AI Optimism , Shares Up 0 . 9 % Midday March 6",https://www.ibtimes.com/broadcom-inc-stock-climbs-toward-336-q1-earnings-beat-fuels-ai-optimism-shares-09-midday-3798664,ibtimes.com,20260307T020000Z,https://d.ibtimes.com/en/full/4502106/shl-telemedicine.png,English,Corporate,
Roundhill 50 % Yield Innovation - 100 ETF Is Waiting To Step on A Landmine,https://finance.yahoo.com/news/roundhill-50-yield-innovation-100-185041094.html,finance.yahoo.com,20260307T020000Z,https://s.yimg.com/ny/api/res/1.2/ObwUz2PZ_nOlCTtVJdrTMg--/YXBwaWQ9aGlnaGxhbmRlcjt3PTEyMDA7aD02NzA-/https://media.zenfs.com/en/24_7_wall_st__718/047bddeab3a383727a758866bc839a65,English,Corporate,
Nedbank Group Ltd ( NDBKY ) ( Full Year 2025 ) Earnings Call Highlights : Strategic Growth Amidst ... ,https://finance.yahoo.com/news/nedbank-group-ltd-ndbky-full-010144578.html,finance.yahoo.com,20260307T013000Z,,English,Corporate,
Why This Analyst Is Betting on $100 in EPS for Sandisk Stock in 2026,https://finance.yahoo.com/news/why-analyst-betting-100-eps-184445656.html,finance.yahoo.com,20260307T013000Z,https://s.yimg.com/ny/api/res/1.2/Ho7DkYrIGM_T4ff9eDua3Q--/YXBwaWQ9aGlnaGxhbmRlcjt3PTEyMDA7aD02NzU-/https://media.zenfs.com/en/barchart_com_477/6d6f0d1f774460c7221dbd1d36851495,English,Corporate,
Western Alliance sues Jefferies for $126M in First Brands fallout,https://www.americanbanker.com/news/western-alliance-sues-jefferies-for-126m-in-first-brands-fallout,americanbanker.com,20260307T011500Z,https://source-media-brightspot.s3.us-east-1.amazonaws.com/26/0f/bd7b6fac48e5bd8b932c5fe31363/abm0312-k-vecchione-western-alliance-bank-ceo-web-art-1.jpg,English,Corporate,
OpenAI and Oracle reportedly abandon TX Stargate expansion,https://www.theregister.com/2026/03/07/openai_oracle_dc/,theregister.com,20260307T011500Z,https://regmedia.co.uk/2023/05/17/still_sam_altman.jpg,English,Corporate,
Anthropic bods say AI hasnt had much impact on jobs,https://www.theregister.com/2026/03/07/anthropic_bods_rework_ai_damage/,theregister.com,20260307T011500Z,https://regmedia.co.uk/2016/11/01/shutterstock_detective_robot.jpg,English,Corporate,
"Sundar Pichai Sells 32 , 500 Shares of Alphabet ( NASDAQ : GOOG ) Stock",https://www.tickerreport.com/banking-finance/13370326/sundar-pichai-sells-32500-shares-of-alphabet-nasdaqgoog-stock.html,tickerreport.com,20260307T011500Z,,English,Corporate,
Rumble Q4 Earnings Call Highlights,https://www.tickerreport.com/banking-finance/13370321/rumble-q4-earnings-call-highlights.html,tickerreport.com,20260307T011500Z,,English,Corporate,
"Daniel Shugar Sells 39 , 892 Shares of Nextpower ( NASDAQ : NXT ) Stock",https://www.tickerreport.com/banking-finance/13370327/daniel-shugar-sells-39892-shares-of-nextpower-nasdaqnxt-stock.html,tickerreport.com,20260307T011500Z,,English,Corporate,
McDonald Stock ( MCD ) Slips to $324 . 27 as Investors Take Profits After Recent Highs,https://www.ibtimes.com/mcdonalds-stock-mcd-slips-32427-investors-take-profits-after-recent-highs-3798653,ibtimes.com,20260307T010000Z,https://d.ibtimes.com/en/full/4644578/mcdonalds.jpg,English,Corporate,
"Is Axon Enterprise , Inc . ( AXON ) A Good Stock To Buy ? ",https://finance.yahoo.com/news/axon-enterprise-inc-axon-good-173517604.html,finance.yahoo.com,20260307T004500Z,https://s.yimg.com/os/en/insidermonkey.com/1b23982fdfb29c3c50e207aa7bda7c89,English,Corporate,
Star Bulk to Acquire 16 Vessels from Diana Shipping Inc . Conditional Upon the Success of Its Offer to Acquire Genco Shipping & Trading Ltd,https://www.hellenicshippingnews.com/star-bulk-to-acquire-16-vessels-from-diana-shipping-inc-conditional-upon-the-success-of-its-offer-to-acquire-genco-shipping-trading-ltd/,hellenicshippingnews.com,20260307T004500Z,,English,Corporate,
"E . W . Scripps ( NASDAQ : SSP ) Major Shareholder Eaton Scripps Purchases 27 , 990 Shares",https://www.tickerreport.com/banking-finance/13370315/e-w-scripps-nasdaqssp-major-shareholder-eaton-scripps-purchases-27990-shares.html,tickerreport.com,20260307T004500Z,,English,Corporate,
"Can innovation , policy reform redeem manufactured housing image ? ",https://www.housingwire.com/articles/manufactured-housing-innovation/,housingwire.com,20260307T004500Z,https://www.housingwire.com/wp-content/uploads/2026/03/Untitled-design-26.jpg,English,Corporate,
Genesco CEO on New  Footwear First  Strategy for Fiscal 2027,https://wwd.com/footwear-news/shoe-industry-news/genesco-footwear-first-strategy-journeys-schuh-1238654678/,wwd.com,20260307T004500Z,https://wwd.com/wp-content/uploads/2025/09/Journeys_LOL_Canada_082025_Day1_LOCATION7_004410.jpg?&crop=1,English,Corporate,
"E . W . Scripps ( NASDAQ : SSP ) Major Shareholder Anthony Granado Acquires 3 , 919 Shares",https://www.tickerreport.com/banking-finance/13370314/e-w-scripps-nasdaqssp-major-shareholder-anthony-granado-acquires-3919-shares.html,tickerreport.com,20260307T004500Z,,English,Corporate,
This Dividend Stock Yields 3 . 1 % and Offers Massive Upside : Time to Buy ? ,https://finance.yahoo.com/news/dividend-stock-yields-3-1-003002433.html,finance.yahoo.com,20260307T003000Z,https://s.yimg.com/ny/api/res/1.2/7VfOm6iMGBnyhXogshU_aA--/YXBwaWQ9aGlnaGxhbmRlcjt3PTEyMDA7aD04MDA-/https://media.zenfs.com/en/barchart_com_477/78fc0356cab912b73912dd12f88bfedc,English,Corporate,
"E . W . Scripps ( NASDAQ : SSP ) Major Shareholder Buys $266 , 978 . 38 in Stock",https://www.themarketsdaily.com/2026/03/06/e-w-scripps-nasdaqssp-major-shareholder-buys-266978-38-in-stock.html,themarketsdaily.com,20260306T234500Z,,English,Corporate,
Report shows $46M in 2024 sales by Yonkers film and TV production,https://westfaironline.com/business/report-shows-46m-in-2024-sales-by-yonkers-film-and-tv-production/,westfaironline.com,20260306T234500Z,https://westfaironline.com/wp-content/uploads/2026/03/March-6-news-conference-at-Mediapro-Studios-in-Yonkers.png,English,Corporate,
"Schrodinger ( NASDAQ : SDGR ) CEO Ramy Farid Sells 3 , 661 Shares",https://www.dailypolitical.com/2026/03/06/schrodinger-nasdaqsdgr-ceo-ramy-farid-sells-3661-shares.html,dailypolitical.com,20260306T234500Z,,English,Corporate,
"Snap Inc . Stock Slumps Below $5 . 20 Amid Ongoing Pressure , Down 3 - 4 % in Early Trading March 6",https://www.ibtimes.com/snap-inc-stock-slumps-below-520-amid-ongoing-pressure-down-3-4-early-trading-march-6-3798666,ibtimes.com,20260306T234500Z,,English,Corporate,
Solstice Advanced Materials and SiTime Join the S & P MidCap 400 As AI Stocks Reshuffle the Index,https://finance.yahoo.com/news/solstice-advanced-materials-sitime-join-231816455.html,finance.yahoo.com,20260306T234500Z,https://s.yimg.com/ny/api/res/1.2/qTgfrlNlFwUfS.PmpW3RKw--/YXBwaWQ9aGlnaGxhbmRlcjt3PTEyMDA7aD02Njk-/https://media.zenfs.com/en/24_7_wall_st__718/1f088d9ca28c37fbc7e442e08a5a4dc3,English,Corporate,
"Jeannette Potts Sells 3 , 412 Shares of uniQure ( NASDAQ : QURE ) Stock",https://www.dailypolitical.com/2026/03/06/jeannette-potts-sells-3412-shares-of-uniqure-nasdaqqure-stock.html,dailypolitical.com,20260306T234500Z,,English,Corporate,
"Insider Selling : uniQure ( NASDAQ : QURE ) CEO Sells 14 , 581 Shares of Stock",https://www.themarketsdaily.com/2026/03/06/insider-selling-uniqure-nasdaqqure-ceo-sells-14581-shares-of-stock.html,themarketsdaily.com,20260306T234500Z,,English,Corporate,
"Marvell Technology Stock Surges 16 % on Strong Q4 Earnings , AI Data Center Momentum",https://www.ibtimes.com/marvell-technology-stock-surges-16-strong-q4-earnings-ai-data-center-momentum-3798674,ibtimes.com,20260306T234500Z,https://d.ibtimes.com/en/full/4644614/marvell-technology.jpg,English,Corporate,
"Insider Selling : Schrodinger ( NASDAQ : SDGR ) Insider Sells 1 , 366 Shares of Stock",https://www.themarketsdaily.com/2026/03/06/insider-selling-schrodinger-nasdaqsdgr-insider-sells-1366-shares-of-stock.html,themarketsdaily.com,20260306T234500Z,,English,Corporate,
"Robert Lorne Abel Sells 1 , 300 Shares of Schrodinger ( NASDAQ : SDGR ) Stock",https://www.dailypolitical.com/2026/03/06/robert-lorne-abel-sells-1300-shares-of-schrodinger-nasdaqsdgr-stock.html,dailypolitical.com,20260306T234500Z,,English,Corporate,
Delta names new CFO amid sweeping leadership changes,https://finance.yahoo.com/news/delta-names-cfo-amid-sweeping-151834121.html,finance.yahoo.com,20260306T230000Z,https://s.yimg.com/ny/api/res/1.2/V7rLEP1WU9XGZHHhHH.PmQ--/YXBwaWQ9aGlnaGxhbmRlcjt3PTEyMDA7aD02NzU-/https://media.zenfs.com/en/cfo_dive_422/40a7b8f4d57badb4d5963cb2472c8ba7,English,Corporate,
"Membership , digital and grocery drive BJ Wholesale Club in Q4",https://www.supermarketnews.com/finance/membership-digital-and-grocery-drive-bj-s-wholesale-club-in-q4,supermarketnews.com,20260306T230000Z,https://eu-images.contentstack.com/v3/assets/blt58a1f8f560a1ab0e/blt12c22dc464990449/69ab1600f050590008cda7f0/The_front_of_a_BJ_s_Wholesale_Club.webp?disable=upscale&fit=crop,English,Corporate,
JD . com posts first quarterly loss in more than three years,https://finance.yahoo.com/news/jd-com-posts-first-quarterly-152600023.html,finance.yahoo.com,20260306T230000Z,https://s.yimg.com/os/en/proactive_us_504/f7e3fa9611957a1860cba658d1ef559b,English,Corporate,
Kroger taps Mahadevan for new AI role,https://www.supermarketnews.com/executive-moves/kroger-taps-mahadevan-for-new-ai-role,supermarketnews.com,20260306T230000Z,https://eu-images.contentstack.com/v3/assets/blt58a1f8f560a1ab0e/blt6ee0b752ac012417/69ab2c1dc2ecdb0008825478/Kroger_Chief_Data_and_AI_Officer_Milen_Mahadevan.png?disable=upscale&fit=crop,English,Corporate,
Broadcom Growth Is Accelerating . Time to Buy the Stock ? ,https://www.fool.com/investing/2026/03/06/broadcoms-growth-is-accelerating-time-to-buy-the-s/?source=iedfolrf0000001,fool.com,20260306T224500Z,https://g.foolcdn.com/editorial/images/859810/avgo.png,English,Corporate,
This TSX Dividend Stock is Down 48 % and Still Worth Every Dollar,https://www.fool.ca/2026/03/06/this-tsx-dividend-stock-is-down-48-and-still-worth-every-dollar/,fool.ca,20260306T223000Z,https://www.fool.ca/wp-content/uploads/2024/10/GettyImages-1358273775-1200x800.jpg,English,Corporate,
"Kings Island parent company Six Flags to sell off 7 parks , worth $342M",https://www.daytondailynews.com/lifestyles/kings-islands-parent-company-six-flags-to-sell-off-7-parks-worth-342m/IGSCWAHPXZBEFCGP75DEPMSYJU/,daytondailynews.com,20260306T221500Z,https://www.daytondailynews.com/resizer/v2/VE37WJDNIHXTV6ETKEY6EJFBNU.jpg?auth=4d84b876c0e64e20707b2c37d42be23a80fc399d36ee7119191b1061cc4a2fb1&smart=true,English,Corporate,
Will Target Stock Soar in 2026 ? ,https://finance.yahoo.com/news/target-stock-soar-2026-214700006.html,finance.yahoo.com,20260306T221500Z,https://s.yimg.com/ny/api/res/1.2/fDG1GZTPXiSyQxpzfbUs_w--/YXBwaWQ9aGlnaGxhbmRlcjt3PTEyMDA7aD04MDE-/https://media.zenfs.com/en/motleyfool.com/6482ed9b24887efe8f1a1f6425dcaee8,English,Corporate,
5 Reasons to Buy MercadoLibre Stock Like There No Tomorrow,https://www.aol.com/articles/5-reasons-buy-mercadolibre-stock-184100139.html,aol.com,20260306T220000Z,https://s.yimg.com/os/en/aol_the_motley_fool_392/116bbe4b6a75a1669983b742c11f5aab,English,Corporate,
Badger Infrastructure Solutions Ltd ( BDGIF ) Q4 2025 Earnings Call Highlights : Record Revenue ... ,https://finance.yahoo.com/news/badger-infrastructure-solutions-ltd-bdgif-210231255.html,finance.yahoo.com,20260306T213000Z,,English,Corporate,
Bowman Consulting Group Ltd . Q4 2025 Earnings Call Summary,https://finance.yahoo.com/news/bowman-consulting-group-ltd-q4-133000987.html,finance.yahoo.com,20260306T213000Z,https://s.yimg.com/os/en/moby_896/a10c4be6a4a707c2536a9a781f65e090,English,Corporate,
Marvell Technology Boosts Its Sales Forecast on Strong AI Demand . The Stock Is Soaring . ,https://www.investopedia.com/marvell-technology-boosts-its-sales-forecast-on-strong-ai-demand-the-stock-is-soaring-mrvl-11920778,investopedia.com,20260306T211500Z,https://www.investopedia.com/thmb/IbD8ofB7ZRXHLVwHSZSwIlnr_kE=/1500x0/filters:no_upscale():max_bytes(150000):strip_icc()/GettyImages-2264385430-4b48eeef8cbe450d8499790e85fbb17f.jpg,English,Corporate,
Why Some Experts Think  Defensive  Investors Could Lift Costco Stock Back Toward Records,https://www.investopedia.com/why-some-experts-think-defensive-investors-could-lift-costco-stock-back-toward-records-cost-11920818,investopedia.com,20260306T211500Z,https://www.investopedia.com/thmb/tg_HS7jElSiUNSrSzqHu6iF2kPI=/1500x0/filters:no_upscale():max_bytes(150000):strip_icc()/GettyImages-2249626389-8407ee88f9bc44e39116180ff0beb160.jpg,English,Corporate,
Costco CEO Ron Vachris Pledges to Return Tariff Refunds to Shoppers,https://observer.com/2026/03/costco-ceo-ron-vachris-tariff-refunds/,observer.com,20260306T211500Z,https://observer.com/wp-content/uploads/sites/2/2026/03/06550_Ron_Vachris_Warehouse-Portrait1039-CROPPED.jpg?quality=80,English,Corporate,
Why Palantir Technologies Stock Popped on Friday,https://finance.yahoo.com/news/why-palantir-technologies-stock-popped-204252685.html,finance.yahoo.com,20260306T211500Z,https://s.yimg.com/ny/api/res/1.2/0K.5LsV4tLdDcGUZOUksKw--/YXBwaWQ9aGlnaGxhbmRlcjt3PTEyMDA7aD03OTk-/https://media.zenfs.com/en/motleyfool.com/9b9750693a37290fc2cf07cac4e84887,English,Corporate,
"Grocery Outlet to close several stores in Pennsylvania , New Jersey",https://www.phillyvoice.com/grocery-outlet-bargain-markets-closing-philly/,phillyvoice.com,20260306T204500Z,https://media.phillyvoice.com/media/images/3726_Grocery_Outlet.2e16d0ba.fill-1200x630-c0.png,English,Corporate,
Analysis - AI fears temper interest as private equity firms weigh data company deals,https://finance.yahoo.com/news/analysis-ai-fears-temper-interest-110631693.html,finance.yahoo.com,20260306T204500Z,https://s.yimg.com/os/en/reuters.com/e67f7e21f266886aafccd44889d40108,English,Corporate,
Popular Grocery Chain Announces Store Closings,https://talkradio1059.iheart.com/content/2026-03-06-popular-grocery-chain-announces-store-closings/,talkradio1059.iheart.com,20260306T201500Z,"https://i.iheart.com/v3/re/new_assets/648868afbe20f9781b562cee?ops=gravity(%22north%22),fit(1200,675),quality(65)",English,Corporate,
$46M Crypto Theft Mystery : How Did Dean Daghita 21 - Year - Old Son Pull Off The Heist ? ,https://www.yahoo.com/news/articles/46m-crypto-theft-mystery-did-110053600.html,yahoo.com,20260308T114500Z,https://s.yimg.com/os/en/dallas_express_media_articles_743/bce8afe5e2721f923320b4b51a3b7c9f,English,Crypto,
Bitcoin dip may not be over as whales sell into retail buying a bearish signal,https://www.coindesk.com/markets/2026/03/08/bitcoin-dip-may-not-be-over-as-whales-sell-into-retail-buying-a-bearish-signal,coindesk.com,20260308T094500Z,https://cdn.sanity.io/images/s3y3vcno/production/3612f18de0c63432baab4fbfa690229c26266fd2-3840x2160.png?auto=format&crop=focalpoint&fit=clip&q=75&fm=jpg,English,Crypto,
XRP price news : Ripple - linked token slips as traders watch $1 . 35 support,https://www.coindesk.com/markets/2026/03/08/xrp-slips-as-traders-watch-usd1-35-support,coindesk.com,20260308T094500Z,https://cdn.sanity.io/images/s3y3vcno/production/2e6c9598321b72fb2841129f24cb3df4cae7ba29-1194x730.png?auto=format&crop=focalpoint&fit=clip&q=75&fm=jpg,English,Crypto,
Trump Cyber Strategy Pledges Cryptocurrency and Blockchain Security Support,https://www.el-balad.com/16873115,el-balad.com,20260308T090000Z,https://www.el-balad.com/uploads/images/202603/image_1200x675_69ad36d63b6d5.webp,English,Crypto,
Bitcoin  Bull Trap  Forming As Bear Market Middle Stage Approaches : Analyst,https://cointelegraph.com/news/bitcoin-bull-trap-bear-market-phase-middle-willy-woo-analyst,cointelegraph.com,20260308T090000Z,"https://images.cointelegraph.com/cdn-cgi/image/f=auto,onerror=redirect,w=1200/https://s3.cointelegraph.com/uploads/2025-12/019af66e-3b7e-7b59-b13e-cb77a6ad5fa2",English,Crypto,
Bitcoin kritik eşikte : Satış baskısı artıyor,https://www.dunya.com/finans/haberler/bitcoin-kritik-esikte-satis-baskisi-artiyor-haberi-817481,dunya.com,20260308T090000Z,https://image.dunya.com/rcman/Cw1280h720q95gc/storage/files/images/2026/03/08/kripto-1-e6j8_cover.jpg,Turkish,Crypto,
"2 Cryptocurrencies to Buy With $1 , 000 While Theyre Cheap , and 1 to Avoid for Now",https://www.fool.com/investing/2026/03/08/2-cryptocurrencies-to-buy-with-1000-while-theyre-c/?source=iedfolrf0000001,fool.com,20260308T084500Z,https://g.foolcdn.com/editorial/images/859035/investor-considers-papers-while-sitting-near-books.jpg,English,Crypto,
Loki Gambling establishment Opinion # step 1 Australian Internet casino inside the 2026,http://www.worldtechtoday.com/2026/03/08/140638/loki-gambling-establishment-opinion-step-1-australian-internet-casino-inside-the-2026.html,worldtechtoday.com,20260308T080000Z,,English,Crypto,
From Parlays to Altcoins : Why Treating Crypto Like Sports Bets Could Be the Fastest Way to Lose -- and How a Real Investing Mindset Changes the Odds,https://www.fool.com/investing/2026/03/08/from-parlays-to-altcoins-why-treating-crypto-like/?source=iedfolrf0000001,fool.com,20260308T071500Z,https://g.foolcdn.com/editorial/images/857300/friends-celebrating-at-bar.jpg,English,Crypto,
Wall Street  fear index  hits highest point since October,https://finance.yahoo.com/news/wall-streets-fear-index-hits-230000328.html,finance.yahoo.com,20260308T070000Z,https://s.yimg.com/os/en/thestreet_881/2b8524904b528d1ae26e5025adbcd17a,English,Crypto,
3 Moves Millennials Are Making With Their Crypto Portfolio,https://finance.yahoo.com/news/3-moves-millennials-making-crypto-214300174.html,finance.yahoo.com,20260308T051500Z,https://s.yimg.com/os/en/motleyfool.com/80269422913c607bd0b4ef9d4ab27920,English,Crypto,
  Screw with me : America richest prisoner opens up,https://www.theage.com.au/business/markets/screw-with-me-america-s-richest-prisoner-opens-up-20260302-p5o6j5.html,theage.com.au,20260308T031500Z,https://static.ffx.io/images/$zoom_0.5298%2C$multiply_0.7554%2C$ratio_1.777778%2C$width_1059%2C$x_0%2C$y_0/t_crop_custom/q_86%2Cf_auto/a960fbedf7b1247bf3189988df0e48475004b3e8,English,Crypto,
"This Could Be the Missing X Factor for Bitcoin , According to Cathie Wood of Ark Invest",https://finance.yahoo.com/news/could-missing-x-factor-bitcoin-200400490.html,finance.yahoo.com,20260308T024500Z,https://s.yimg.com/ny/api/res/1.2/tKISGelj1rmu9HohKdHUFw--/YXBwaWQ9aGlnaGxhbmRlcjt3PTEyMDA7aD03OTk-/https://media.zenfs.com/en/motleyfool.com/42fdddcad866d5d564207fddcb44d8d2,English,Crypto,
"Fed , FDIC and OCC : Banks Dont Need Extra Crypto Capital",https://paymentweek.com/2026-3-8-bank-regulators-clarify-that-crypto-qualifies-as-collateral-under-capital-reserves-rule/,paymentweek.com,20260308T024500Z,https://paymentweek.com/wp-content/uploads/2026/03/bank-regulators-clarify-that-crypto-qualifies-as-collateral-under-capital-reserves-rule-razvod-otzyvy-razvod-260497-1024x683.png,English,Crypto,
Crypto under $1 in March 2026 : IONIX Chain ( $IONX ) Presale Guide,https://www.directionsmag.com/crypto/best-crypto-under-1-dollar,directionsmag.com,20260308T023000Z,,English,Crypto,
"Should I Get Out of Crypto ? When to Sell , Hold , or Rebalance",https://www.directionsmag.com/crypto/should-i-get-out-of-crypto-now,directionsmag.com,20260308T023000Z,,English,Crypto,
Bitcoin Price Prediction after Late - Week $110 Billion Wipeout,https://www.el-balad.com/16872611,el-balad.com,20260308T021500Z,https://www.el-balad.com/uploads/images/202603/image_1200x675_69acd642b60f5.webp,English,Crypto,
Crypto News : New Crypto Pepeto Crosses $7 . 725M Presale While Cardano Price Prediction Targets $10,https://www.manilatimes.net/2026/03/08/tmt-newswire/globenewswire/crypto-news-new-crypto-pepeto-crosses-7725m-presale-while-cardano-price-prediction-targets-10/2295398,manilatimes.net,20260308T013000Z,https://www.manilatimes.net/manilatimes/uploads/images/2026/03/08/964302.jpg,English,Crypto,
10 Best sites to Buy Twitter Likes in 2026 ( UPDATED ) ,https://business-review.eu/tech/online/10-best-sites-to-buy-twitter-likes-2026-237155,business-review.eu,20260308T004500Z,https://business-review.eu/wp-content/uploads/2023/03/business-review-buy-twitter-likes.png,English,Crypto,
"Trump Bank Regulators Outdo Basel , Boost Tokenized Securities",https://www.forbes.com/sites/jasonbrett/2026/03/07/trumps-bank-regulators-outdo-basel-boost-tokenized-securities/,forbes.com,20260308T000000Z,https://imageio.forbes.com/specials-images/imageserve/69ab31f5807056aa6fd55884/0x0.jpg?format=jpg&fit=bounds,English,Crypto,
Trump cyber strategy vows to  support the security  of cryptocurrencies and blockchain,https://www.coindesk.com/policy/2026/03/07/trump-s-cyber-strategy-vows-to-support-the-security-of-cryptocurrencies-and-blockchain,coindesk.com,20260308T000000Z,https://cdn.sanity.io/images/s3y3vcno/production/634f0a8ae8c75cc7ff10e46bf748d51639385ecd-1920x1079.jpg?auto=format&crop=focalpoint&fit=clip&q=75&fm=jpg,English,Crypto,
Here Why Bitcoin Price Must Not Fall To $54K : Analyst,https://www.newsbtc.com/news/bitcoin/heres-why-bitcoin-price-must-not-fall-to-54k-analyst/,newsbtc.com,20260308T000000Z,https://www.newsbtc.com/wp-content/uploads/2025/05/iStock-1248674191-e1748299111676.jpg?fit=1200%2C801,English,Crypto,
"Bitcoin Losing Strength $66 , 000 Now The Line Between Recovery And Crash",https://www.newsbtc.com/news/bitcoin/bitcoin-between-recovery-and-crash/,newsbtc.com,20260308T000000Z,https://www.newsbtc.com/wp-content/uploads/2026/03/Bitcoin-from-Getty-Images-39.jpg?fit=612%2C408,English,Crypto,
"Learn How to Buy Meme Coin : Shiba Inu & Dogecoin Make Headlines , ",https://www.openpr.com/news/4416283/learn-how-to-buy-meme-coin-shiba-inu-dogecoin-make-headlines,openpr.com,20260307T230000Z,https://cdn.open-pr.com/L/3/L307840186_g.jpg,English,Crypto,
Ethereum Based Crypto Pepeto Announces Binance Smart Chain Bridge And Ethereum Price Prediction Targets $8K,https://www.manilatimes.net/2026/03/08/tmt-newswire/globenewswire/ethereum-based-crypto-pepeto-announces-binance-smart-chain-bridge-and-ethereum-price-prediction-targets-8k/2295389,manilatimes.net,20260307T230000Z,https://www.manilatimes.net/manilatimes/uploads/images/2026/03/08/964279.jpg,English,Crypto,
Crypto News : Pepeto Presale Holders Life - Time Revenue Sharing Sends Wallets Rushing While Bitcoin Price Prediction Targets $300K,https://www.manilatimes.net/2026/03/08/tmt-newswire/globenewswire/crypto-news-pepeto-presale-holders-life-time-revenue-sharing-sends-wallets-rushing-while-bitcoin-price-prediction-targets-300k/2295392,manilatimes.net,20260307T230000Z,https://www.manilatimes.net/manilatimes/uploads/images/2026/03/08/964285.png,English,Crypto,
"Crypto News Today : 7 Top Cryptos To Buy , While APEMARS Emerges as",https://www.openpr.com/news/4416284/crypto-news-today-7-top-cryptos-to-buy-while-apemars-emerges-as,openpr.com,20260307T230000Z,https://cdn.open-pr.com/L/3/L307778017_g.jpg,English,Crypto,
Wall Street Giant Jane Street Shifts $19 Million in Bitcoin,https://techstory.in/wall-street-giant-jane-street-shifts-19-million-in-bitcoin-to-crypto-exchanges-amid-market-scrutiny/,techstory.in,20260307T213000Z,,English,Crypto,
Florida Pioneers Crypto Legislation,https://techstory.in/florida-pioneers-crypto-legislation-landmark-stablecoin-framework-awaits-desantis-pen/,techstory.in,20260307T213000Z,https://techstory.in/wp-content/uploads/2026/03/Florida-Renews-Bitcoin-Reserve-Push-With-2026-Bill-Signaling-GOP-Embrace-of-%E2%80%98Digital-Gold.webp,English,Crypto,
Capitol Report From Rep . Greg Vital For March 6,https://www.chattanoogan.com/2026/3/6/515712/Capitol-Report-From-Rep.-Greg-Vital.aspx,chattanoogan.com,20260307T211500Z,https://images.chattanoogan.com/2026/3/article.515712.jpg,English,Crypto,
"Putting $1 , 000 on a Game vs . $1 , 000 Into Bitcoin : Which Bet Actually Gives You a Better Chance at Building Wealth ? ",https://finance.yahoo.com/news/putting-1-000-game-vs-203300339.html,finance.yahoo.com,20260307T210000Z,https://s.yimg.com/ny/api/res/1.2/SdECn4DJ7NXc7iNyS0Yd6g--/YXBwaWQ9aGlnaGxhbmRlcjt3PTEyMDA7aD04MDA-/https://media.zenfs.com/en/motleyfool.com/d292345939540939d97717eb0c78a820,English,Crypto,
"New to The Street Broadcasts Tonight on Bloomberg Television at 6 : 30 PM EST - Shows 736 , 737 and 738 Air Across the U . S ., Latin America and MENA",http://www.tennesseedaily.com/news/278907768/new-to-the-street-broadcasts-tonight-on-bloomberg-television-at-630-pm-est-shows-736-737-and-738-air-across-the-us-latin-america-and-mena,tennesseedaily.com,20260307T201500Z,,English,Crypto,
Bullish releases February 2026 monthly metrics,https://www.ieyenews.com/bullish-releases-february-2026-monthly-metrics/,ieyenews.com,20260307T201500Z,https://www.ieyenews.com/wp-content/uploads/2026/03/Screenshot-2026-03-07-at-10.31.04-AM.png,English,Crypto,
Bitcoin ETFs Bleed $349M In A Day As Whales Dump,https://www.newsbtc.com/bitcoin-news/bitcoin-etfs-bleed-349m-in-a-day-as-whales-dump-small-buyers-step-in-analysts/,newsbtc.com,20260307T190000Z,https://www.newsbtc.com/wp-content/uploads/2026/03/a_67e8c8.jpg?fit=1280%2C903,English,Crypto,
New to The Street Broadcasts Tonight on Bloomberg Television at 6 : 30 ... ,https://www.pr-inside.com/new-to-the-street-broadcasts-tonight-on-bloomberg-television-at-r5172353.htm,pr-inside.com,20260307T183000Z,,English,Crypto,
"As Trump Returns to the Crypto Fight , Should You Buy Coinbase Stock Here ? ",https://finance.yahoo.com/news/trump-returns-crypto-fight-buy-150002936.html,finance.yahoo.com,20260307T183000Z,https://s.yimg.com/ny/api/res/1.2/D0FRiNqe7K.FQqA7kkaiOw--/YXBwaWQ9aGlnaGxhbmRlcjt3PTEyMDA7aD03OTk-/https://media.zenfs.com/en/barchart_com_477/277a7162ef0c37801f71228f0c036f66,English,Crypto,
Global crypto ETP market sees sharp February drawdown – Fineqia,https://www.proactiveinvestors.com/companies/news/1088478/global-crypto-etp-market-sees-sharp-february-drawdown-fineqia-1088478.html,proactiveinvestors.com,20260307T164500Z,https://cdn.proactiveinvestors.com/eyJidWNrZXQiOiJwYS1jZG4iLCJrZXkiOiJ1cGxvYWRcL05ld3NcL0ltYWdlXC8yMDI2XzAzXC9zaHV0dGVyc3RvY2stNjg3NDI3MTQxLmpwZyIsImVkaXRzIjp7InJlc2l6ZSI6eyJ3aWR0aCI6MTIwMCwiaGVpZ2h0Ijo2MzAsImZpdCI6ImNvdmVyIn19fQ==,English,Crypto,
"South Korea moves to exclude USDT , USDC from corporate crypto investment rules",https://cryptobriefing.com/stablecoin-exclusion-guidelines-south-korea/,cryptobriefing.com,20260307T163000Z,https://static.cryptobriefing.com/wp-content/uploads/2026/03/07102709/6a590d96-d1f9-4b71-83bd-796ca262b457-800x420.jpg,English,Crypto,
Crypto Market Crashes as Crude Oil Price Surges : But a Silver Lining Remains,https://www.banklesstimes.com/articles/2026/03/07/crypto-market-crashes-as-crude-oil-price-surges-but-a-silver-lining-remains/,banklesstimes.com,20260307T163000Z,https://cdn.banklesstimes.com/bt/content/uploads/2026/03/crypto-crash.png,English,Crypto,
Cardano Payments Go Live at 137 Swiss SPAR Supermarkets,https://www.banklesstimes.com/articles/2026/03/07/cardano-payments-go-live-at-137-swiss-spar-supermarkets/,banklesstimes.com,20260307T163000Z,https://cdn.banklesstimes.com/bt/content/uploads/2024/06/1648794548-Cardano.jpg,English,Crypto,
"Ethereum Price May Surge to $7 , 000 : Crypto Analyst Gives Reasons",https://www.banklesstimes.com/articles/2026/03/07/ethereum-price-may-surge-to-7000-crypto-analyst-gives-reasons/,banklesstimes.com,20260307T163000Z,https://cdn.banklesstimes.com/bt/content/uploads/2026/02/ethereum.png,English,Crypto,
Crypto Price Prediction March 2026 : Trump Sends Kevin Warsh Fed,https://www.openpr.com/news/4416133/crypto-price-prediction-march-2026-trump-sends-kevin-warsh-fed,openpr.com,20260307T151500Z,https://cdn.open-pr.com/L/3/L307528165_g.jpg,English,Crypto,
Ethereum unter Druck : Doch BlackRock macht Staking noch günstiger,https://www.finanzen.ch/nachrichten/devisen/ethereum-unter-druck-doch-blackrock-macht-staking-noch-guenstiger-1035907577,finanzen.ch,20260307T120000Z,,German,Crypto,
"Bitcoin , Ether & Co : So schlagen sich die Kryptowährungen am Mittag",https://www.finanzen.ch/nachrichten/devisen/bitcoin-ether-&-co-so-schlagen-sich-die-kryptowahrungen-am-mittag-1035907605,finanzen.ch,20260307T120000Z,https://images.finanzen.ch/images/ratgeber/artikelbilder/kryptowaehrung-bitcoin-kaufen-ratgeber-btc-monero-muenzen-712597270-660.jpg,German,Crypto,
How Buying Bitcoin Today Could 10x Your Net Worth,https://finance.yahoo.com/news/buying-bitcoin-today-could-10x-095000192.html,finance.yahoo.com,20260307T114500Z,https://s.yimg.com/ny/api/res/1.2/ckLC6jGP4sRY1nCg547gGw--/YXBwaWQ9aGlnaGxhbmRlcjt3PTEyMDA7aD04MDA-/https://media.zenfs.com/en/motleyfool.com/c908b39a97b80c09fd487cb4f4692906,English,Crypto,
"Bitcoin and Stocks Find a Floor , But Bond Market Says Risk - Off Isnt Over",https://finance.yahoo.com/news/bitcoin-stocks-floor-bond-market-094459846.html,finance.yahoo.com,20260307T113000Z,https://s.yimg.com/os/en/coinspeaker_us_106/83831d5f8b9a2797ebed5bbd27601687,English,Crypto,
Bitcoin - Kurs mit Aufwind : Kommt jetzt das große Comeback der Kryptowährung ? ,https://www.finanznachrichten.de/nachrichten-2026-03/67882206-bitcoin-kurs-mit-aufwind-kommt-jetzt-das-grosse-comeback-der-kryptowaehrung-397.htm,finanznachrichten.de,20260307T113000Z,https://www.finanznachrichten.de/content/g/fb.png,German,Crypto,
"Bitget targets 40 % of tokenised stock trading by 2030 , boosts TradFi with one - click access",https://techcabal.com/2026/03/06/bitget-2/,techcabal.com,20260307T111500Z,https://c76c7bbc41.mjedge.net/wp-content/uploads/tc/2026/03/1001478677.jpg,English,Crypto,
"Bitcoin , Stocks Stabilize But The Bond Market Isnt Convinced : Will The Fed Cut Rates Now ? ",https://finance.yahoo.com/news/bitcoin-stocks-stabilize-bond-market-091415124.html,finance.yahoo.com,20260307T110000Z,https://s.yimg.com/os/en/99bitcoins_us_315/d90bdee65e504a7de8ce6c6257b2c1c9,English,Crypto,
Bitcoin unter 70 . 000 Dollar : On - Chain - Daten zeigen ein klares Problem,https://www.finanzen.net/nachricht/devisen/bitcoin-unter-70-000-dollar-on-chain-daten-zeigen-ein-klares-problem-15541518,finanzen.net,20260307T110000Z,,German,Crypto,
Best Crypto to Buy Under $1 in 2026 : IONIX Chain ( $IONX ) ,https://www.openpr.com/news/4416084/best-crypto-to-buy-under-1-in-2026-ionix-chain-ionx-one-of,openpr.com,20260307T110000Z,https://cdn.open-pr.com/L/3/L307908134_g.jpg,English,Crypto,
$2 . 6B Bitcoin Options Expiry : Another Crypto Max Pain ? ,https://finance.yahoo.com/news/2-6b-bitcoin-options-expiry-091148303.html,finance.yahoo.com,20260307T110000Z,https://s.yimg.com/os/en/99bitcoins_us_315/71fc827610fbe34e2a9afcaa3ca3b165,English,Crypto,
Dont let scam kiosks hijack Bitcoin name,https://www.register-herald.com/opinion/columns/dont-let-scam-kiosks-hijack-bitcoins-name/article_4d795df8-6d10-4855-a07e-b554c5a5315d.html,register-herald.com,20260307T104500Z,https://bloximages.chicago2.vip.townnews.com/register-herald.com/content/tncms/assets/v3/editorial/e/28/e287433f-ac1f-43d2-9faa-b82a258b641a/69a9e686b6afa.image.jpg?crop=960%2C504%2C0%2C348,English,Crypto,
"Bitcoin price news : BTC in deep bear market , could crash by another 30 %, investment firm says",https://www.coindesk.com/markets/2026/03/07/bitcoin-could-crash-another-30-as-four-year-cycle-gains-strength-investment-firm-says,coindesk.com,20260307T101500Z,https://cdn.sanity.io/images/s3y3vcno/production/aa651f593b05892413d8006cdf3a5cea49f53472-1260x843.jpg?auto=format&crop=focalpoint&fit=clip&q=75&fm=jpg,English,Crypto,
The  Fiat Collapse  Narrative Overlooks the US Dollar Next Evolution,https://www.investing.com/analysis/usd-stablecoins-and-the-rebasement-of-the-us-dollar-200676197,investing.com,20260307T100000Z,https://i-invdn-com.investing.com/redesign/images/seo/investingcom_analysis_og.jpg,English,Crypto,
"Bitcoin Needs a Monster Rally to Hit $150 , 000 by December -- and Prediction Markets See Only an 11 % Shot",https://www.fool.com/investing/2026/03/07/bitcoin-needs-a-monster-rally-to-hit-150000-by-dec/,fool.com,20260307T100000Z,https://g.foolcdn.com/editorial/images/857287/22_09_12-an-adult-and-two-children-on-an-amusement-park-roller-coaster-_mf-dload.jpg,English,Crypto,
"Florida Senate Approves First Stablecoin Bill , Awaits DeSanti Signature",https://cointelegraph.com/news/florida-senate-passes-stablecoin-bill-desantis-signature,cointelegraph.com,20260307T094500Z,"https://images.cointelegraph.com/cdn-cgi/image/f=auto,onerror=redirect,w=1200/https://s3.cointelegraph.com/uploads/2026-02/019c8f9a-aedc-7865-ab07-6ae9e14206d6.jpg",English,Crypto,
Coinsilium strategy update & yellow launch - ICYMI,https://www.proactiveinvestors.co.uk/companies/news/1088487/coinsilium-strategy-update-yellow-launch-icymi-1088487.html,proactiveinvestors.co.uk,20260307T093000Z,https://cdn.proactiveinvestors.com/eyJidWNrZXQiOiJwYS1jZG4iLCJrZXkiOiJ1cGxvYWRcL05ld3NcL0ltYWdlXC8yMDI2XzAzXC8yMDI1LTEyLTEyLTE1LTAxLTU4LTFmYTRiMjUyMzgwYzVhNmRjMThmMmY2YzRlNzkzNmExXzY5YWFmMGE2YjIwNjUuanBnIiwiZWRpdHMiOnsicmVzaXplIjp7IndpZHRoIjoxMjAwLCJoZWlnaHQiOjYzMCwiZml0IjoiY292ZXIifX19,English,Crypto,
Binance Chain Conducts $1 . 2B BNB Token Burn As Mutuum Finance,https://www.openpr.com/news/4416071/binance-chain-conducts-1-2b-bnb-token-burn-as-mutuum-finance,openpr.com,20260307T091500Z,https://cdn.open-pr.com/L/3/L307713896_g.jpg,English,Crypto,
"Bitcoin slips below $70 , 000 as crypto market sell - off triggers $329 million liquidations",https://economictimes.indiatimes.com/markets/cryptocurrency/bitcoin-slips-below-70000-as-crypto-market-sell-off-triggers-329-million-liquidations/articleshow/129201601.cms,economictimes.indiatimes.com,20260307T080000Z,"https://img.etimg.com/thumb/msid-129201565,width-1200,height-630,imgsize-52370,overlay-etmarkets/articleshow.jpg",English,Crypto,
XRP Prognose : Kursexplosion dank Coinbase - Kooperation ? ,https://www.finanzen.ch/nachrichten/devisen/xrp-prognose-kursexplosion-dank-coinbase-kooperation-1035907435,finanzen.ch,20260307T071500Z,,German,Crypto,
Crypto ETFs retreat after sustained inflow surge,https://thearabianpost.com/crypto-etfs-retreat-after-sustained-inflow-surge/,thearabianpost.com,20260307T071500Z,,English,Crypto,
OKX unveils Orbit to bring social trading,https://thearabianpost.com/okx-unveils-orbit-to-bring-social-trading/,thearabianpost.com,20260307T071500Z,,English,Crypto,
Cardano expands retail payments across Swiss supermarkets,https://thearabianpost.com/cardano-expands-retail-payments-across-swiss-supermarkets/,thearabianpost.com,20260307T071500Z,,English,Crypto,
"Forget Gold at $5 , 000 an Ounce . Here Why a Simple Crypto Portfolio Might Be the Smarter  Hard Asset  Bet . ",https://www.fool.com/investing/2026/03/06/forget-gold-at-5000-an-ounce-heres-why-a-simple-cr/,fool.com,20260307T071500Z,https://g.foolcdn.com/editorial/images/857302/bitcoin-as-bars-of-gold.jpg,English,Crypto,
3 Things Every Strategy Investor Needs to Know,https://finance.yahoo.com/news/3-things-every-strategy-investor-234500863.html,finance.yahoo.com,20260307T070000Z,https://s.yimg.com/ny/api/res/1.2/ljgvkKYHS9PBOwi7GQTpJA--/YXBwaWQ9aGlnaGxhbmRlcjt3PTEyMDA7aD04MDA-/https://media.zenfs.com/en/motleyfool.com/c9ab018ddddb6ba5d8462e92a74a1790,English,Crypto,
Share of equity mutual funds in portfolio of women investor surge to 32 % in 5 years : Report,https://economictimes.indiatimes.com/mf/mf-news/share-of-equity-mutual-funds-in-portfolio-of-women-investor-surge-to-32-in-5-years-report/articleshow/129195266.cms,economictimes.indiatimes.com,20260307T051500Z,"https://img.etimg.com/thumb/msid-129195277,width-1200,height-630,imgsize-70764,overlay-etwealthmutualfunds/articleshow.jpg",English,Crypto,
"The 31 , 900 Bitcoin Purge : Why March 4 Marked An Institutional Bitcoin Floor",https://www.newsbtc.com/bitcoin-news/the-31900-bitcoin-purge-why-march-4-marked-an-institutional-bitcoin-floor/,newsbtc.com,20260307T044500Z,https://www.newsbtc.com/wp-content/uploads/2026/03/Untitled-design-25.jpg?fit=1792%2C1024,English,Crypto,
Post - Crash Purge : XRP 60 % Valuation Reset Meets a Record Low in Exchange Liquidity,https://www.newsbtc.com/xrp-news/post-crash-purge-xrps-60-valuation-reset-meets-a-record-low-in-exchange-liquidity/,newsbtc.com,20260307T044500Z,https://www.newsbtc.com/wp-content/uploads/2026/03/Untitled-design-23.jpg?fit=1792%2C1024,English,Crypto,
XRP ETFs see a flood of inflows but price isnt keeping up,https://finance.yahoo.com/news/xrp-etfs-see-flood-inflows-213015345.html,finance.yahoo.com,20260307T034500Z,https://s.yimg.com/ny/api/res/1.2/I7gJDuz3AP4710M35HBsfw--/YXBwaWQ9aGlnaGxhbmRlcjt3PTEyMDA7aD03ODU-/https://media.zenfs.com/en/dlnews_702/fad802f3703af535f9a8310310884393,English,Crypto,
Peter Schiff warnt Krypto - Anleger : Bitcoin verkaufen ! - Massiver Kurssturz droht,https://www.finanzen.ch/nachrichten/devisen/peter-schiff-warnt-krypto-anleger-bitcoin-verkaufen!-massiver-kurssturz-droht-1035899184,finanzen.ch,20260307T033000Z,https://images.finanzen.ch/images/ratgeber/newsletter/2022/bitcoin-shorten-krypto-coin-ratgeber-1933376750-660.jpg,German,Crypto,
Top 10 Free Bitcoin Mining Sites 2026 : 8 Trusted Picks for the U . S . ,https://www.directionsmag.com/crypto/top-10-free-bitcoin-mining-sites,directionsmag.com,20260307T023000Z,,English,Crypto,
Adaptive Market Algorithms In Forex Automation,https://bravenewcoin.com/sponsored/article/adaptive-market-algorithms-in-forex-automation,bravenewcoin.com,20260307T023000Z,https://bravenewcoin.com/wp-content/uploads/2026/03/Screenshot-2026-03-06-at-12.36.44-PM.png,English,Crypto,
Bitcoinde sert fren : Zirveden 5 bin dolarlık düşüş ! - Haber Hürriyeti,https://www.haberhurriyeti.com/haber/27585521/bitcoinde-sert-fren-zirveden-5-bin-dolarlik-dusus,haberhurriyeti.com,20260307T013000Z,https://static.daktilo.com/sites/423/uploads/2026/03/07/1883826-1772841839.jpg,Turkish,Crypto,
Why this fired OpenAI employee is betting $1bn on Bitcoin miners,https://finance.yahoo.com/news/why-fired-openai-employee-betting-172639848.html,finance.yahoo.com,20260307T011500Z,https://s.yimg.com/ny/api/res/1.2/emBqus2bV8vZRc5cPs5pGQ--/YXBwaWQ9aGlnaGxhbmRlcjt3PTEyMDA7aD03ODU-/https://media.zenfs.com/en/dlnews_702/91010cb6ee9fb60c4f19f785bff709f5,English,Crypto,
AI XRP Price Prediction : ChatGPT and DeepSeek Say XRP Will Outperform Bitcoin in 2026,https://finance.yahoo.com/news/ai-xrp-price-prediction-chatgpt-165219217.html,finance.yahoo.com,20260307T011500Z,https://s.yimg.com/ny/api/res/1.2/HYs_govekVeQ5ti0PHF1vw--/YXBwaWQ9aGlnaGxhbmRlcjt3PTEyMDA7aD03OTM-/https://media.zenfs.com/en/24_7_wall_st__718/b00f08f7863c5f5da5085ecaf56fb100,English,Crypto,
Weekly market update : Markets caught in the cycle,https://www.marketscreener.com/news/weekly-market-update-markets-caught-in-the-cycle-ce7e5fd8d18af524,marketscreener.com,20260307T004500Z,https://cdn.zonebourse.com/static/resize/0/0/images/ImagesTagged/zbimg_4108612_800.jpg,English,Crypto,
"Vitalik Drops Ethereum Endgame Bombshell : ETH USD to $3 , 000 ? ",https://finance.yahoo.com/news/vitalik-drops-ethereum-endgame-bombshell-083137533.html,finance.yahoo.com,20260307T003000Z,https://s.yimg.com/os/en/cryptonews_us_711/b40081ef4f23c7555ed9fbacb2e0a509,English,Crypto,
Bank Regulators Clarify That Crypto Qualifies as Collateral Under Capital Reserves Rule,https://www.pymnts.com/cpi-posts/bank-regulators-clarify-that-crypto-qualifies-as-collateral-under-capital-reserves-rule/,pymnts.com,20260306T230000Z,https://www.pymnts.com/wp-content/uploads/2026/02/cryptocurrency-bitcoin-blockchain.jpeg,English,Crypto,
XRP Price Prediction 2026 : Visa and Stripe Push Stablecoins Into,https://www.openpr.com/news/4415884/xrp-price-prediction-2026-visa-and-stripe-push-stablecoins-into,openpr.com,20260306T220000Z,https://cdn.open-pr.com/L/3/L306175591_g.jpg,English,Crypto,
"Bitcoin , Ethereum , XRP , Dogecoin Slide 4 % In  Classic Friday Selloff  ",https://www.benzinga.com/crypto/cryptocurrency/26/03/51109032/bitcoin-ethereum-xrp-dogecoin-slide-4-in-classic-friday-selloff,benzinga.com,20260306T211500Z,https://cdn.benzinga.com/files/images/story/2026/03/06/Crypto-Market-Wipeout.jpeg?&fit=crop,English,Crypto,
California taxpayer - backed pension systems invest in Bitcoin and crypto – Whittier Daily News,https://www.whittierdailynews.com/2026/03/06/californias-taxpayer-backed-pension-systems-invest-in-bitcoin-and-crypto/,whittierdailynews.com,20260306T211500Z,https://www.whittierdailynews.com/wp-content/uploads/2026/03/Kidnapping-Crypto_Theft_36849-1.jpg,English,Crypto,
"How Morgan Stanley , TD Cowen , Citibank Are Embracing Bitcoin",https://www.benzinga.com/crypto/cryptocurrency/26/03/51110749/how-morgan-stanley-td-cowen-citibank-are-embracing-bitcoin,benzinga.com,20260306T211500Z,https://cdn.benzinga.com/files/images/story/2026/03/06/Bitcoin-On-A-Stack-Of-Coins-With-Morgan-.jpeg?&fit=crop,English,Crypto,
"1 Overhyped Stock That Could Turn $100 , 000 Into Nothing",https://www.fool.ca/2026/03/06/1-overhyped-stock-that-could-turn-100000-into-nothing/,fool.ca,20260306T211500Z,https://www.fool.ca/wp-content/uploads/2024/08/data-center-woman-holding-laptop-1200x675.jpg,English,Crypto,
Crypto News : New Crypto Pepeto Declare $7 . 666M in Record Demand as Cardano Price Prediction Eyes $5,https://www.manilatimes.net/2026/03/07/tmt-newswire/globenewswire/crypto-news-new-crypto-pepeto-declare-7666m-in-record-demand-as-cardano-price-prediction-eyes-5/2295093,manilatimes.net,20260306T210000Z,https://www.manilatimes.net/manilatimes/uploads/images/2026/03/07/963514.jpg,English,Crypto,
"How private credit cracks at BlackRock , Blue Owl could hit crypto and DeFi markets",https://www.coindesk.com/markets/2026/03/06/blackrock-private-credit-fund-is-latest-to-crack-hitting-crypto-prices-and-defi-markets,coindesk.com,20260306T204500Z,https://cdn.sanity.io/images/s3y3vcno/production/9dbf120f0019fae1d0d7e83fb8662b464a02d673-1920x1080.jpg?auto=format&crop=focalpoint&fit=clip&q=75&fm=jpg,English,Crypto,
California taxpayer - backed pension systems invest in Bitcoin and crypto – Daily Bulletin,https://www.dailybulletin.com/2026/03/06/californias-taxpayer-backed-pension-systems-invest-in-bitcoin-and-crypto/,dailybulletin.com,20260306T203000Z,https://www.dailybulletin.com/wp-content/uploads/2026/03/Kidnapping-Crypto_Theft_36849-1.jpg,English,Crypto,
What Newcomers Should Know About Prediction Markets,https://www.fwweekly.com/2026/03/06/what-newcomers-should-know-about-prediction-markets/,fwweekly.com,20260306T191500Z,https://www.fwweekly.com/wp-content/uploads/2026/03/Prediction-Markets.jpg,English,Crypto,
"Bitcoin dives again after disappointing jobs report , ending midweek rally",https://fortune.com/2026/03/06/bitcoin-dives-again-after-disappointing-jobs-report-ending-midweek-rally/,fortune.com,20260306T190000Z,https://fortune.com/img-assets/wp-content/uploads/2026/03/GettyImages-2247341381-1-e1772819027111.jpg,English,Crypto,
Bitcoin Liquidation Map Predicts The Next Targets To Watch Out For,https://www.newsbtc.com/news/bitcoin/bitcoin-liquidation-map-target/,newsbtc.com,20260306T190000Z,https://www.newsbtc.com/wp-content/uploads/2026/02/Bitcoin-from-Pngtree-32-1.png?fit=1200%2C673,English,Crypto,
"Bitcoin Plunges To $68 , 000 As Oil Surges Beyond $90 : End Of The Relief Rally ? ",https://www.benzinga.com/crypto/cryptocurrency/26/03/51106060/bitcoin-plunges-to-68000-as-oil-surges-beyond-90-end-of-the-relief-rally,benzinga.com,20260306T184500Z,https://cdn.benzinga.com/files/images/story/2026/03/06/Bitcoin.jpeg?&fit=crop,English,Crypto,
"Watch This Signal For A Bitcoin Bottom , Bitwise Matt Hougan Says",https://www.benzinga.com/crypto/cryptocurrency/26/03/51102262/watch-this-signal-for-a-bitcoin-bottom-bitwises-matt-hougan-says,benzinga.com,20260306T173000Z,https://cdn.benzinga.com/files/images/story/2026/03/06/Golden-Bitcoin-Coin-In-Red-And-Blue-Smok_1.jpeg?&fit=crop,English,Crypto,
"Top Crypto to Buy Now in 2026 : XRP Expands Payments , Solana Hits",https://www.openpr.com/news/4415662/top-crypto-to-buy-now-in-2026-xrp-expands-payments-solana-hits,openpr.com,20260306T171500Z,https://cdn.open-pr.com/L/3/L306341607_g.jpg,English,Crypto,
Kazakhstan Central Bank To Channel $350 Million Of Reserves Into Crypto And Bitcoin  Investments,https://bitcoinmagazine.com/news/kazakhstans-central-bank-bitcoin,bitcoinmagazine.com,20260306T170000Z,https://bitcoinmagazine.com/wp-content/uploads/2026/03/Kazakhstans-Central-Bank-to-Channel-350-Million-of-Reserves-into-Crypto-and-Bitcoin-Investments.jpg,English,Crypto,
"Everygame Review : Poker , Sports Betting and Casino Options Galore ! ",https://www.flushdraw.net/review/everygame-eu/,flushdraw.net,20260306T164500Z,https://online-betting.ph/wp-content/uploads/2022/03/everygame-welcome.jpg,English,Crypto,
"BetOnline Sports , Casino and Poker - FULL ANALYSIS",https://www.flushdraw.net/review/betonline-ag/,flushdraw.net,20260306T164500Z,https://medias.vegasbetting.com/7Tw9pvc.5OAV~685e9/w:300/h:474/q:90/https://media.vegasbetting.com/app/uploads/BetOnline-Mobile-Screen-aspect-ratio-190-300.png,English,Crypto,
Why Vancouver Rejected the  Bitcoin - Friendly City  Push And the Real Bitcoin City Youve Never Heard Of,https://finance.yahoo.com/news/why-vancouver-rejected-bitcoin-friendly-154715697.html,finance.yahoo.com,20260306T161500Z,https://s.yimg.com/ny/api/res/1.2/kzWq2_mJ3a_VW.4ZI4x0Hg--/YXBwaWQ9aGlnaGxhbmRlcjt3PTEyMDA7aD02NzU-/https://media.zenfs.com/en/ccn_928/d9134ddbfe9808812be23ff03a851e61,English,Crypto,
"March 5 , 2026 - CU Independent",https://www.cuindependent.com/2026/03/05/,cuindependent.com,20260306T161500Z,,English,Crypto,
When will the Bitcoin bear market end ? ,https://www.moneysense.ca/columns/canadian-crypto-observer/when-will-the-bitcoin-bear-market-end/,moneysense.ca,20260306T160000Z,https://www.moneysense.ca/wp-content/uploads/2026/03/crypto-bear-market.jpg,English,Crypto,
Aptos Price Prediction After Supply Cap Vote and XRP Deutsche,https://www.openpr.com/news/4415617/aptos-price-prediction-after-supply-cap-vote-and-xrp-deutsche,openpr.com,20260306T160000Z,https://cdn.open-pr.com/L/3/L306818610_g.jpg,English,Crypto,
"Strike wins New York BitLicense , clearing path for bitcoin financial services rollout",https://www.coindesk.com/business/2026/03/06/strike-secures-new-york-bitlicense-opening-bitcoin-financial-services-to-state-residents,coindesk.com,20260306T154500Z,https://cdn.sanity.io/images/s3y3vcno/production/11e4b90f1b2469560a3c7c4966030881c0fba576-1920x1080.jpg?auto=format&crop=focalpoint&fit=clip&q=75&fm=jpg,English,Crypto,
Solana ETFs Are  Defying Physic With $1 . 5B Inflows Despite 57 % Crash,https://www.benzinga.com/crypto/cryptocurrency/26/03/51097580/solana-etfs-are-defying-physics-with-1-5b-inflows-despite-57-crash,benzinga.com,20260306T154500Z,https://cdn.benzinga.com/files/images/story/2026/03/06/ETH--SOL-Slide.jpeg?&fit=crop,English,Crypto,
Russia Considers Simplified Licensing Path For Bank - Run Crypto Exchanges,https://bitcoinmagazine.com/news/russia-considers-bank-run-crypto-exchanges,bitcoinmagazine.com,20260306T154500Z,https://bitcoinmagazine.com/wp-content/uploads/2026/03/Russia-Considers-Simplified-Licensing-Path-for-Bank-Run-Crypto-Exchanges.jpg,English,Crypto,
"Strike Secures New York BitLicense , Opening Bitcoin Financial Services To State Residents",https://bitcoinmagazine.com/news/strike-secures-new-york-bitlicense,bitcoinmagazine.com,20260306T154500Z,https://bitcoinmagazine.com/wp-content/uploads/2026/03/Pics-16.jpg,English,Crypto,
Bitcoin ( BTC ) price by short - termism as rally fades ahead of U . S . payrolls report : Crypto Daybook Americas,https://www.coindesk.com/daybook-us/2026/03/06/bitcoin-hit-by-short-termism-as-rally-fades-ahead-of-u-s-jobs-data,coindesk.com,20260306T154500Z,https://cdn.sanity.io/images/s3y3vcno/production/e20cf5bad65e14b3f5c22eed278152d5a5543745-1920x1080.jpg?auto=format,English,Crypto,
Bitcoin fails to sustain breakout momentum as rate hikes beckon : Crypto Markets Today,https://www.coindesk.com/markets/2026/03/06/bitcoin-extends-decline-from-usd74-000-derivatives-data-point-to-cautious-positioning,coindesk.com,20260306T154500Z,https://cdn.sanity.io/images/s3y3vcno/production/ba646ce591ec139ea7e3750a9b5df3b9ded2d031-1920x1080.jpg?auto=format&crop=focalpoint&fit=clip&q=75&fm=jpg,English,Crypto,
"Baystreet . ca - Crypto Rally Fades As Bitcoin Drops Below $70 , 000",http://baystreet.ca/cryptonews/1258/Crypto-Rally-Fades-As-Bitcoin-Drops-Below-70000,baystreet.ca,20260306T154500Z,http://baystreet.ca/images/articlegroups/original/47/cryptonews4.jpg,English,Crypto,
Kazakhstan central bank to invest up to $350 million in crypto and digital asset markets,https://www.coindesk.com/business/2026/03/06/kazakhstan-central-bank-to-invest-usd350-million-worth-of-gold-forex-reserves-into-digital-assets,coindesk.com,20260306T154500Z,https://cdn.sanity.io/images/s3y3vcno/production/9ec64a746d97a51b241bec255278834bd9d46da7-1920x1080.jpg?auto=format,English,Crypto,
Bitcoin ETF Flows Defend $70K BTC Price : New Layer 2 Next ? ,https://partners.coinspeaker.com/bitcoin-etf-flows-defend-70k-btc-usd-price-new-layer-2-next,partners.coinspeaker.com,20260306T154500Z,https://partners.coinspeaker.com/wp-content/uploads/sites/14/2026/03/hyper2.jpg,English,Crypto,
Bitcoin Is a Real - Time Sentiment Gauge for Weekend Warmongering,https://cointelegraph.com/features/bitcoin-real-time-sentiment-gauge-weekend-war,cointelegraph.com,20260306T151500Z,"https://images.cointelegraph.com/cdn-cgi/image/f=auto,onerror=redirect,w=1200/https://s3.cointelegraph.com/uploads/2026-03/019cb8c7-4f10-7ffe-a6e5-144580dead5d.jpg",English,Crypto,
Bybit and Block Scholes Report Highlights Crypto Market Resilience Amid Geopolitical Tensions,https://www.financial-news.co.uk/bybit-and-block-scholes-report-highlights-crypto-market-resilience-amid-geopolitical-tensions/,financial-news.co.uk,20260306T150000Z,,English,Crypto,
"XRP Surges , Solargy Energy Presale Excites Investors",https://www.openpr.com/news/4415555/xrp-surges-solargy-energy-presale-excites-investors,openpr.com,20260306T150000Z,https://cdn.open-pr.com/L/3/L306880469_g.jpg,English,Crypto,
"Should You Buy XRP With $1 , 000 , or Zcash ( ZEC )? ",https://www.fool.com/investing/2026/03/06/should-you-buy-xrp-with-1000-or-zcash-zec/?source=iedfolrf0000001,fool.com,20260306T143000Z,https://g.foolcdn.com/editorial/images/858980/investors-gather-around-a-table-at-work.jpg,English,Crypto,
"Prediction Markets Put Just 11 % Odds on Bitcoin Reaching $150 , 000 by Year - End -- Is That Too Bearish ? ",https://www.fool.com/investing/2026/03/06/prediction-markets-put-just-11-odds-on-bitcoin-rea/?source=iedfolrf0000001,fool.com,20260306T143000Z,https://g.foolcdn.com/editorial/images/857285/gettyimages-1433445204.jpg,English,Crypto,
"Bitcoin Rally May Be Setting Up A Macro Lower High , Analyst Says",https://www.newsbtc.com/news/bitcoin/bitcoin-macro-lower-high/,newsbtc.com,20260306T143000Z,https://www.newsbtc.com/wp-content/uploads/2026/03/Bitcoin-from-Pixabay-50.jpg?fit=1280%2C848,English,Crypto,
US - sanctioned gas tanker reportedly transited the Strait of Hormuz this morning ; US equity futures softer into NFP - Newsquawk US Opening News,https://www.zerohedge.com/markets/us-sanctioned-gas-tanker-reportedly-transited-strait-hormuz-morning-us-equity-futures,zerohedge.com,20260306T134500Z,https://assets.zerohedge.com/s3fs-public/styles/16_9_max_700/public/2026-03/US-Opening-News_3.png?itok=bB2dxd1t,English,Crypto,
Can the recent Bitcoin rally last long ? - London Business News,https://londonlovesbusiness.com/can-the-recent-bitcoin-rally-last-long/,londonlovesbusiness.com,20260306T134500Z,https://mloyoq1wv9pf.i.optimole.com/cb:6uVl.ffa/w:auto/h:auto/q:mauto/f:best/https://londonlovesbusiness.com/wp-content/uploads/2024/07/Bitcoin-mining.jpg,English,Crypto,
"BTCC exchange review : Security , features and more - London Business News",https://londonlovesbusiness.com/btcc-exchange-review-security-features-and-more/,londonlovesbusiness.com,20260306T134500Z,https://mloyoq1wv9pf.i.optimole.com/cb:6uVl.ffa/w:auto/h:auto/q:mauto/f:best/https://londonlovesbusiness.com/wp-content/uploads/2024/06/Crypto-trading-new.jpg,English,Crypto,
"Cryptos Decline Amidst CLARITY Act Delay , ETF Outflows",https://www.rttnews.com/3628588/cryptos-decline-amidst-clarity-act-delay-etf-outflows.aspx,rttnews.com,20260306T134500Z,https://cdn.rttnews.com/articleimages/ustopstories/2026/march/bitcoin-06032026-lt.jpg,English,Crypto,
Fineqia International Matteo Greco on crypto ETP outflows : market reset or bear phase ? ,https://www.proactiveinvestors.com/companies/news/1088459/fineqia-international-s-matteo-greco-on-crypto-etp-outflows-market-reset-or-bear-phase-1088459.html,proactiveinvestors.com,20260306T133000Z,https://cdn.proactiveinvestors.com/eyJidWNrZXQiOiJwYS1jZG4iLCJrZXkiOiJ1cGxvYWRcL05ld3NcL0ltYWdlXC8yMDI2XzAzXC95SWc5NTdMZk5UcEVMUHRzY25qSkdXMVlHVzZLeVpNaERhZWV0Wml0LmpwZyIsImVkaXRzIjp7InJlc2l6ZSI6eyJ3aWR0aCI6MTIwMCwiaGVpZ2h0Ijo2MzAsImZpdCI6ImNvdmVyIn19fQ==,English,Crypto,
"Kevin O  Leary Backs Large - Scale Data Centre Projects in US , Canada to Provide Gigawatts of AI - Ready Power",https://www.ibtimes.com/kevin-o-leary-backs-large-scale-data-centre-projects-us-canada-provide-gigawatts-ai-ready-power-3798538,ibtimes.com,20260306T133000Z,https://d.ibtimes.com/en/full/4641882/kevin-oleary.png,English,Crypto,
"Crypto Bounces Back , Spurring Hopes Coin Has Found Stable Price Floor",https://finance.yahoo.com/news/crypto-bounces-back-spurring-hopes-050100724.html,finance.yahoo.com,20260306T133000Z,https://s.yimg.com/ny/api/res/1.2/VEp1aSHLWNb9pq7QsTHDGw--/YXBwaWQ9aGlnaGxhbmRlcjt3PTEyMDA7aD02NzY-/https://media.zenfs.com/en/the_daily_upside_435/1dca74e159acb81e5f84c37786723824,English,Crypto,
Bitcoin - Kurs aktuell : Bitcoin vor dem Wochenende rutscht auf 69 . 933 USD – Bären - Alarm ? - 06 . 03 . 26,https://www.wallstreet-online.de/nachricht/20586313-bitcoin-kurs-aktuell-bitcoin-wochenende-rutscht-69-933-usd-baeren-alarm-06-03-26,wallstreet-online.de,20260306T133000Z,https://assets.wallstreet-online.de/_media/3129/boerse/size_645/483539857.jpg,German,Crypto,
Shiba Inu ( SHIB ) Attempts Recovery While Mutuum Finance ( MUTM ) ,https://www.openpr.com/news/4415526/shiba-inu-shib-attempts-recovery-while-mutuum-finance-mutm,openpr.com,20260306T133000Z,https://cdn.open-pr.com/L/3/L306440201_g.jpg,English,Crypto,
Odwrócony  altseason  i bessa ? Kryptowaluty krwawią mocniej niż po upadku FTX,https://www.bankier.pl/wiadomosc/Odwrocony-altseason-i-bessa-Kryptowaluty-krwawia-mocniej-niz-po-upadku-FTX-9094014.html,bankier.pl,20260306T121500Z,https://galeria.bankier.pl/p/2/4/24a6c877bae019-948-568-0-75-1773-1063.jpg,Polish,Crypto,
Islay Capital Management LLC Buys New Holdings in The Western Union Company $WU,https://www.themarketsdaily.com/2026/03/06/islay-capital-management-llc-buys-new-holdings-in-the-western-union-company-wu.html,themarketsdaily.com,20260306T120000Z,,English,Crypto,
1 Number That Shows Why Bitcoin Will Go Higher in the Long Term,https://www.fool.com/investing/2026/03/06/1-number-that-shows-why-bitcoin-will-go-higher-ove/?source=iedfolrf0000001,fool.com,20260306T120000Z,,English,Crypto,
2 Reasons to Buy Bitcoin Before June 2026,https://www.fool.com/investing/2026/03/06/x-reasons-to-buy-cryptocurrency-before-date/?source=iedfolrf0000001,fool.com,20260306T120000Z,https://g.foolcdn.com/editorial/images/857154/bitcoin-bull.jpg,English,Crypto,
Billionaires Are Loading Up on Index Funds While Retail Investors Chase Crypto . Here Which Side Id Bet on for 2035 . ​,https://www.fool.com/investing/2026/03/06/billionaires-are-loading-up-on-index-funds-while-r/?source=iedfolrf0000001,fool.com,20260306T120000Z,https://g.foolcdn.com/editorial/images/857309/two-investors-look-at-figures.jpg,English,Crypto,
Should You Forget Bitcoin and Buy Franco - Nevada Instead ? ,https://www.fool.com/investing/2026/03/06/should-you-forget-bitcoin-and-buy-franco-nevada-in/?source=iedfolrf0000001,fool.com,20260306T120000Z,https://g.foolcdn.com/editorial/images/857157/23_06_19-three-golden-eggs-in-a-basket-made-of-money-_mf-dload.jpg,English,Crypto,
Better Cryptocurrency to Buy and Hold for 10 Years or More : Bitcoin vs . Cardano,https://www.fool.com/investing/2026/03/06/better-cryptocurrency-to-buy-and-hold-for-10-years/?source=iedfolrf0000001,fool.com,20260306T120000Z,https://g.foolcdn.com/editorial/images/857984/bitcoin-digital-flux.jpg,English,Crypto,
Finance and technology : united kingdom charts its own regulatory course on cryptoassets,https://www.ibanet.org/Finance-and-technology-UK-charts-its-own-regulatory-course-on-cryptoassets,ibanet.org,20260306T120000Z,https://www.ibanet.org/medias/uk-cryptoassets-thumbnail.png?context=bWFzdGVyfGltYWdlc3wxNjMxNjh8aW1hZ2UvcG5nfGFESXlMMmhsWkM4NU16STRNREl3TmpVeU1EWXlMM1ZySUdOeWVYQjBiMkZ6YzJWMGN5QjBhSFZ0WW01aGFXd3VjRzVufGNhZTBlMzExMTlhNzMzZGM3MGI5N2M2ZjFhM2I4MjM3N2NkZDk1NTk5MTBiYmM0OGJmNjExOTRmZGZlMGM5YzY,English,Crypto,
Bitcoin Safe Haven Narrative Returns : Will Global Instability Push Investors Toward BTC ? ,https://sofokleous10.gr/2026/03/06/bitcoin-safe-haven-narrative-returns-will-global-instability-push-investors-toward-btc/,sofokleous10.gr,20260306T111500Z,https://sofokleous10.gr/wp-content/uploads/2026/03/3003050-bitcoin-safe-haven-narrative-returns-will-global-instability-push-investors-toward-btc.png,English,Crypto,
Altcoin Season  Game Is Over : Matt Hougan,https://cointelegraph.com/news/altcoin-seasons-are-over-expect-non-traditional-cycles-ahead-bitwise-cio,cointelegraph.com,20260306T110000Z,"https://images.cointelegraph.com/cdn-cgi/image/f=auto,onerror=redirect,w=1200/https://s3.cointelegraph.com/uploads/2026-03/019cc1ab-24c6-700c-bbaf-b77c5f82e861.jpg",English,Crypto,
"Bybit and Tether Deepen Strategic Collaboration With  Golden Season , Bringing Gold - Backed Stability to Crypto Investors",https://www.prnewswire.com/news-releases/bybit-and-tether-deepen-strategic-collaboration-with-golden-season-bringing-gold-backed-stability-to-crypto-investors-302706545.html,prnewswire.com,20260306T104500Z,,English,Crypto,
ANALİZ : Kripto para piyasasında  İran  uykusuzluğu,https://www.timeturk.com/ekonomi/analiz-kripto-para-piyasasinda-iran-uykusuzlugu-haber-1829572,timeturk.com,20260306T103000Z,https://www.timeturk.com/ekonomi/analiz-kripto-para-piyasasinda-iran-uykusuzlugu-haber-1829572.webp,Turkish,Crypto,
"Women hold just 25 % of mutual fund folios , start investing 5 years later than men : Report",https://economictimes.indiatimes.com/mf/mf-news/women-hold-just-25-of-mutual-fund-folios-start-investing-5-years-later-than-men-report/articleshow/129145500.cms,economictimes.indiatimes.com,20260306T101500Z,"https://img.etimg.com/thumb/msid-129145469,width-1200,height-630,imgsize-12340,overlay-etwealthmutualfunds/articleshow.jpg",English,Crypto,
"Crypto - Games . io - Your Premier Crypto Casino : Bitcoin , Ethereum & More ! ",https://crypto-games.io/en/casino?r=RepurposedWebsites_USA&clickId=fx_b147771_a6e62020ff10ecc9eeb14691df402594_1,crypto-games.io,20260306T101500Z,,English,Crypto,
How We Evaluate,https://www.ccenterdispatch.com/our-review-methodology/,ccenterdispatch.com,20260306T101500Z,,English,Crypto,
NFO Alert : Aditya Birla Sun Life Mutual Fund launches Apex SIF maiden strategy with Hybrid Long - Short Fund,https://economictimes.indiatimes.com/mf/mf-news/nfo-alert-aditya-birla-sun-life-mutual-fund-launches-apex-sifs-maiden-strategy-with-hybrid-long-short-fund/articleshow/129142811.cms,economictimes.indiatimes.com,20260306T094500Z,"https://img.etimg.com/thumb/msid-129142759,width-1200,height-630,imgsize-5024,overlay-etwealthmutualfunds/articleshow.jpg",English,Crypto,
Crude eases as China negotiates safe passage through Hormuz ; US jobs awaits - Newsquawk EU Market Open,https://www.zerohedge.com/markets/crude-eases-china-negotiates-safe-passage-through-hormuz-us-jobs-awaits-newsquawk-eu-market,zerohedge.com,20260306T093000Z,https://assets.zerohedge.com/s3fs-public/styles/16_9_max_700/public/2026-03/Euro-Opening-News_3.png?itok=oZzz0904,English,Crypto,
Best Crypto to Buy in a Bear Market ? LiquidChain Cross - Chain Model Stands Out,https://www.newsbtc.com/sponsored/best-crypto-to-buy-in-a-bear-market-liquidchains-cross-chain-model-stands-out/,newsbtc.com,20260306T093000Z,https://www.newsbtc.com/wp-content/uploads/2026/03/IMG_0830.jpeg,English,Crypto,
Why Trump latest Truth should make TradFi twitchy,https://www.risk.net/our-take/7963191/why-trump%E2%80%99s-latest-truth-should-make-tradfi-twitchy,risk.net,20260306T084500Z,https://www.risk.net/sites/default/files/styles/metatag_image_large_webp/public/2026-03/Trump-meme-coin.jpg.webp?b4&itok=5P3tVcVO,English,Crypto,
Eddid Financial Awards Bitcoin and Cash in Innovative Bonus Scheme,https://www.thailand-business-news.com/pr-news/eddid-financial-awards-bitcoin-and-cash-in-innovative-bonus-scheme,thailand-business-news.com,20260306T084500Z,,English,Crypto,
Circle Internet Group ( NYSE : CRCL ) Price Target Raised to $100 . 00,https://www.tickerreport.com/banking-finance/13369284/circle-internet-group-nysecrcl-price-target-raised-to-100-00.html,tickerreport.com,20260306T081500Z,,English,Crypto,
Bitcoin Roars Back : Here What Drove a 7 % Surge In the World Largest Cryptocurrency Today,https://finance.yahoo.com/news/bitcoin-roars-back-heres-drove-193948688.html,finance.yahoo.com,20260306T080000Z,https://s.yimg.com/ny/api/res/1.2/7iMJN_lwrVJQmOhtZujCMQ--/YXBwaWQ9aGlnaGxhbmRlcjt3PTEyMDA7aD02MzM-/https://media.zenfs.com/en/motleyfool.com/140468a958fe7f4d9c550af355dd38ca,English,Crypto,
KuCoin Named Bitcoin Spot Growth Leader and Top Performer in CryptoQuant Annual Exchange Leader Report 2025,https://www.manilatimes.net/2026/03/06/tmt-newswire/pr-newswire/kucoin-named-bitcoin-spot-growth-leader-and-top-performer-in-cryptoquants-annual-exchange-leader-report-2025/2294633,manilatimes.net,20260306T074500Z,https://www.manilatimes.net/manilatimes/uploads/images/2026/03/06/962603.jpg,English,Crypto,
"Bitcoin tops $73 , 000 as investors look for a hedge , crypto stocks surge after Kraken news",https://finance.yahoo.com/news/bitcoin-tops-73000-as-investors-look-for-a-hedge-crypto-stocks-surge-after-kraken-news-175357273.html,finance.yahoo.com,20260306T074500Z,https://s.yimg.com/ny/api/res/1.2/AO5RBYMomqyFL4Z2L01Xmw--/YXBwaWQ9aGlnaGxhbmRlcjt3PTEyMDA7aD0xMDcx/https://s.yimg.com/os/creatr-uploaded-images/2022-06/1701f760-eb3d-11ec-9fcd-fda7580ab069,English,Crypto,
XRP Is Soaring Today -- Is the Cryptocurrency a Buy ? ,https://finance.yahoo.com/news/xrp-soaring-today-cryptocurrency-buy-190057011.html,finance.yahoo.com,20260306T071500Z,https://s.yimg.com/ny/api/res/1.2/cdWP_8ey48aVibVf5nBKJA--/YXBwaWQ9aGlnaGxhbmRlcjt3PTEyMDA7aD04MDA-/https://media.zenfs.com/en/motleyfool.com/a9d2055360f6ca99a67c233860719cf0,English,Crypto,
"Top Crypto Price Predictions : Lombard , Humanity Protocol , OKB",https://www.banklesstimes.com/articles/2026/03/06/top-crypto-price-predictions-lombard-humanity-protocol-okb/,banklesstimes.com,20260306T064500Z,https://cdn.banklesstimes.com/bt/content/uploads/2024/06/1691155736-OKX.jpg,English,Crypto,
Arthur Hayes Says Rising Treasury Yields Could Trigger A Money - Printing Bailout And  Benefit  Bitcoin,https://www.benzinga.com/crypto/cryptocurrency/26/03/51088992/arthur-hayes-says-rising-treasury-yields-could-trigger-a-money-printing-bailout-and-benefit,benzinga.com,20260306T064500Z,https://cdn.benzinga.com/files/images/story/2026/03/06/Bitcoin-Btc-Virtual-Cryptocurrency-In-Fr.jpeg?&fit=crop,English,Crypto,
How Iran is fighting a war under sanctions : The secret Bitcoin mining keeping its economy afloat,https://www.moneycontrol.com/world/how-iran-is-fighting-a-war-under-sanctions-the-secret-bitcoin-mining-keeping-its-economy-afloat-article-13852652.html,moneycontrol.com,20260306T064500Z,https://images.moneycontrol.com/static-mcnews/2026/03/20260303111138_Iran-.jpg,English,Crypto,
Construction Begins at 1M Qubit Quantum Facility,https://cointelegraph.com/news/construction-quantum-facility-1m-qubits-begins,cointelegraph.com,20260306T060000Z,"https://images.cointelegraph.com/cdn-cgi/image/f=auto,onerror=redirect,w=1200/https://s3.cointelegraph.com/uploads/2026-03/019cbffb-4c57-78a3-83d2-01e9746d56b8.jpg",English,Crypto,
"Bitcoin Price Faces  Make - or - Break  Support at $62 , 300 Amid $9B ETF Outflow Pressure",https://finance.yahoo.com/news/bitcoin-price-faces-break-support-175903252.html,finance.yahoo.com,20260306T060000Z,https://s.yimg.com/os/en/coinspeaker_us_106/76d2a95529290f4eaf98caeb5f3531ce,English,Crypto,
Lyn Alden Tips Bitcoin Outperforming Gold Through to 2029,https://cointelegraph.com/news/bitcoin-gold-outperform-prediction-macroeconomist-lyn-alden,cointelegraph.com,20260306T060000Z,"https://images.cointelegraph.com/cdn-cgi/image/f=auto,onerror=redirect,w=1200/https://s3.cointelegraph.com/uploads/2026-03/019cc0fb-8eae-7357-b876-d6b4d9476174.jpg",English,Crypto,
"Prediction Markets Are Pricing in Pennies for a $150 , 000 Bitcoin by March -- Here Why I Still Wouldnt Bet Against This Crypto Wild Card",https://finance.yahoo.com/news/prediction-markets-pricing-pennies-150-043500832.html,finance.yahoo.com,20260306T051500Z,https://s.yimg.com/ny/api/res/1.2/tbdn85jpv_.Jqt4rUqgZVg--/YXBwaWQ9aGlnaGxhbmRlcjt3PTEyMDA7aD04MDA-/https://media.zenfs.com/en/motleyfool.com/3e8a7edf808d5f88e007cf39e5357307,English,Crypto,
"Bitcoin Prints A 2022 - Like Iran War Chart , But It Not",https://www.newsbtc.com/bitcoin-news/bitcoin-2022-like-iran-war-chart/,newsbtc.com,20260306T044500Z,https://www.newsbtc.com/wp-content/uploads/2026/03/ChatGPT-Image-Mar-5-2026-01_19_14-PM.png?fit=1222%2C814,English,Crypto,
Digital Currency & Blockchain Quarterly Litigation Update,https://www.mondaq.com:443/unitedstates/fintech/1753230/digital-currency-blockchain-quarterly-litigation-update,mondaq.com,20260306T034500Z,http://www.mondaq.com/images/profile/companythumb/477.webp?v=20241101121702,English,Crypto,
"Bitcoin , Ethereum , XRP , Dogecoin Fall , While Oil Surges Amid Middle East War : Analytics Firm Says BTC Is  Still In A Bear Market  - Grayscale Bitcoin Mini Trust ( BTC ) ( ARCA : BTC ) ",https://www.benzinga.com/crypto/cryptocurrency/26/03/51088542/bitcoin-ethereum-xrp-dogecoin-fall-while-oil-surges-amid-middle-east-war-analytics-firm-say,benzinga.com,20260306T031500Z,https://cdn.benzinga.com/files/images/story/2026/03/05/London--Uk---January-26--2024-Photograph.jpeg?&fit=crop,English,Crypto,
"Netflix Buys Affleck Secret AI Company , Claude Dethrones ChatGPT , Smart Glasses Lead MWC , AI Layoffs Hit Block",https://www.forbes.com/sites/charliefink/2026/03/05/claude-dethrones-chatgpt-smart-glasses-lead-mwc-ai-layoffs-hit-block/,forbes.com,20260306T030000Z,https://imageio.forbes.com/specials-images/imageserve/69aa2dbcd2bde815bec8a9d6/0x0.jpg?format=jpg&fit=bounds,English,Crypto,
Zcash ( ZEC ) Price Prediction : Social Activity Surges as $233 Support Reclaim Opens Path Towards $260,https://bravenewcoin.com/insights/zcash-zec-price-prediction-social-activity-surges-as-233-support-reclaim-opens-path-towards-260,bravenewcoin.com,20260306T021500Z,https://bravenewcoin.com/wp-content/uploads/2026/03/Bnc-Mar-6-3266.jpg,English,Crypto,
Bitcoin stalls as Iran crisis lingers over crypto sentiments,https://economictimes.indiatimes.com/markets/cryptocurrency/bitcoin-stalls-as-iran-crisis-lingers-over-crypto-sentiments/articleshow/129123481.cms,economictimes.indiatimes.com,20260306T013000Z,"https://img.etimg.com/thumb/msid-129123405,width-1200,height-630,imgsize-490272,overlay-etmarkets/articleshow.jpg",English,Crypto,
"CleanSpark Sells Most February BTC Output , Generating $36 . 6M in Proceeds",https://cointelegraph.com/news/cleanspark-sells-most-february-bitcoin-output-generating-36-6m-in-proceeds,cointelegraph.com,20260306T010000Z,"https://images.cointelegraph.com/cdn-cgi/image/f=auto,onerror=redirect,w=1200/https://s3.cointelegraph.com/uploads/2026-03/019cbf4d-ad26-7820-9579-adbd05eb5526.jpg",English,Crypto,
1 Cryptocurrency Set to Rebound in 2026,https://www.fool.com/investing/2026/03/05/1-cryptocurrency-set-to-rebound-in-2026/?source=iedfolrf0000001,fool.com,20260306T010000Z,https://g.foolcdn.com/editorial/images/852585/price-chart-analysis.jpg,English,Crypto,
Aptos Crypto Slides Under $1 Again and XRP Current Price Stalls,https://www.openpr.com/news/4414610/aptos-crypto-slides-under-1-again-and-xrp-current-price-stalls,openpr.com,20260306T004500Z,https://cdn.open-pr.com/L/3/L306362341_g.jpg,English,Crypto,
"Top Crypto Coins to Own in 2026 : XRP , Cardano ADA , Hedera HBAR Each",https://www.openpr.com/news/4414612/top-crypto-coins-to-own-in-2026-xrp-cardano-ada-hedera-hbar-each,openpr.com,20260306T004500Z,https://cdn.open-pr.com/L/3/L306187173_g.jpg,English,Crypto,
The vision of an eToro investor betting on technology and discipline,https://www.bursa.ro/the-vision-of-an-etoro-investor-betting-on-technology-and-discipline-67675858,bursa.ro,20260306T000000Z,https://www.bursa.ro/_img/articole/mare/585767.jpg,English,Crypto,
"Bitcoin Consolidates Near Key Support Band $77 , 000 Holds The Key To The Next Move",https://www.newsbtc.com/news/bitcoin/bitcoin-near-key-support-band/,newsbtc.com,20260305T234500Z,https://www.newsbtc.com/wp-content/uploads/2026/03/Bitcoin-from-Pixabay.jpg?fit=1280%2C853,English,Crypto,
"XRP To Pass Bitcoin , US Veteran Claims Amid War Forecast",https://www.newsbtc.com/news/bitcoin/xrp-to-pass-bitcoin-us-veteran-claims-amid-war-forecast/,newsbtc.com,20260305T234500Z,https://www.newsbtc.com/wp-content/uploads/2026/03/a_8cfd45.jpg?fit=1244%2C700,English,Crypto,
Indiana Governor Signs Bill Allowing Crypto In Retirement Plans,https://www.zerohedge.com/crypto/indiana-governor-signs-bill-allowing-crypto-retirement-plans,zerohedge.com,20260305T231500Z,https://assets.zerohedge.com/s3fs-public/styles/16_9_max_700/public/2026-03/019cb690-6e2d-7aab-b50f-16892f448bd0_80.jpg?itok=NRFv1Wbw,English,Crypto,
XRP Price Today and Bittensor Price Consolidate While Pepeto,https://www.openpr.com/news/4414551/xrp-price-today-and-bittensor-price-consolidate-while-pepeto,openpr.com,20260305T231500Z,https://cdn.open-pr.com/L/3/L305551444_g.jpg,English,Crypto,
Crypto News : Pepeto Confirms Binance Listing Soon as XRP Price Prediction Targets $10 and Whales Move In,https://www.manilatimes.net/2026/03/06/tmt-newswire/globenewswire/crypto-news-pepeto-confirms-binance-listing-soon-as-xrp-price-prediction-targets-10-and-whales-move-in/2294516,manilatimes.net,20260305T224500Z,https://www.manilatimes.net/manilatimes/uploads/images/2026/03/06/962368.jpg,English,Crypto,
PlayAmo Local casino Comment 2026 A good santa surprise slot The - Round Casino,http://www.worldtechtoday.com/2026/03/05/132427/playamo-local-casino-comment-2026-a-good-santa-surprise-slot-the-round-casino.html,worldtechtoday.com,20260305T223000Z,,English,Crypto,
"Crypto Stocks Strategy , Coinbase , and Circle Jump in Premarket Trading Wednesday",https://finance.yahoo.com/news/crypto-stocks-strategy-coinbase-circle-134631649.html,finance.yahoo.com,20260305T220000Z,https://s.yimg.com/ny/api/res/1.2/2wCwv6FAYOINQB7yPfOkcQ--/YXBwaWQ9aGlnaGxhbmRlcjt3PTEyMDA7aD04MDA-/https://media.zenfs.com/en/24_7_wall_st__718/9ba1fa41994408b573d416faebbd09ea,English,Crypto,
Rumble Reports Fourth Quarter and Full Year 2025 Results,https://www.manilatimes.net/2026/03/06/tmt-newswire/globenewswire/rumble-reports-fourth-quarter-and-full-year-2025-results/2294473,manilatimes.net,20260305T220000Z,https://www.manilatimes.net/theme_manilatimes/images/TMT_1920x1008.jpg,English,Crypto,
"Bitcoin , XRP , and other crypto prices are rising today . What Trump said on Truth Social to boost digital assets",https://finance.yahoo.com/news/bitcoin-xrp-other-crypto-prices-132200858.html,finance.yahoo.com,20260305T214500Z,https://s.yimg.com/ny/api/res/1.2/qeOwEgtGX3wRwAyLFSFskA--/YXBwaWQ9aGlnaGxhbmRlcjt3PTEyMDA7aD02NzU-/https://media.zenfs.com/en/fastcompany_735/d162a0a6ee033ce165f218ce9b084dbe,English,Crypto,
"Bitcoin Surges to $74 , 000 After President Trump Throws Support Behind Key Crypto Bill",https://www.investopedia.com/bitcoin-surges-after-president-trump-throws-support-behind-key-crypto-bill-11919161,investopedia.com,20260305T214500Z,https://www.investopedia.com/thmb/JjW0kobSZ4qO4JFbkumY3Qcplb0=/1500x0/filters:no_upscale():max_bytes(150000):strip_icc()/GettyImages-22091330602-2696e765b3fa4ee19b828644506b119b.jpg,English,Crypto,
XRP Price Prediction : Harmonic Pattern Hints at $1 . 50 Breakout as XRP Attempts Market Recovery,https://bravenewcoin.com/insights/xrp-price-prediction-harmonic-pattern-hints-at-1-50-breakout-as-xrp-attempts-market-recovery,bravenewcoin.com,20260305T214500Z,https://bravenewcoin.com/wp-content/uploads/2026/03/Bnc-Mar-6-3256.jpg,English,Crypto,
Cryptohack Roundup : Ariomex Leak Flags Iran Sanction Risks,https://www.govinfosecurity.com/cryptohack-roundup-ariomex-leak-flags-iran-sanction-risks-a-30919,govinfosecurity.com,20260305T214500Z,https://ismg-cdn.nyc3.cdn.digitaloceanspaces.com/articles/cryptohack-roundup-ariomex-leak-flags-iran-sanction-risks-image_large-9-a-30919.jpg,English,Crypto,
Best Crypto Telegram Channels in 2026 : Ranked & Reviewed,https://www.directionsmag.com/crypto/best-crypto-telegram-channels-in-2026-ranked-reviewed-and-safe-to-use,directionsmag.com,20260305T213000Z,,English,Crypto,
"IRS 1099 - DA Reporting Gaps Could Cause Crypto Investors to Overpay Taxes by $14 , 500 , Summ Analysis Finds",https://www.cpapracticeadvisor.com/2026/03/05/irs-1099-da-reporting-gaps-could-cause-crypto-investors-to-overpay-taxes-by-14500-analysis-finds/179323/,cpapracticeadvisor.com,20260305T211500Z,https://www.cpapracticeadvisor.com/wp-content/uploads/2026/03/IRS-crypto-digital-assets-reporting-iStock.jpg,English,Crypto,
"Crypto Legislation Stalls As White House , Banks Clash",https://bitcoinmagazine.com/news/crypto-legislation-stalls-in-washington,bitcoinmagazine.com,20260305T211500Z,https://bitcoinmagazine.com/wp-content/uploads/2026/03/Crypto-Legislation-Stalls-in-Washington-as-Banks-White-House-Clash-Over-Stablecoin-Yields.jpg,English,Crypto,
Mike Selig Confirmed As A Bitcoin 2026 Speaker,https://bitcoinmagazine.com/conference/mike-selig-confirmed-as-a-bitcoin-2026-speaker,bitcoinmagazine.com,20260305T211500Z,https://bitcoinmagazine.com/wp-content/uploads/2026/03/B26-Blue-VIP-2.png,English,Crypto,
"Bitcoin Traders See Bleak Rebound Odds as $74 , 000 Fades",https://cointelegraph.com/news/bitcoin-trader-sees-lower-soon-btc-price-starts-erase-74k-breakout,cointelegraph.com,20260305T201500Z,"https://images.cointelegraph.com/cdn-cgi/image/f=auto,onerror=redirect,w=1200/https://s3.cointelegraph.com/uploads/2025-08/01986562-61f2-7cf8-adb7-cc1be306b4e0",English,Crypto,
"Oil Hits $79 on Iran Crisis , Dow Drops 826 Points Thursday - U . S . Global Jets ETF ( ARCA : JETS ), State Street Energy Select Sector SPDR ETF ( ARCA : XLE ), State Street Health Care Select Sector SPDR ETF ( ARCA : XLV ) ",https://www.benzinga.com/markets/market-summary/26/03/51076630/stock-market-news-today-dow-jones-fall-treasury-yields-rise-iran-war-oil-prices-80-dollar,benzinga.com,20260305T193000Z,https://cdn.benzinga.com/files/images/story/2026/03/05/Irans-Strategic-Advantage.jpeg?&fit=crop,English,Crypto,
Harvard Picks ETH USD After Trimming Bitcoin ETF Exposure,https://finance.yahoo.com/news/harvard-picks-eth-usd-trimming-084949386.html,finance.yahoo.com,20260305T191500Z,https://s.yimg.com/os/en/cryptonews_us_711/bec3a61b3500d5b6a3ecefbec1382ca4,English,Crypto,
"Bitcoin Surges Past $73 , 000 Amid South Korean Stock Exodus",https://www.el-balad.com/16869020,el-balad.com,20260305T173000Z,https://www.el-balad.com/uploads/images/202603/image_1200x675_69a9b7487d0ed.webp,English,Crypto,
"US govt contractor busted on ritzy Caribbean island for stealing $46M in crypto from US Marshals Service , FBI says",https://nypost.com/2026/03/05/us-news/us-govt-contractor-busted-on-ritzy-caribbean-island-for-stealing-46m-in-crypto-from-us-marshals-service-fbi-says/,nypost.com,20260305T170000Z,https://nypost.com/wp-content/uploads/sites/2/2026/03/fbi-arrest-us-government-contractor-46-million-comp.jpg?quality=75&strip=all,English,Crypto,
Broadcom Puts Heat On Nvidia With $100B AI Chip Projection ; Korea Warns of Disruption ; Oil Monkey Wrench - Apple ( NASDAQ : AAPL ) ,https://www.benzinga.com/Opinion/26/03/51072352/broadcom-puts-heat-on-nvidia-with-100b-ai-chip-projection-korea-warns-of-disruption-oil-monkey-wrench,benzinga.com,20260305T170000Z,https://www.benzinga.com/next-assets/images/benzinga-schema-image-default.png,English,Crypto,
"Bitcoin Dips Below $72 , 000 Amid Geopolitical Tensions and Macro Headwinds",https://www.ibtimes.com.au/bitcoin-dips-below-72000-amid-geopolitical-tensions-macro-headwinds-1862707,ibtimes.com.au,20260305T163000Z,https://d.ibtimes.com.au/en/full/1891042/australias-top-10-companies-holding-bitcoin-growing-corporate-treasury.jpg,English,Crypto,
"Morgan Stanley Files Bitcoin ETF , Backs Core Scientific With $500M",https://www.benzinga.com/crypto/cryptocurrency/26/03/51071902/morgan-stanley-files-bitcoin-etf-backs-core-scientific-with-500m,benzinga.com,20260305T163000Z,https://cdn.benzinga.com/files/images/story/2026/03/05/London--United-Kingdom---February-26--20.jpeg?&fit=crop,English,Crypto,
Nach 10 - Prozent - Sprung : Neue Rally bei Strategy ? ,https://www.deraktionaer.de/artikel/technischeanalyse/nach-10-prozent-sprung-neue-rally-bei-strategy-20396674.html,deraktionaer.de,20260305T163000Z,https://images.boersenmedien.com/images/6bf0b628-f905-4815-80b2-be6e3fea84ba.png,German,Crypto,
American Bitcoin Adds BTC As Eric Trump Blasts Big Bank Crypto Lobbying,https://bitcoinmagazine.com/news/american-bitcoin-expands-treasury-to-6500,bitcoinmagazine.com,20260305T163000Z,https://bitcoinmagazine.com/wp-content/uploads/2026/03/American-Bitcoin-Expands-Treasury-to-6500-BTC-as-Eric-Trump-Accuses-Big-Banks-of-Lobbying-Against-Crypto.jpg,English,Crypto,
How To Position Through A Shooting War,https://www.benzinga.com/Opinion/26/03/51068072/how-to-position-through-a-shooting-war,benzinga.com,20260305T153000Z,https://cdn.benzinga.com/files/images/story/2026/03/05/Gav-Blaxberg.jpeg?&fit=crop,English,Crypto,
Bitcoin - Kurs hat gute Chancen auf ein Comeback,https://www.onvista.de/news/2026/03-05-bitcoin-kurs-hat-gute-chancen-auf-ein-comeback-41121433-19-26486452,onvista.de,20260305T153000Z,"https://images.onvista.com/onvista-media/image/upload/c_fill,h_630,w_1200/v1/article/cz2pl319nvo6nwjz8xyy",German,Crypto,
Ripple price update : Why XRP is falling while top cryptos and utility protocol rebound,https://cyprus-mail.com/2026/03/05/ripple-price-update-why-xrp-is-falling-while-top-cryptos-and-utility-protocol-rebound,cyprus-mail.com,20260305T151500Z,https://cyprus-mail.com/wp-content/uploads/2026/03/mut01.jpg,English,Crypto,
Rallye oder Dead Cat Bounce ?: Bitcoin : Short - Squeeze - oder droht eine Liquidationswelle ab 67 . 000 ? ,https://www.finanznachrichten.de/nachrichten-2026-03/67866877-rallye-oder-dead-cat-bounce-bitcoin-short-squeeze-oder-droht-eine-liquidationswelle-ab-67-000-049.htm,finanznachrichten.de,20260305T151500Z,https://assets.wallstreet-online.de/_media/22033/anlageklassen/devisen/kryptoweahrungen/bitcoin/size_1280/bitcoin-squeeze.jpg,German,Crypto,
Crypto Crash : Is Bitcoin a Buy After Its 40 % Slump ? ,https://www.fool.com/investing/2026/03/05/crypto-crash-is-bitcoin-a-buy-after-its-40-slump/?source=iedfolrf0000001,fool.com,20260305T141500Z,https://g.foolcdn.com/editorial/images/858917/a-gold-coin-with-the-bitcoin-symbol-on-its-face.jpg,English,Crypto,
"Market rebound meets a fifth day of war : traders watch payrolls , oil , and a surge in bitcoin",https://www.el-balad.com/16868784,el-balad.com,20260305T134500Z,https://www.el-balad.com/uploads/images/202603/image_1200x675_69a981e73e6f9.webp,English,Crypto,
BABB Hits One Day Trading Volume of $9 . 93 Thousand ( BAX ) ,https://www.dailypolitical.com/2026/03/05/babb-hits-one-day-trading-volume-of-9-93-thousand-bax.html,dailypolitical.com,20260305T134500Z,,English,Crypto,
Utrust Price Tops $0 . 0093 on Exchanges ( UTK ) ,https://www.themarketsdaily.com/2026/03/05/utrust-price-tops-0-0093-on-exchanges-utk.html,themarketsdaily.com,20260305T134500Z,,English,Crypto,
Komodo Price Up 1 . 8 % Over Last Week ( KMD ) ,https://www.dailypolitical.com/2026/03/05/komodo-price-up-1-8-over-last-week-kmd.html,dailypolitical.com,20260305T134500Z,,English,Crypto,
Thunder Brawl ( THB ) Price Up 20 % Over Last 7 Days,https://www.themarketsdaily.com/2026/03/05/thunder-brawl-thb-price-up-20-over-last-7-days.html,themarketsdaily.com,20260305T134500Z,,English,Crypto,
"Hashdex Names Bruno Caratori as Global CEO , Marcelo Sampaio as Executive Chairman and Mick McLaughlin as U . S . CEO",https://www.manilatimes.net/2026/03/05/tmt-newswire/globenewswire/hashdex-names-bruno-caratori-as-global-ceo-marcelo-sampaio-as-executive-chairman-and-mick-mclaughlin-as-us-ceo/2294006,manilatimes.net,20260305T134500Z,https://www.manilatimes.net/manilatimes/uploads/images/2026/03/05/961587.png,English,Crypto,
Maiar DEX Price Reaches $0 . 0000 on Exchanges ( MEX ) ,https://www.tickerreport.com/banking-finance/13368529/maiar-dex-price-reaches-0-0000-on-exchanges-mex.html,tickerreport.com,20260305T134500Z,,English,Crypto,
"Ethereum ETFs Draw In $169M , Highest Level in Two Months",https://finance.yahoo.com/news/ethereum-etfs-draw-169m-highest-124435429.html,finance.yahoo.com,20260305T133000Z,https://s.yimg.com/ny/api/res/1.2/2fe7oM5AUr4opJLj7HwHHg--/YXBwaWQ9aGlnaGxhbmRlcjt3PTEyMDA7aD02NzU-/https://media.zenfs.com/en/decrypt_157/bcad7f857378af229305b4bf098df61c,English,Crypto,
JT Stratford LLC Acquires 853 Shares of BlackRock $BLK,https://www.dailypolitical.com/2026/03/05/jt-stratford-llc-acquires-853-shares-of-blackrock-blk.html,dailypolitical.com,20260305T131500Z,,English,Crypto,
Bitcoiva Price Tops $12 . 58 on Top Exchanges ( BCA ) ,https://www.dailypolitical.com/2026/03/05/bitcoiva-price-tops-12-58-on-top-exchanges-bca.html,dailypolitical.com,20260305T123000Z,,English,Crypto,
Zerohash Submits Application for National Trust Bank Charter With the OCC,https://www.banklesstimes.com/articles/2026/03/05/zerohash-submits-application-for-national-trust-bank-charter-with-the-occ/,banklesstimes.com,20260305T121500Z,https://cdn.banklesstimes.com/bt/content/uploads/2026/02/OCC-Office-of-the-Comptroller-of-the-Currency-Michael-Hsu.webp,English,Crypto,
"AI Agents Love to Hodl Bitcoin and Spend Stablecoins , Study Finds",https://gizmodo.com/ai-agents-love-to-hodl-bitcoin-and-spend-stablecoins-study-finds-2000729877,gizmodo.com,20260305T120000Z,https://gizmodo.com/app/uploads/2026/03/robot-hodling-bitcoin-1200x675.jpg,English,Crypto,
Kryptokurse aktuell : Ihr Update am Mittag,https://www.finanzen.net/nachricht/devisen/aktueller-marktbericht-zu-bitcoin-co-15536520,finanzen.net,20260305T120000Z,https://images.finanzen.net/mediacenter/unsortiert/kryptowaehrungen-r-classen-660-8.jpg,German,Crypto,
Bitcoin Surges As Market Relief Rally Meets Trump Crypto Backing,https://memeburn.com/2026/03/bitcoin-price-surge/,memeburn.com,20260305T111500Z,https://s5.cdn.memeburn.com/wp-content/uploads/2021/06/bermix-studio-aX1hN4uNd-I-unsplash.jpg,English,Crypto,
US Bitcoin ETFs Post $462 Million Inflows as BTC Tops $73K,https://cointelegraph.com/news/spot-bitcoin-etfs-462-million-inflows-btc-surge-73k,cointelegraph.com,20260305T111500Z,"https://images.cointelegraph.com/cdn-cgi/image/f=auto,onerror=redirect,w=1200/https://s3.cointelegraph.com/uploads/2026-03/019cbce5-70e9-727d-b374-e13f197d500b.jpg",English,Crypto,
Bitcoinde fiyatlar yeniden artışa geçti ! ,https://www.haberhurriyeti.com/haber/27574583/bitcoinde-fiyatlar-yeniden-artisa-gecti,haberhurriyeti.com,20260305T111500Z,https://static.daktilo.com/sites/423/uploads/2026/03/05/bitcoinde-fiyatlar-yeniden-artisa-gecti.jpg,Turkish,Crypto,
"Short - Seller Jim Chanos Sounds Alarm On IREN $6 Billion Equity Filing , Questions Silence On $500 Million Revenue Guidance - IREN ( NASDAQ : IREN ) ",https://www.benzinga.com/markets/equities/26/03/51059378/short-seller-jim-chanos-sounds-alarm-on-irens-6-billion-equity-filing-questions-silence-on-500-m,benzinga.com,20260305T103000Z,https://cdn.benzinga.com/files/images/story/2026/03/05/IREN-Limited.jpeg?&fit=crop,English,Crypto,
Burgundy Asset Management Ltd . Reduces Stock Position in CME Group Inc . $CME,https://www.dailypolitical.com/2026/03/05/burgundy-asset-management-ltd-reduces-stock-position-in-cme-group-inc-cme.html,dailypolitical.com,20260305T101500Z,,English,Crypto,
Bitcoin 74 bin doları aştı kripto para piyasası ve şirket hisseleri değer kazandı,https://www.haberler.com/kripto-para/bitcoin-74-bin-dolari-asti-kripto-para-piyasasi-19626641-haberi/,haberler.com,20260305T094500Z,https://foto.haberler.com/haber/2026/03/05/bitcoin-74-bin-dolari-asti-kripto-para-piyasasi-19626642_1677_amp.jpg,Turkish,Crypto,
"Bitcoin surges : Up 5 % in 24 hours , holds firm above $72 , 000 as ETF inflows boost sentiment – Firstpost",https://www.firstpost.com/business/bitcoin-surges-5-in-24-hours-holds-firm-above-72000-as-etf-inflows-boost-sentiment-13986436.html,firstpost.com,20260305T093000Z,"https://images.firstpost.com/uploads/2025/02/Bitcoin-doomed-Nobel-Prize-winning-economist-claims-cryptocurrencies-will-go-bust-in-10-years-2025-02-657cdc2c16017346fd1891a4101951e2-1200x675.jpg?im=FitAndFill=(1200,675)",English,Crypto,
"Altın tedirgin , petrol ve doğal gaz krizi kapıda ! Emrah Lafçı  dan yatırımcılara kritik savaş uyarısı",https://www.tgrthaber.com/ekonomi/altin-tedirgin-petrol-ve-dogal-gaz-krizi-kapida-emrah-lafcidan-yatirimcilara-kritik-s-3286236,tgrthaber.com,20260305T091500Z,https://i.tgrthaber.com/images/2026/3/5/altin-tedirgin-petrol-ve-dogal-gaz-krizi-kapida-emrah-lafcidan-yatirimcilara-kritik-s-3286236.png,Turkish,Crypto,
Bitcoin Institutional Moment : Why the World Largest Cryptocurrency Is Surging Again : ,https://www.hedgeco.net/news/03/2026/bitcoins-institutional-moment-why-the-worlds-largest-cryptocurrency-is-surging-again.html,hedgeco.net,20260305T091500Z,,English,Crypto,
The Macro Pivot : Anthony Scaramucci and the New Frontier of Alternative Investments in 2026,https://www.hedgeco.net/news/03/2026/the-macro-pivot-anthony-scaramucci-and-the-new-frontier-of-alternative-investments-in-2026.html,hedgeco.net,20260305T091500Z,,English,Crypto,
"Jakie są fundamenty bitcoina ? Cyfrowe złoto , czy cyfrowy śmieć",https://www.bankier.pl/wiadomosc/Jakie-sa-fundamenty-bitcoina-Cyfrowe-zloto-czy-cyfrowy-smiec-9092766.html,bankier.pl,20260305T084500Z,https://galeria.bankier.pl/p/5/4/0e130da366194b-948-568-0-197-2550-1529.jpg,Polish,Crypto,
ECB to hike interest rates in June if Middle East conflict escalates into 'forever war': ING,https://www.cnbc.com/video/2026/03/11/ecb-to-hike-interest-rates-in-june-if-middle-east-conflict-escalates.html,CNBC,2026-03-11 20:27:11,,en,Markets,
"Treasury yields gain after sticky February inflation reading, oil price increase",https://www.cnbc.com/2026/03/11/us-treasury-yields-investors-await-key-inflation-report-.html,CNBC,2026-03-11 20:27:11,,en,Markets,
Tillis maintains blockade on Fed pick Kevin Warsh over Powell probe,https://www.cnbc.com/2026/03/10/fed-kevin-warsh-thom-tillis-trump.html,CNBC,2026-03-11 20:27:11,,en,Markets,
"Iran war threatens catastrophic consequences for the oil market, Aramco CEO says",https://www.cnbc.com/2026/03/10/saudi-aramco-2025-earnings-q4-profit-beat-oil-war.html,CNBC,2026-03-11 20:27:11,,en,Markets,
"Copper shortage looms as tariff fears, mine disruptions fuel tightness",https://www.cnbc.com/2026/03/10/copper-shortage-tariff-fears-mine-disruptions-prices-tightness.html,CNBC,2026-03-11 20:27:11,,en,Markets,
Iran's strategic oil island thrust into the spotlight as Middle East conflict escalates,https://www.cnbc.com/2026/03/09/iran-war-us-israel-conflict-oil-prices-kharg-island.html,CNBC,2026-03-11 20:27:11,,en,Markets,
"Indian rupee to inch towards 94 against USD in spite of RBI intervention, says analyst",https://www.cnbc.com/video/2026/03/10/indian-rupee-to-inch-towards-94-level-in-spite-of-rbi-intervention.html,CNBC,2026-03-11 20:27:11,,en,Markets,
USD/INR at 95?: Investor sees Iran war weakening rupee and triggering foreign outflows,https://www.cnbc.com/video/2026/03/10/iran-war-could-push-usdinr-to-95-and-trigger-foreign-outflows.html,CNBC,2026-03-11 20:27:11,,en,Markets,
"The Week Ahead: March 6, 2026",https://www.cnbc.com/video/2026/03/06/the-week-ahead-march-6-2026.html,CNBC,2026-03-11 20:27:11,,en,Markets,
European markets dip as traders monitor Iran war developments,https://www.cnbc.com/2026/03/11/european-markets-stoxx-600-dax-cac-ftse-iran-news-latest.html,CNBC,2026-03-11 20:27:11,,en,Markets,
European stocks jump 2% as sliding oil prices buoy sentiment,https://www.cnbc.com/2026/03/10/european-markets-stoxx-600-ftse-dax-cac-iran-war-latest-news.html,CNBC,2026-03-11 20:27:11,,en,Markets,
European markets close lower as oil price surges amid Middle East turmoil,https://www.cnbc.com/2026/03/09/european-markets-stoxx-600-ftse-cac-dax-iran-latest.html,CNBC,2026-03-11 20:27:11,,en,Markets,
CNBC Daily Open: Oil jitters persist as U.S. targets Iranian ships near Strait of Hormuz,https://www.cnbc.com/2026/03/11/cnbc-daily-open-oil-jitters-persist-as-us-targets-iranian-ships-near-strait-of-hormuz.html,CNBC,2026-03-11 20:27:11,,en,Markets,
Volkswagen's battery unit PowerCo eyes global market while tapping Chinese know-how,https://www.cnbc.com/video/2026/03/11/volkswagens-battery-unit-powerco-eyes-global-market-chinese-know-how.html,CNBC,2026-03-11 20:27:11,,en,Markets,
"Rheinmetall sees sales growth of up to 45% in 2026, says it's in 'prime position' to arm the U.S. amid war in Iran",https://www.cnbc.com/2026/03/11/rheinmetall-rhm-fy-earnings-stock-2025.html,CNBC,2026-03-11 20:27:11,,en,Markets,
We're aiming for a 100% growth rate of the AI server business in 2026: Asus co-CEO,https://www.cnbc.com/video/2026/03/11/aiming-for-100percent-growth-in-the-ai-server-business-in-2026-asus-co-ceo.html,CNBC,2026-03-11 20:27:11,,en,Markets,
Philippine Stock Exchange: 'All bets are off' if the Middle East conflict continues indefinitely,https://www.cnbc.com/video/2026/03/11/pse-all-bets-are-off-if-the-middle-east-conflict-prolongs.html,CNBC,2026-03-11 20:27:11,,en,Markets,
Jardine Matheson CEO says diversification greatly limits impact of Middle East conflict,https://www.cnbc.com/video/2026/03/11/sq0830-lincoln-pan.html,CNBC,2026-03-11 20:27:11,,en,Markets,
"Gold slips on stronger dollar, higher rate expectations",https://www.cnbc.com/2026/03/09/gold-prices-fall-on-firmer-dollar-dimming-rate-cut-hopes.html,CNBC,2026-03-11 20:27:11,,en,Markets,
Dollar gains as U.S.-Israeli war on Iran sends oil prices soaring,https://www.cnbc.com/2026/03/09/dollar-surges-as-middle-east-war-sends-oil-above-110-a-barrel.html,CNBC,2026-03-11 20:27:11,,en,Markets,
"Stocks making the biggest moves premarket: Oracle, AeroVironment, Nike and more",https://www.cnbc.com/2026/03/11/stocks-making-the-biggest-moves-premarket-orcl-avav-nke.html,CNBC,2026-03-11 20:27:11,,en,Markets,
"Stocks making the biggest moves midday: Rivian, Hims & Hers, BioNTech & more",https://www.cnbc.com/2026/03/10/stocks-making-the-biggest-moves-midday-rivn-hims-kss-casy-vrtx.html,CNBC,2026-03-11 20:27:11,,en,Markets,
"Stocks making big moves premarket: Kohl's, Casey's General Stores & more",https://www.cnbc.com/2026/03/10/stocks-making-the-biggest-moves-premarket-kss-casy-vrtx.html,CNBC,2026-03-11 20:27:11,,en,Markets,
"Stocks making the biggest moves midday: Chevron, Xenon Pharma, Vertiv and more",https://www.cnbc.com/2026/03/09/stocks-making-the-biggest-moves-midday-cvx-hims-xene-vrt-lite-.html,CNBC,2026-03-11 20:27:11,,en,Markets,
"Stocks making big moves premarket: Hims & Hers Health, oil stocks, Live Nation",https://www.cnbc.com/2026/03/09/stocks-making-the-biggest-moves-premarket-hims-lyv.html,CNBC,2026-03-11 20:27:11,,en,Markets,
Sell in May? Don't get taken in by seasonal trading patterns,https://www.cnbc.com/2025/04/30/sell-in-may-dont-get-taken-in-by-seasonal-trading-patterns.html,CNBC,2026-03-11 20:27:11,,en,Markets,
Recent chaos shows investors are better off avoiding market timing,https://www.cnbc.com/2025/04/24/recent-chaos-shows-investors-are-better-off-avoiding-market-timing.html,CNBC,2026-03-11 20:27:11,,en,Markets,
Tariff volatility is making it hard to figure out where S&P 500 should trade,https://www.cnbc.com/2025/04/14/tariff-volatility-is-making-it-hard-for-investors-to-figure-out-where-the-sp-500-should-trade.html,CNBC,2026-03-11 20:27:11,,en,Markets,
Here's why traders figure that  a 20% drop in stocks makes a 'bear market',https://www.cnbc.com/2025/04/08/how-20percent-declines-in-stocks-came-to-be-known-as-bear-markets-on-wall-street.html,CNBC,2026-03-11 20:27:11,,en,Markets,
U.S. stocks bearing the brunt of trillions in market value losses around the globe,https://www.cnbc.com/2025/04/06/significant-losses-in-global-markets-but-the-damage-is-uneven.html,CNBC,2026-03-11 20:27:11,,en,Markets,
Jim Cramer lays out a 'simple way' for investors to navigate the Iran war volatility,https://www.cnbc.com/2026/03/10/jim-cramer-navigate-iran-war-volatility.html,CNBC,2026-03-11 20:27:11,,en,Markets,
Jim Cramer says don't make any sudden stocks moves on Trump-fueled rally,https://www.cnbc.com/2026/03/09/cramer-investors-dont-make-any-sudden-moves-on-the-markets-trump-fueled-rally.html,CNBC,2026-03-11 20:27:11,,en,Markets,
"Cramer's main takeaway from the market this week — plus, what to watch ahead",https://www.cnbc.com/2026/03/06/jim-cramer-takeaway-market-this-week-and-what-to-watch.html,CNBC,2026-03-11 20:27:11,,en,Markets,
Cramer says the market is stuck in limbo – and the Iran war isn't the only cause,https://www.cnbc.com/2026/03/05/jim-cramer-market-is-stuck-in-limbo-iran-war-isnt-only-cause.html,CNBC,2026-03-11 20:27:11,,en,Markets,
Cramer: Oil is signaling the Iran war won't spiral — and that's bullish for stocks,https://www.cnbc.com/2026/03/04/jim-cramer-oil-is-flashing-a-bullish-signal-for-stocks-amid-iran-war.html,CNBC,2026-03-11 20:27:11,,en,Markets,
"Final Trade: EWZ, VIX, IBIT, CRM",https://www.cnbc.com/video/2026/03/10/final-trade-ewz-vix-ibit-crm.html,CNBC,2026-03-11 20:27:11,,en,Markets,
Dave CEO Jason Wilk on the state of U.S. consumers as inflation broadens,https://www.cnbc.com/video/2026/03/10/dave-ceo-jason-wilk-on-the-state-of-us-consumers-as-inflation-broadens.html,CNBC,2026-03-11 20:27:11,,en,Markets,
Bryn Mawr's Jasmine Yu sees market opportunities in U.S. large and small caps amidst Iran War,https://www.cnbc.com/video/2026/03/10/bryn-mawrs-jasmine-yu-sees-market-opportunities-in-us-large-and-small-caps-amidst-iran-war.html,CNBC,2026-03-11 20:27:11,,en,Markets,
"Oracle quarterly results 'even better than it looks on the surface', says D.A. Davidson's Gil Luria",https://www.cnbc.com/video/2026/03/10/oracle-quarterly-results-even-better-than-it-looks-on-the-surface-says-da-davidsons-gil-luria.html,CNBC,2026-03-11 20:27:11,,en,Markets,
'Fast Money' traders talk how to play Oracle after stock pops on earnings,https://www.cnbc.com/video/2026/03/10/fast-money-traders-talk-how-to-play-oracle-after-stock-pops-on-earnings.html,CNBC,2026-03-11 20:27:11,,en,Markets,
"‘Bubblicious’ used car prices are rising faster than bitcoin, market researcher Jim Bianco warns",https://www.cnbc.com/2021/12/26/bubblicious-used-car-prices-rising-faster-than-bitcoin-jim-bianco-warns-.html,CNBC,2026-03-11 20:27:11,,en,Markets,
Three out-of-the-box ways to trade the rise of electric vehicles in 2022,https://www.cnbc.com/2021/12/24/three-out-of-the-box-ways-to-trade-the-rise-of-electric-vehicles-in-2022.html,CNBC,2026-03-11 20:27:11,,en,Markets,
Two stocks on the market’s ‘naughty list’ could be set for a 2022 comeback,https://www.cnbc.com/2021/12/24/stocks-on-markets-naughty-list-could-be-set-for-a-2022-comeback.html,CNBC,2026-03-11 20:27:11,,en,Markets,
"The ultimate 2022 safety play could be in this unusual place, traders say",https://www.cnbc.com/2021/12/23/ultimate-2022-safety-play-could-be-in-this-unusual-place-traders-say.html,CNBC,2026-03-11 20:27:11,,en,Markets,
"This sector is 2022's 'sneaky catch-up play,' trader says. Two stocks he'd buy",https://www.cnbc.com/2021/12/23/communications-stocks-netflix-roblox-catch-up-plays-for-2022-trader.html,CNBC,2026-03-11 20:27:11,,en,Markets,
Pre-Markets,https://www.cnbc.com/pre-markets/,CNBC,2026-03-11 20:27:11,,en,Markets,
Cryptocurrencies,https://www.cnbc.com/cryptocurrency/,CNBC,2026-03-11 20:27:11,,en,Markets,
News,https://finance.yahoo.comhttps://www.yahoo.com/,Yahoo Finance,2026-03-11 20:27:18,,en,Finance,
Life,https://finance.yahoo.comhttps://www.yahoo.com/lifestyle/,Yahoo Finance,2026-03-11 20:27:18,,en,Finance,
Entertainment,https://finance.yahoo.comhttps://www.yahoo.com/entertainment/,Yahoo Finance,2026-03-11 20:27:18,,en,Finance,
Finance,https://finance.yahoo.comhttps://finance.yahoo.com/,Yahoo Finance,2026-03-11 20:27:18,,en,Finance,
Sports,https://finance.yahoo.comhttps://sports.yahoo.com/,Yahoo Finance,2026-03-11 20:27:18,,en,Finance,
What is your business culture and why is it so important?,https://www.bbc.com/reel/video/p0lvwc8v/what-is-your-business-culture-and-why-is-it-so-important-,BBC,2026-03-11 20:27:20,,en,Business,
How to get the money you need to start a business,https://www.bbc.com/reel/video/p0lvw8qw/how-to-get-the-money-you-need-to-start-a-business,BBC,2026-03-11 20:27:20,,en,Business,
Why you should start a business and why to start it now,https://www.bbc.com/reel/video/p0lvw2cx/why-you-should-start-a-business-and-why-to-start-it-now,BBC,2026-03-11 20:27:20,,en,Business,
"Stocks making the biggest moves premarket: Oracle, AeroVironment, Nike, CarMax and more",https://www.cnbc.com/2026/03/11/stocks-making-the-biggest-moves-premarket-orcl-avav-nke.html,CNBC,2026-03-11 20:29:48,,en,Markets,
Wednesday's stock stories: What’s likely to move the market in the next session,https://www.cnbc.com/2026/03/10/wednesdays-big-stock-stories-whats-likely-to-move-the-market.html,CNBC,2026-03-11 20:29:48,,en,Markets,
Jim Cramer lays out a 'simple way' for investors to navigate the volatility,https://www.cnbc.com/2026/03/10/jim-cramer-navigate-iran-war-volatility.html,CNBC,2026-03-11 20:29:48,,en,Markets,
"HSBC moves to 'max' overweight stocks, saying peak fear about Iran oil spike has passed",https://www.cnbc.com/2026/03/10/hsbc-moves-to-max-overweight-stocks-saying-peak-fear-about-iran-oil-spike-has-passed.html,CNBC,2026-03-11 20:29:48,,en,Markets,
Surging oil prices could wipe out benefits from Trump's 'big beautiful bill',https://www.cnbc.com/2026/03/10/rising-oil-prices-may-wipe-out-effects-of-trumps-big-beautiful-bill.html,CNBC,2026-03-11 20:29:48,,en,Markets,
Tuesday's stock stories: What’s likely to move the market in the next session,https://www.cnbc.com/2026/03/09/tuesdays-big-stock-stories-whats-likely-to-move-the-market.html,CNBC,2026-03-11 20:29:48,,en,Markets,
Another energy market that may get hit harder than oil by Strait closure,https://www.cnbc.com/2026/03/09/theres-another-energy-market-that-may-get-hit-harder-than-oil-by-strait-of-hormuz-closure.html,CNBC,2026-03-11 20:29:48,,en,Markets,
The $100 oil playbook: How pro investors are investing around this energy shock,https://www.cnbc.com/2026/03/09/the-100-oil-playbook-how-pro-investors-are-investing-around-this-energy-shock.html,CNBC,2026-03-11 20:29:48,,en,Markets,
Oil prices surge 20% as expanding U.S-Israeli war with Iran cuts supplies from Mideast,https://www.cnbc.com/2026/03/09/oil-prices-surge-20percent-as-expanding-us-israeli-war-with-iran-cuts-supplies-from-mideast.html,CNBC,2026-03-11 20:29:50,,en,Markets,
Asia markets moderate losses after reported Saudi oil release slightly ease prices,https://www.cnbc.com/2026/03/09/nikkei-225-hang-seng-index-kospi-crude-wti-brent-oil-futures-iran-war-gulf-hormuz.html,CNBC,2026-03-11 20:29:50,,en,Markets,
"Gold rises after U.S. payrolls report, but heads for first weekly fall in five",https://www.cnbc.com/2026/03/06/gold-rises-1percent-as-middle-east-conflict-spurs-safe-haven-demand.html,CNBC,2026-03-11 20:29:50,,en,Markets,
Dollar set for steepest weekly gain in a year as Iran crisis boosts haven demand,https://www.cnbc.com/2026/03/06/dollar-set-for-steepest-weekly-gain-in-a-year-as-iran-crisis-boosts-haven-bid.html,CNBC,2026-03-11 20:29:50,,en,Markets,
"Oil falls as U.S. may intervene in futures market, issues waiver for Russian purchases",https://www.cnbc.com/2026/03/06/oil-falls-as-us-may-intervene-in-futures-market-issues-waiver-for-russian-purchases.html,CNBC,2026-03-11 20:29:50,,en,Markets,
Asia markets mostly rise as investors assess Iran conflict impact on energy supplies,https://www.cnbc.com/2026/03/06/asia-markets-live-oil-prices-iran-nikkei-kospi-hang-seng.html,CNBC,2026-03-11 20:29:50,,en,Markets,
European stocks close lower as Iran war continues to dominate sentiment,https://www.cnbc.com/2026/03/05/european-markets-stoxx-600-ftse-dax-cac-iran-latest.html,CNBC,2026-03-11 20:29:50,,en,Markets,
"Stock Market Highlights: Investors Lose Rs 6 Lakh Crore As Sensex Falls 1,000 Points",https://news.google.com/read/CBMizAFBVV95cUxNMUhnSFNGSHRaZktxbDd6ZS14ZlVSdmJXaDhnWDlRNUFaTWtFbHNIMnZIalgzcE1Qd0daelc5elRrTkh3RzYwejZ0bzI5MkRKMTRWek56Qk82OHM4VEl2dk11WEhNV085U1RTSDRmRjZlNVBabTIxRVlSNjhuQjZqaUp6dGZPaUNlalRKZVI5MjRQTl9wZWxEa3FIdmllS2VQUHMzN1hiZTJTLTV3M2haS0N0NEc5YXRRNXQ2anlxaDBTcVdOV1FRVGlhNnTSAdQBQVVfeXFMTTd4Z0JzUDdVTlB3ci1fYXNVLWZSckxzbExnQTg2NXp2VThkclUza2JwZkVac2JaLTFuelBCek4weHBtYmo5WnlzSGozQkJObkE0RExaTXhoUGRZMXRCYlBxYTZDVUpuZzREelFaOEJpeDhsQS12bGd4OXJ4bV85SUR6ZGxUWEZOWWZncTVMYjUxSXRUWDNFcTYtQkVJV2xJMGFnOXRIbi0yc0dxTUZvNU5xLWlOY05yMjlCMy1BZkNSaTdOR3Jnc29Ua0NQRlhFbE56Tnk?hl=en-IN&gl=IN&ceid=IN%3Aen,Google News,2026-03-11 20:30:13,,en,Finance,
"SENSEX tanks over 950 pts, NIFTY50 below 24,000 in noon deals; IndiGo, Waaree Energies among buzzing stocks",https://news.google.com/read/CBMi7gFBVV95cUxNOVVUTkxrWFE0ak42MTV5Wk9kNVVSbG5tSnktaGY2X1piWjVXNndERlUtQUxXRmp5NkloN1l3bG92czNkLVlaQ1U1aHdpZ05zeFc3cjNjMjMyV05jdzAxalktbFh1ZnZTMnduMkZzRy1tRk4wTDJwUy1ROGVQeUlOLV9vS3FETGhsakhndFQtSmJzV3l6SVhZdUdOYXVPZnp2UnpOS1hrZUlBbXU1cWZEYWsxN180dmgyb1BNY1lNalctSU8wUTNPZkNfVy1OQTgxNEdhRlJiRGswd0o3V0VmdmkxbExDM0pobDh3MWZR?hl=en-IN&gl=IN&ceid=IN%3Aen,Google News,2026-03-11 20:30:13,,en,Finance,
"Stock market today (March 11, 2026): Which are the top gainers and losers in Nifty50 and BSE Sensex? Check list",https://news.google.com/read/CBMinAJBVV95cUxPQmxwejNiRVZWV0JocXQzclNqZEdaR09aUEU4QkhOLURNSy1XVlFIVE02alhIb0haVkRPdlB4WDhjcVVDU1dlelFUOGN0dHhDNHhOTmdwb2k3dDlTS3NxREV1WHhxSmtiWlJod0tEV3B1NzZhTHc3ZnZZUXpHWFlMNW5JUnFYOWZPcUVOZlBlVy1Sa1dGbFJWMm1ZQlI4ekxFbGtMNzJJY2I2cVM1TUw1dHYwTkxSOUVpcGNTVmdTbldpTlN1TW9mZ3hWd1J1MVV0NzEyTFFkNS1yZWdGNGMxcUNrZndYLUxqWDByNFpKR0JpSW5PX21YZ0g1YXJVYWZTaUVTVWQ4U2hwemtlMnJOT3RwU1pYTWNhTmhIRw?hl=en-IN&gl=IN&ceid=IN%3Aen,Google News,2026-03-11 20:30:13,,en,Finance,
"Sensex, Nifty tumble nearly 2% as crude oil surges amid growing tensions in West Asia",https://news.google.com/read/CBMi3gFBVV95cUxPaXpuZmU5bW83UFFRdjNTY0dBWnZwLVR0N25NUmwtTHVsMzJDbTQtb3dEOVhkUndsOXN4dm02V0xjZ0R5MmhmU0Y2OTROU1JpMUtCSHJyUEUxaU15TzdfSERvckc4RXljQkZGbTJDMXlndnQ4dFlCUmg3c0NnNGF3UU5zT1pNTVduQTF0ZFhrYW5CY3NwZS1RNzBoZ2Zrdk03bThrcTUzS2dQMGxFbHRtLVdEQkc0b19jM1AtX3FDMVRLVURYRS1GNjZGQWd2M0RwT2Y5VjBBODB2cVZRQ2fSAeQBQVVfeXFMUHd6bHZETFRjNi04OUhqWml1UkpxS09Fb2xHMktPVmI3NkFSWENHbU5uemd3RDBwR0pBUW5CN1pod2o4T3I4MDZiLXBmNF8wRWpZUGlGdGF5amtsWDZyckFac2Y0R3l4VFNiMzVyYjN4NE1mSGZyV2pNSDB1bUUzWlBmTjl3cGlZWG1WQmNFRHVXdUtKcVp3aFlrMFhqcXdlRThZUlRBS2ZFSFBHbEFmdXJkOWlSOEV3UmtJeHFXRm04bXFsRzFhNmYzcGpyZUJxVlVHX0Etb3BTaDlkRWF3Mm40RGN2?hl=en-IN&gl=IN&ceid=IN%3Aen,Google News,2026-03-11 20:30:13,,en,Finance,
Airlines hike fares as Middle East conflict sends fuel costs soaring,https://news.google.com/read/CBMi9AFBVV95cUxNZlE2WEtxREpXUzVtVW40eDJpZGNTczhpUkdaOXdaVGJ5OVVmOXloNl9mQjh1RlpFTEkxVWlFcXJua3Y1dlJ2S05acXAxNXNYQWVBNUxkTFhjSVc5SVQtT09BSHJyakkzcUYzdTlNdnV2Mmc4VUsyUHBPam9yb0dsSUdWUk9VVUozN1JqbDhXODZUWEJ1LXIzTktySXl2RkU4VEtQT0RwUV9yR3ZTcXhjQ29ub1ZTLUZBTldIYTdqdFViZXVUY0V2Rk5rc3VYd2FjN0VFYkszS3lRR0tqWmd4S18zUUtFVk5DRkhicW5GeS1Hb1g3?hl=en-IN&gl=IN&ceid=IN%3Aen,Google News,2026-03-11 20:30:13,,en,Finance,
"Iran-US War Makes Abu Dhabi-Delhi Flight Prices Soar To Rs 70,000 This Week",https://news.google.com/read/CBMisgFBVV95cUxOS09NSDNwdkFsYkR4MkNlbEFMNkdSQjBlTEZvd1BtbkZNWEFSYmFmVVBkUDVTMl9IZ2o4VjMxWUdUX2xBcm5oTU9xdEtBVmd3dnN6ZXdtTG9uV1AxdC0yaHV4RU1oR3E4bXBUaFNMT09OajBPQU5CTXA1X0RmSUpwdWk5aUdUZGNIYkVCTTFlU3o2djJ3VFhjY3p1WW5NMFRVeEhZUGpFMnRUVlE5d3FtaTVR0gG6AUFVX3lxTE9kSzZOOEpHZk0tQmI3YWFTUlhVMGFVTFNiVlRCaWM3TkxBTjB1bUVDUEJVSE54QTJyWjJCaUZxdzFhRlhGZkZQTExFd2F2VlVKM2xLaUluM0NqYzNzSVdXS3luRldZejBYdmt4bE55S0lUcjdBQTNLV2hpczVfbDE3Mk52WVd0WGhLa0E5NmxSS2pGRnlHbHhMcnB2SnFYNEhaMHVIanlRU041aVRqeXM5M1dGQ2ExUmxzdw?hl=en-IN&gl=IN&ceid=IN%3Aen,Google News,2026-03-11 20:30:13,,en,Finance,
Air tickets to get costlier as Air India to levy fuel surcharge due to hike in ATF prices,https://news.google.com/read/CBMi3AFBVV95cUxOYkM3R1ExU2ktTEhrcl9oelp6RDhsc2NLdFBDV1hlZUxfRDZDZ29GWktZakJudDhnVllubThSS1NmZHdraFhhTDdIZzdzVndNLUh3MW5VT1lZa2N6OGw0UERrcXVPY3IzYVAzRHhhbmJGQm5JQ1ZBS3IzSDV1RGNZeHNPTlgwYnF0OWpEOW9sd3dWSjNsZl9Odl9nTUg4S0l2c0dkUkt2cnVPQXFJQU5XMzNNekpQd2ljQVFKWEk0cnRUcm8yQnhhbE5uV0U1dHlVSktYT0dmdHAtLTRq0gHjAUFVX3lxTE1yXzdaYk82S0ZsWjZnYjZlYllBUEptNE9hS0JZT2lBMjRrUjU3OW4wR0t3cHRjeEZaeGg5cU8teGcwcWF2RUdUN3lLTDZlbkpHVXhoT1pXNE5LSXpVN0FxQ0p0V1pPVnBTT1Y5eTNUSzJRZVNEcWk5UEF3cDk1X0ROZ2J5XzhZTHljLWVNTXhxenZtaXF1TVBjRjVzazFwTV92Nk9Hb1hHS1owVndPc2JsLUNTMlVXem9xcUs5WDlfSTZtMi1pSU96VVQtSmU5XzFhTEV3S1pyd1FWaF9mQ3dBUTRZ?hl=en-IN&gl=IN&ceid=IN%3Aen,Google News,2026-03-11 20:30:13,,en,Finance,
"Iran war toll on domestic airfares: Air India, Air India Express plan fuel surcharge levy on tickets",https://news.google.com/read/CBMi2AFBVV95cUxNV2xlTHp0NWg2dWhJTnNVQ2c2SDYyTERyVlU3NFFKRWd6amFLYWtIR2FzTDF4amFuNVAwUVF1OG5WSGxXaDRmdkxsbW5YUUtDdnlSZUdJR3dfQzhOWEtnU3RaY1ZVbXVJNm1CMk80WnZoVHRJa2o0b3NGZk1yVlhvZVhpNlpUc2tuZzZBVEUzcWNWc2tXLWFaR1BpVlJyYy1VYk01X29vdTN1NG1oelg5NW9SX1c3dG1yQW9RcGROenB3ZU1ReEZfZUlNdmFaWkpKMU5BdFA5QmLSAd4BQVVfeXFMUGZfN1FndVMyZ05tcXhyTzgteHh6RzhxdmlESDZCaW0zQVRrZnhnZ1lnYjUzYjdJc3A1MjlZa2hJY1ZBcW04Z19kMzVENmFnLTVwMDNJLVRFWDE1Yk9Yd1REMGZYNWswdDluUlM1UVJKME10dnMtN2FaNzZwYmVPdVZnS2VrbzB5QlpPVExPVGV4Z1ZJY2xXZGVVRy1SbkRGcG9NWHZ2NEFQeEJrbzFMY0ZvWG83bVR6QlJmSnc5d1k3MEpuWXlueW1aNWRpRk05anUwM1dUc056REpUcmRn?hl=en-IN&gl=IN&ceid=IN%3Aen,Google News,2026-03-11 20:30:13,,en,Finance,
"After Oil, Gas, Iran's Hormuz Chokehold Raises Fertiliser Red Flag For India",https://news.google.com/read/CBMi2gFBVV95cUxNZTlEcFl1TjBNMmZRcmFyTW5RcUhaQ3pKRDJWZ1FVVHpmQU5TamF5ZnpCSlhQblRkWTVyLWdGN28zXzBncG9VY3k5dUZnNmw2YnJJMTJPR2MyQTRyWHZqS2ExRlNIOHlYQ1dQV0ZhbnEyOUs4Z2EwMmxyTlpzRHVUemJtQW14Y0NoUkx1R25qRzRXVVJRc0RJb3plVmFPcTNJNE55Skx4dnRLQy0zb2Z5VFU0RFFHTE81eXVPdURZU08xOTV0YUt4eV9OdWFEbnZ2MWNqdDgtemJCZw?hl=en-IN&gl=IN&ceid=IN%3Aen,Google News,2026-03-11 20:30:13,,en,Finance,
From Crude To Crops: Why Turmoil At Hormuz Could Hit India's Agri Market,https://news.google.com/read/CBMisAFBVV95cUxPd0dIeFV0aFBnVFdjMG5UbUZ5VFE1Z3Z1akNNaVI3djRDTFBiUGdrWWY0QzdkQjlzLWFYZGJSb0xORzBTTlFpX0hvYXBndmlSc2VzMUtwRkpYUkNyNEFIakRsS0drQU15NjVuWVlGTmdVeFV4dXhBRUZfTU01SFRmMmlkY0FvQ1F5ZzZnVkE3X000bmJwTEIzSnJyeERCZlJ2OFBxdGg5STU5dEVoRXBhRdIBuAFBVV95cUxQNDN4OWk4akRJOFZMeUd6UkNtazdHTkhsV0wxb0ZOWTBIV3IxY3hoM1gyaXFZcE5ZTUJxSGV4VE9OcWlUQjZmb2JzdkJHOXY5WFNZQktqeHdkY3RiZmdYanc5U2hSV1A1ak1OZ3pyX0tybm0zMWxwbnhlMG5TajNENW9FZGI1SnRRR0NkeUNRVW1MOTZzc0IzbG5jUWRIYXE0cE5PZVBLZFBYR0J3T0JBZW5iYUc5MmRU?hl=en-IN&gl=IN&ceid=IN%3Aen,Google News,2026-03-11 20:30:13,,en,Finance,
War In Iran Is Creating a Fertilizer Crisis Like Never Before,https://news.google.com/read/CBMipAFBVV95cUxPZm92My04XzBBdDRNaVh3d0J4dmo1eV9GUnlzU2lnSjNlNEZkQThrVGhNaEJHQ2VRYzM0VXZNZEwwb3ZncF9UQm40aXhYS2RPaE8ybXBndFFNcEVESmhsUVRwdnpOY3FDa0JpSXlmcUo2dUlXVy02d0Z5dHVuRFBRa09QM0tTUlBfZW9RS19PQWZtcGN2QllBaWR1YUFxZVJfOUh6RA?hl=en-IN&gl=IN&ceid=IN%3Aen,Google News,2026-03-11 20:30:13,,en,Finance,
Middle East Tensions Raise Spring Planting Concerns | Market Intel,https://news.google.com/read/CBMiiwFBVV95cUxQU1NIeGFUMzJoZW1LeWhRaW12SmMzY2VRa3o4TXctMzJLLXFHSE5rSng3MGhNdmdTeUlQWVlHWkZSenNDYm1yS2lsZGhqeWtseXNGZXFQWDVSeXNYcm5IYnUyZHJuUEpsUlozTnk2Ny1fTkZQREV2MmRWRC1hMmNQYndjdUhzekpxN3c4?hl=en-IN&gl=IN&ceid=IN%3Aen,Google News,2026-03-11 20:30:13,,en,Finance,
Reliance Industries shares trade lower after Trump announces $300 billion US refinery deal with oil giant,https://news.google.com/read/CBMi-gFBVV95cUxQQlhSTWJJYnZtNE91eUV2ODl2YjdIRmctWXFIMTJhV0FZTTBtTzgzZEdYN1hVcy15cGViZEo1V0kwZWZ2ZnRVQllSRXV2VTFsSE82aUpQdkVwR0t4Vk40dVlfN0U1RFZha1hZMkZ4eld5c0pLSFh1MDg0MC1YTHNocTNtWTlUR1BGdXBhUkNPX0VWaDdXRXJxYTUzWVYxR3BJd2ZtVk1KMVJMaHRMZjlBb3ZUXzRHcTBWMmR4czViV2JlblllWTFBUTEtV1MtX0tpcVMyelhFVWpJRTlPaG9WT0daODVyZHlCNDZrdDMxaFI0M3d2ZHFQV1N3?hl=en-IN&gl=IN&ceid=IN%3Aen,Google News,2026-03-11 20:30:13,,en,Finance,
Trump announces new US refinery backed by India's Reliance,https://news.google.com/read/CBMimgFBVV95cUxNcWlmYkNFZWR2Um1MRVZScEctd0czdUlzRDg1dVc3cEJqdGxwNHJtQ1dHR181MnB5eWR3VmlnQ2FueHJ6ZzNnd2RVSE10S3JmUzVzb0NGQWptQlRTVDhkbThVd3lHM3hHSkZubGpJU3RheUJYNmRnd3M2dUR6Si1URDNodzV3LThzRjhJaTdBd2JJU01KaFYxTTdB?hl=en-IN&gl=IN&ceid=IN%3Aen,Google News,2026-03-11 20:30:13,,en,Finance,
"Behind the Donesh Trumpani deal: Global derring-do, energy economics and family ties",https://news.google.com/read/CBMi6AFBVV95cUxPRzYwWXg1WldfQTRKaGk0eDRKRkhxd3RsLVVtbUVxbDJ1aXVkckN3c0NuNWd0TlFzX1lCdVUtMHh3NHB6STdjMlBkNk16NWVESDFYeG9vLWlxRmhGZHFjOUszZ0RqVHdoQ3hiX0gwdlJ6TVo2TTRuV29XUGtJV1AxRm5TTEwyb1JEanRQUzlFeXhqZkxZMUpzaUszZkljOVgwRlc4bmdzOXM0NFY3SjlRanM5WU5Ua2RhcnRfeGpQc2RPMVplOGw3dS1KNnpYc3F5VXJxb2hUQy04SUhJV1hobFFJZUxQUUhF?hl=en-IN&gl=IN&ceid=IN%3Aen,Google News,2026-03-11 20:30:13,,en,Finance,
"Trump announces historic $300 billion oil refinery in Texas, thanks Reliance",https://news.google.com/read/CBMi4wFBVV95cUxPWHkyREFyMmV3dkc2cTVKVWU2SXlFYjBua1B2YUpkTjctTnhOZVhKd0pCXzBnNTladzBQRGF6Q3FpMWJ2MUxMNFpIaDJpaFctd3dwbmppYXdNMGlIQ1MtLWFUcDdlVU5aYktiaHM2TGhHaFpEcTctVEJZTmxMUGRqSG9JWVpPR2ZCRGNYRHduN25SV2otSmhCWjU0aVpoMHp6SGpJbm5NekJPNWhrUVJRbVB6ZGs0bHByanY0aEZZbEtJdXN1azAxZTRfazM4QzJCaGpIMTdpeFplYnpBV0lTeFJwUQ?hl=en-IN&gl=IN&ceid=IN%3Aen,Google News,2026-03-11 20:30:13,,en,Finance,
"Two LNG cargoes on their way to country, says govt amid gas shortage fears",https://news.google.com/read/CBMi1AFBVV95cUxNX3JEN0Iwb2ZNcVMtSlh0YTdtM254N1NIU0NHQ1NSMXBBWnZCWHNTdThvLVp1THhXckZCUFNpRkFKbXpVbjJULXdsSE50MlhLaVMzWDFqU3VtSkJEN2R2cFFKTmk2SnpXVlB3UWJaT3JlVmhnWktHZUpmRmRfbDF2RTBtWnpUX3poZlI4cUxaZUJ5Q3VCZWV5Yi1lczhIWU55TnI5a3FyZ243dWhFR1p1R1d3ekJ1TjMwaW5Zajl4TVpkRzNMZmJNNkVJbUdMYy0yTFFiTdIB2gFBVV95cUxQM3RkT24xaFFNVlNvclNxN05YT1Brd0x4NEN3NjNFMkVaRVYwUmVnd1VfY2k2ZWdPMUp6Qk9Cem1qNnNZWWlRRml6dm9saFZRUkliaENjNTJ6cjgwMkkyaE1MaTRvWXRhX0VxV3hMY3k3TGZMcTh5ZmlaSGJWdHNVOE1fOE1kSVh5YVB0SUVISDZuZW1mUFl4S2tHUWNKeEpfdTlDX2dLTU5Hblk5M3JvOGJkdmd5Ymt1Szg5aHRRXzVwVGJiU01Genozd0pWN3RPeVdZYlpfUG95dw?hl=en-IN&gl=IN&ceid=IN%3Aen,Google News,2026-03-11 20:30:13,,en,Finance,
"Govt says crude oil supplies secure, LPG distribution prioritised for households",https://news.google.com/read/CBMi-AFBVV95cUxQV3QwVnpiY2NSYWhnaUJhWjJiOVNNYW9MbkE0a0hsWElCVXRsa1dFY3lNMWlpYzIxdVhTSHZxUlFaRkRfY2MxVWNrVGRXcWxLR3h1a0loSlN2RHpJOHJCYVJtWkFrdkx1RkVjNTVnTEJpcjdubXBZemh0TWxKTG1zYXh5aE5RbV9pZGFnR3FCQldCOTZJT2FIQ0lHN05jODAtcGRERmVoR09MRHhxTks1NVNodHU1NVBlWXNUcV9XUnR2MExDdUdlT0RYRDQzZ2h5RHNtdzVJcHRMdldWMlNZNUZfSldzRFp5dmx6dGppb0U1OEtuLTFWbQ?hl=en-IN&gl=IN&ceid=IN%3Aen,Google News,2026-03-11 20:30:13,,en,Finance,
"No need for panic, normal delivery cycle of 2.5 days maintained: Oil Ministry on LPG bookings",https://news.google.com/read/CBMi3AFBVV95cUxPRE8ySUdXLURsV0pycEZWR3l4ZFFHLVdxY3pnZ1RjNnpFazJ2OUVISWRVWmZwT0lnMXdkR3hTNHVlOHVhcVNYTkI2TlduX0Q4OWtjRklvMmdXaGJxWm9VMXl4THB0Mm81NmN6Mm0wSTV2Vm8xekxBbkhNMDRzQUxINWhqV3dqbmpBb0pnS0tUT3I2UVZzb0ctRk5kMGhmM3BhYWxyRkJqa09TdFpxM1A1b0hHWl9aek5tcDNwMU9NRFhqN0dTY3QwUDYzTGxLa1JvWm1rVll4WXhIdXZo0gHjAUFVX3lxTE9BWkFnMHlUamZYWXU0bmt6RXJQOU9iXzMxLXdVc0MwSXRlT2tERExkcENCSlh6WEZfZGdBQS12ZUlOYjA3RXkwbjUyWUVNRU5EaEFHdGwwZHN0ZkN3dUN4UG1FSzd4Rm1Lb1JGZ2ZBU2RvbUNhbkpFMmFqbFFhMmV0WjBRTW5PUHh1OTl6Rm0xS29hbVlJcFlCM2ZfVFJBVTNNNDg4Y2I4YjNFWHlsLWZKSk1wc1NLQmxSMHFSaUtmeEtvTVFxdnI4bm5TSjg0c2ZXaTFQbDh6WWowcmdYS3l1WG5F?hl=en-IN&gl=IN&ceid=IN%3Aen,Google News,2026-03-11 20:30:13,,en,Finance,
"90% of India's LPG imports travels through Hormuz Strait, but things in control: Govt| India News",https://news.google.com/read/CBMi3AFBVV95cUxPYkNkQ3lEVTFwclRRRUNidk1haDROcFZjV3dXdGZ3cW5Gc3ZRMGY4b0tWSmVSTUxlX2tvd1doQXI4M0p2RDFYMHFyc1pPdVdyai1mYXVqZlloLW1oR1dNbGlza29zdmxQWVhOQVhDNktpNkpHVnZHcEd1dmNvNWtZdVRYOUNNSkdrSF9TRnMwTk0xd0dIeUZaSTJ2bmZpWTh4VXVPLVI5djhVTW5pdXI2R19lOHNpVzRCOVVVdEgwa1BPZHdmVHJpNmZqUTR1TVZheDFIVlM4VVpfUWNC?hl=en-IN&gl=IN&ceid=IN%3Aen,Google News,2026-03-11 20:30:13,,en,Finance,
Oil prices fall on report of IEA planning largest ever oil reserve release,https://news.google.com/read/CBMiyAFBVV95cUxPeXNqVnM4MjZEVXpXbXRLVmVubG9tZlZmM1NiWUg1RXNlUlczVEVJWU4wNTVYem5LSG1Rc1Y4aUlCLXUyblc0MmtDQjh3MUpvT2JUSzVjVVpvZ01ta1R5X0EwZUlzVUs4MkpKVUk4SDJVRXRYSkw4ZV9fQ3ZHbkpkc2Z2V2V4UWdKSHRldHRsSGp1S1gtMDEyc3hMaldmM1J2TzNMZmhoUmpCdWRkalFaXzIxU0hzOE9meHBqOEt2bUV4TFNCc0xNUw?hl=en-IN&gl=IN&ceid=IN%3Aen,Google News,2026-03-11 20:30:13,,en,Finance,
Statement from IEA Executive Director Fatih Birol on energy markets,https://news.google.com/read/CBMimgFBVV95cUxNQ3d3S3BhbzZhWHUwZmtJRGJlS0JzeUh3UmpaWnZodHkteXB0RFhYQkQ0ZERQTXJRejFqUjRxajdEZGFYejZSdEJhdGE2N2tCaFdNRkE3S3NZYWllMjJaM0lyMW9IVFZ4LUhoMEI2VFNFcDM3UzkxVWdfWFZxY0ZxMzd6UmMzM002T0RqV1gtV2ZTbk9vX3BaVzFR?hl=en-IN&gl=IN&ceid=IN%3Aen,Google News,2026-03-11 20:30:13,,en,Finance,
IEA agrees to release record 400 million barrels of oil to address Iran war supply disruption,https://news.google.com/read/CBMiiAFBVV95cUxNUDdHZnJjdTNQOTE1MUtlZ0ZvWlYtejZQaDYyR1YxYzc3dWRYaFY2akFoeHhaYWRHTWl5OGVYT3lGdUtGcEFZVi14TGpNNUJmWlJCbVhZbHZmOFFBVWc3VEptTWZsT0NBekpsMTlHdHhzeEZWRHJ2aTFleG1aeDJMdWx2MXB0d25J0gGOAUFVX3lxTE1kaGRtc3BfVUY2YVJZTTJOV3RPUC1vcjFSay1JVTRSSE9JMkJTeVp2Q2xMSG9ZT2hUaE8teW1fUXZ6SUMyNnNCcV9xemxqeWZTQlNtYnV2WnZTSG9PS0ROT0U4WmkyWUNkcHVQdkpCbklaSUMwOVVCNG50QUJxMVNBT0xyOXBIWkNIZGYzQ2c?hl=en-IN&gl=IN&ceid=IN%3Aen,Google News,2026-03-11 20:30:13,,en,Finance,
G7 welcomes potential record release of oil reserves as prices surge,https://news.google.com/read/CBMiWkFVX3lxTE9XeW81eUozb0NGMkdwRDJRLS1uSUFORWJuczVCS2lzeEwyZUNYRUphWUdmRVFnZWFqSW5ORjJOblJ1bWgzOVJSQUVkZnFyVmtQZlNuaF84eW54QQ?hl=en-IN&gl=IN&ceid=IN%3Aen,Google News,2026-03-11 20:30:13,,en,Finance,
India's crude oil supply secure: Centre amid shortage fears due to Strait of Hormuz closure | India News,https://news.google.com/read/CBMi5wFBVV95cUxNNlR0OC1ldks0S2k0a2R4bVJhdE9QZFRKZk40Yl8yc0pTbU5JRjJOQnB5VjNObjRVRGE3LVdHLVNlUFl4NmNNRWMtX21zWTV1MEJudEZWaTZzWC1qNmo5Z3Y2c2Z2aVFKT0ZzbG5YSVJnR1cwZE5zZVM2b2JwUG43NUZIYUF5cGwtU05McG5tVFItdDA3UDE3TDZDS0stc1RjYjNJVjJCYjV3UjZ1Sy04dk56NEZ5RzJXRHQxMEFpTkxib1hhWUpsazdGeEhEbzZRZTdCWTduTFVCZGJjZ3FTWFp6ZWM0dlE?hl=en-IN&gl=IN&ceid=IN%3Aen,Google News,2026-03-11 20:30:13,,en,Finance,
Iran-US War: Risks to India’s Energy Security,https://news.google.com/read/CBMikwFBVV95cUxONElrV0RQenRzamlzMnViOXRXajJSWGNFSVA5M2s2WlBGTjNuTW9XUVY1SEtuSFVxWjctc3JVcVdadVFzXzNDYzgyZHgzQi00eTk0OERmNm5XQjJTdFhmcV84azdsRWtNS3JwVzNkdWFicWdyMnY5MExFeDVWQXIzZUlYbjBKMXF5RW9xTVkzV0NaSW8?hl=en-IN&gl=IN&ceid=IN%3Aen,Google News,2026-03-11 20:30:13,,en,Finance,
"Supply woes, higher oil prices may hit growth, fuel inflation: Economists",https://news.google.com/read/CBMi7AFBVV95cUxPdUppTEVsZTVzYXh4U09YbW40OFdjNnhCZ0dDcHRrMDlnUm1Ibkg2WXQxeVJ5eTFFWkphUU5zVXpKNTJsZ3NDdkhFUGlFRzhObFlHX1g5dnNzbE9mdHI0ZmlwYXZ4cUtueUpYMTdBa0NMZnlxMVVlMlNqeGZQR3RQTXk4ZlZCQldBSEhIU3o4VjBuZGFNMEJwRWM1SE11ZGJRQ1lmRFRQVWFqQXZNakNhMnJqVC1yakZybjRackRSdlptOERDYVVLQi00ZFJ5bThRSHVPS0U5QnlwYWU2QUFnZ0xxTE9ER1NoaEQzYQ?hl=en-IN&gl=IN&ceid=IN%3Aen,Google News,2026-03-11 20:30:13,,en,Finance,
"As Gulf crisis lingers, how India’s energy security faces a stress test",https://news.google.com/read/CBMi1wFBVV95cUxQR2ZRY2g2NnpWZVBjcmZ3S1BhZzU4QWdWWjVZUkI3QTFPalRPVmtQWEctQWNMYjMyUUpjVDZaanFPR2FKOXkyLWxlSm1YOVRXS2UtR3lDQktVR3o1dHM0WkhEZldLcml6S3poRkFEb3YtWWJidXhYbUxHMkJuODJRYkdKWEhmbVh2YUtiSmU4WTROZTRlQUk0TlhtWVNaRWJlRlhteFlXOHhtc3J0UnQyRGNvMDZTc0FxNUJEUDlyemFqTkI0ckFrdkU5YWJNeDJmanM0dUNUMA?hl=en-IN&gl=IN&ceid=IN%3Aen,Google News,2026-03-11 20:30:13,,en,Finance,
GIFT Nifty down 25 points; here's the trading setup for today's session,https://news.google.com/read/CBMizAFBVV95cUxOelVxNjhTU3I2NXpBbXZsNXBEM1ZRS1FyUm4wUjZMQ2ZNc2JnT3RjVEl0WTNaV0Rua3oxa2puMzdJeF8yc2RlZzIxQl9fZjhHQXp1SVpQYjh4c3AyX1BjM1ZMS2xLREZPX1BNekFHaG5oVnRsempjOXdsbHVkcURGMEExOTRJUzVyQ1FjRXVvMExlUG5RTDNzaXFzR0xDTGxXMWM5VHlWYm1jc3RXbkI3WFFaMHluS1ptN00xVnBaWUpjbG8xTGN1QWU2RU_SAdIBQVVfeXFMTjRlT1JCWUlUTWphMkota2dpN2VRLWp3dzZHOFhJNFBoNjBXSmc4YU9iNURSNmRBUVAzbUczRjRjMm9OWmlIa2dIVFpVeHNHYzNRQ3c3Z0hBTjMxbUc2TEhFVnlyaUxZd0JyNktCcHZYczVwaldYNXprTjdWLXFlVmlFbkRGS1NmcXVzUGcySmlyN0dQbXI1RFFUeWVZbGZjajZQVWo1MFR4OXc0c19lT2EwTlFmeXZVMWNoMWVEbDVOVGZub09FY1VvU21rQ1FsMExB?hl=en-IN&gl=IN&ceid=IN%3Aen,Google News,2026-03-11 20:30:13,,en,Finance,
"Dalal Street takes cues from Don, sensex up 640 points",https://news.google.com/read/CBMi1gFBVV95cUxPSmk4aThmT1dvRV9nTHRkMWlQRGZxdXl6YUFkQ2xvODZJOUhEelBGdU9paWhURk9jeVpZOWpXbWJKR0twSVhxOEJFWmtuVHJPTHB5aWdOY0dfSFJEamZUOGxkTDlRRXp5czgyUGdIV0g5aU9IWjZuNzJ5Z1RmNHJuR1RKS3hJaXpPc0phWGZvMzliT0tJZWxGbHJHbnJrdWNSbUZmaS1uN0pzWGNRVlhQQTg3MFpPUjhPd1JGTGhlcHZYMVV5Qm1yaHhRTWhBSVdBeUNkUEVn?hl=en-IN&gl=IN&ceid=IN%3Aen,Google News,2026-03-11 20:30:13,,en,Finance,
Stock Market March 11 Updates: Markets decline in early trade,https://news.google.com/read/CBMinwFBVV95cUxNUS1TWDBsZXVlZENjbzJDT0lMZXdQRTlaS3V2cjlRWW1xWFN0dEE3NjdGNnJUYmp4WHZEM0VfM291YkNUZWc3eE5LajNlUElZM2tmZTFic0F2eHdPeENJLW9fdHlpTDFrY3FHTERvbzV6V2hod3ptSTUyLVZleExLTndoOXZJSnF1ZzRHa2RkU05sajNHQnZqUE4zWjlWMkXSAaYBQVVfeXFMT29oMUQxejFzS19MRC1RQzIweG5uTDRjSkxvQi16U2J2dDVLNGMzNmo2d2F1TktKeWI1Q3Y5QjJHSl8tbjAxU3RXYmFyZmlyWlBacEZyNkd3SDZOUjFUQV9ZSFEzclIxN0I1TUdwM0ppdzB3bjRvMmlNb0dyMm1aVzVsQ2MtbThUQXBpRUJpX0hYaFlWQWNZOEF4am9BalUxaG1GQ25OZw?hl=en-IN&gl=IN&ceid=IN%3Aen,Google News,2026-03-11 20:30:13,,en,Finance,
"Daily Market Commentary for March 10th 2026 By Siddhartha Khemka - Head of Research, Wealth Management, Motilal Oswal Financial Services Ltd",https://news.google.com/read/CBMilgJBVV95cUxQSS0wMjViV2hYZzBBRTE5ZkRRc09NU0FpQlpWTlVKVnVkMFd1cUxqeHJfOTFwT2pvOWVCNEVHSU1wa0Q1YU01RnVEU2dmM0pmM1V5a3g2VTg5UkU2TnAwalRvMElNWEtIRVZsUW15UGY4SFByZDBnSkZ6Ql85NUZOZzFUZF93eXJmelJCcVJ1N3FIOTRCMTU2TFFJUzJyR0tpZUZnYWppOTMteWMxbXFqdVI3N3JhQkdPemdENTFiMUxsc0NyOV85VG9URGpoSDB6ak1LZlVjdzU2cFdCaVhrSVUzVDBIZkEteW5JWVVtWW1LeWh2UFRuOUh6MnZ6Vl9mcHl3ZnI1Y3hibzFkLWF0SDQ1M2ZMUQ?hl=en-IN&gl=IN&ceid=IN%3Aen,Google News,2026-03-11 20:30:13,,en,Finance,
'Swinging into action:' The Saudi Arabian pipeline designed to bypass Hormuz,https://news.google.com/read/CBMirgFBVV95cUxNb3B1WmstaWhoRnZFM2h2MTQ0b0txYXlQYWNfYkpmNm9KUHdiQjZ2d0ozdkM0d0d6c1pFVEktZHB3cmRtdldpdUdtQU5ERVU4NDl6OGNXWTRDYUhsVW1CUklNZEVha1pXR05vMHprNXgwcjFIWTNhc3A4dmtsLU1EN2xqZ2JlLUxRQkR3ZHZ0a2NVbFMxRnJIcUlnN3RSWWJFZkVJOE9MUG5UN0FmZmc?hl=en-IN&gl=IN&ceid=IN%3Aen,Google News,2026-03-11 20:30:13,,en,Finance,
US-Iran War: The Critical Role of Gulf Pipelines in Global Oil Supply | Business,https://news.google.com/read/CBMingJBVV95cUxPYTB5aXNhWDc2bnU3MVV6M3RUTUg3dUJpeDhjYkxmV2ZoTUZkUUVpbkZ0b2xvY1hBc2l3elI1TmNQd2RQN3BBT0lObFo4OGNQX3dqaXdBUnc5dFJvcW9YUHcxRXREUExTLS16REFfR0lOSVRxYmI3azZnVk5lbUh3bGQxNEFBUkxkMWM2cm56ZFZURTRycW5WNG5OUm5sMUVtc0hxUXpRbjd3OHRJdndXbGFCRjNQRHZNVGVwa01NZVVZbW84bHNQQkx5bU1Qd1oxaHFfRXdEdzZERkZ0TlpmZDJKaHZvZW9UcVMxMjRGT0VOM19ScFBYMUtoQmR0QTRnWlkzdmplVG9Ma3o3SHZfSFhkYlFNTTFid1QxdUhn?hl=en-IN&gl=IN&ceid=IN%3Aen,Google News,2026-03-11 20:30:13,,en,Finance,
Saudi Arabia Starts Oil Output Cuts as Shut Hormuz Fills Storage,https://news.google.com/read/CBMitgFBVV95cUxPN0pWY1pTYkFUZTZmZHN2OHBmNlFwLW1RS0RoVF84YnhFcmxSSUNodXZLMXl6R1RNRjJUb0xzVFh1M1NFLWJIaHVsSFFjdXdxelNDNEFiMlhCWE90dnRpRFcwbVJhdm1fMWRTeWxPbFdkbUNTLUZLekVpYjl5Vm9ZUHE2cFZUdVgtUHU3LVc5MEVjUkpPaTQwYzJLZmJhN0RJUHh0X2JaSWtDOVUtY3RuMEZmQlVHdw?hl=en-IN&gl=IN&ceid=IN%3Aen,Google News,2026-03-11 20:30:13,,en,Finance,
Aramco's East-West pipeline to hit full capacity in 'next couple of days:' CEO,https://news.google.com/read/CBMi5wFBVV95cUxOZjlRWmZ3V2dDc0R3OHdSS2REalEyS0FOeG5PSjY5cXg3S3RQWnVBTFk3WjhycU9ENzVXNlBjOU5fOXpSNjBFR2JjOXVEZl92YTIySnoxTFZqbENzM1ZEVTU4eV9WZF85LVBRVjdoU3lTZkMzbHRHN2U5UTd0NkhxN3JHdEoxTFVlcENJMzJkMFFkRksyVi1PWHhRRXNKb3k1ek9WTzRGbWp3dUR4bDdvM045VFpRdEhXdTNodjdEZkdOWkZ1cVpsdGdnZEQ3V3pZYzVlb0w5V25Qb3dPallLTFlVeFZfQ2M?hl=en-IN&gl=IN&ceid=IN%3Aen,Google News,2026-03-11 20:30:13,,en,Finance,
Which countries have seen the highest petrol prices since the Iran war?,https://news.google.com/read/CBMisAFBVV95cUxOWU9NT1dxbkFSakNUSkIwOTZIdm5BR3ZQZ18ydV93cHR1S0ZEdzl5WmNSNHVmOXBMU0tnZzVzZ2laaVd0eTZHU1ZuS0gtMDZ5eUpQREJNVUpJRDN5SHhfa0U0bjlVOVhWeUxtVkRZNnhqYV9sNGhpUDhvWkZhMnhrVm96S0pUVGxtbURDQ1lBaUNySGx4V2g3dldwSFEwUTR4X1B3M1Y4OVdVYk1UeHFaLdIBtgFBVV95cUxOTDVoWnZoRG1iS1dCMzdmMUI0d0JUYlZZdlhpa09hRHo3YjBNamNYMUNHMjhBVmhKSkZNX0M3X1ltWnhoNmRXNzR5ZjFEZ2dsMkxpQmtuRjhtZm9DQkwwOE81dzYyeU5wOEtGVWZfSWZYZGd1M09CeElhNlQ5OUR1aWNKV0Nrd0NZc1lXbm5Za25XSjVpQjAwb21zNUJJY3VwNTctck4wRGhUcEZvQ3BoNUJPVE55Zw?hl=en-IN&gl=IN&ceid=IN%3Aen,Google News,2026-03-11 20:30:13,,en,Finance,
Asia’s Fuel Crunch Forces Four-Day Weeks and School Closures,https://news.google.com/read/CBMisAFBVV95cUxNOEF5RXBrazBDM3FNbnV5S3RoaG9ob2FjSDk2dllnYkRIR0ltRjVXc1FCTGd0d0ZKcGJxN2hHLTViOERvQ01OMmtmWHNZMjBmZnJtTHR1ZkZqOWFmYWtpZEFGdFY3eDhEMnVRMlJiODY2MlFCM0d1VlREUEhmWnRfQWN0Ul82MFV2aGlfelZhUUgxUTdLNDFYbUpCVUtUemozajgtZEp2aW9Oc1hVUGpkSw?hl=en-IN&gl=IN&ceid=IN%3Aen,Google News,2026-03-11 20:30:13,,en,Finance,
Why the price of oil matters more than you might think,https://news.google.com/read/CBMiWkFVX3lxTE5DZ3F2aVhNVUZYeEJTM3dzZnJOZWJFNUN5dVRTaUVhSGZpcEpNQWhCbzJHR2RfZFJ5ZTN6cXk3Y0E3WUpwX2pUSkNsNURGR0xFb3RVYXBJYVMxQQ?hl=en-IN&gl=IN&ceid=IN%3Aen,Google News,2026-03-11 20:30:13,,en,Finance,
Oil prices swing wildly as Iran war threatens transport routes and production across Middle East,https://news.google.com/read/CBMilwFBVV95cUxPTFp6S2dqMlZ0dzJTd01Pa3RaVXhzLUVDS1NTeVBYcXM2TWdhQ3hVNEpaTnp5U05aRk1GRU9yRERCZjVVVnhZMzhkV1Z6bDJjT2tNeHNMc0FzcllZdE1kOEhteHkxQVRfV3VDWGY4aWF1NWxZQURRSW9jQ2JoSEdCNTl2c3c3NGFBWHNva0tqOUoyeXZ3OERz?hl=en-IN&gl=IN&ceid=IN%3Aen,Google News,2026-03-11 20:30:13,,en,Finance,
Japan to release oil reserves starting March 16 amid Strait of Hormuz chokehold | World News,https://news.google.com/read/CBMi2gFBVV95cUxPNGJHd1FKVzZYZGVrcWxPMnQ3MC1GZXdWSUdFZnM3eE9QeHpsTWxLUWlnT2JpVTE0MHFfRm9vT0dId2NaMzBlVVJQeTZHa0htN19iS0JvNHZRSnFKYi00UllrcjZoUno1NFFWeWlvWXd6bl9hNUV2SFJyeFpvckhlMHNITTlBOWZNNUlHb0NBbUNvTTZtdFdPcElPaW5fZ2pUQlVzMHhXX2VNZ2lhYU5oNm5wNGxKcjBiQy1YSkVZYUJOLUhuelhRWHRGYjdBZlRDSEREZDB1cjZ1QQ?hl=en-IN&gl=IN&ceid=IN%3Aen,Google News,2026-03-11 20:30:13,,en,Finance,
Middle East war live: IEA launches record release of oil reserves,https://news.google.com/read/CBMicEFVX3lxTE5WWTZMTmJCX3ZGRm9ySzBlZzFjT1B5WWxlZGJsQVJNMDdpcGxVU0xOMTJpc1p1RDJHSktGaE15X3YzdWkzOUlrX2hoaTE2TlRoQzNLcVNhZWtJczZDVDhOaENJUkhsRHpNMFF3Y05zUXM?hl=en-IN&gl=IN&ceid=IN%3Aen,Google News,2026-03-11 20:30:13,,en,Finance,
"Germany, Japan to unblock oil reserves as G-7 stands ‘ready’ to act",https://news.google.com/read/CBMixwFBVV95cUxOQjQ4YVBMT2g2d2VXQWxWZkpYU3k4bkh4TnlLTWNRalRIbEZ4dVlCS0l6NGpnckdyWE1TSDkxSWtXNXNIMFkxekJKYXAzNzBrNmhZVk83VkJmdHpRUE1YNXN6NEZKR0dOUEJjR1ozOWRFbDZ6MDBqc1J2dWtvSENVbDBsQ2c0aGpkSmdUckRmUExIUm9ZX2FINXVwbnkyd3JrVk5iQV9FSW9nNklWUVZGaTZMdkFleTB0YmVjX0pWNkdUVkszSU0w0gHOAUFVX3lxTE92bUNieGVSYkdGOXdGNFBWZkMyLTBtZ1R4ZzN6dXo0QkNhd2x4S1VsSFVsbkVVVnc4NUNoQk1oQ2JXWUU3Tm1tNVJaVmZLV3UtTURnanljSEFyM1BwbWdDTDVDUUVWd2QxeTdNLXphcjUyT1RtN0lzRmUyTjVBMmZHQTVBMzk2bS1jczBuYmtmdnFFcTZsV1hsQW5aSDd3ZGRfeHRuVGVXRFZ1bUYtd3FrTmVWdXJQQjY2Y2dfMkI4Z3lfZzhMTE1FNmlvalJR?hl=en-IN&gl=IN&ceid=IN%3Aen,Google News,2026-03-11 20:30:13,,en,Finance,
March 11- Japan To Release Oil Reserves; SC Pushes UCC For Equal Inheritance; PM Modi Assures Help To Stranded Indians In Gulf Countries,https://news.google.com/read/CBMimAJBVV95cUxNdDF5dFBOY1U2WkkxZU1rdXFKMl8tbHF2TXBnTDdQUW1Td3RfMVBnSXlhVnFZaTFFbVRkM0ZiamowME0yU0Vpdkhsem1uRzRHWjhHazZSdHBqenNlUFBMbV9ISThmZFRQSTJFWGRwN0h2TkVwYl81QTRTY2J3MFl2eUZFRGwxR19NdUxpdlUzQUVLMlBoV1o0by1zODJVaGROalBXa25TWUFNVEJOTTRFNjFOazFHZENMV0pFWVYtVllsaU1hSHBxVHR6YTJSTi1GQzEzTHNVeXpjS3ZyMXVvMWVVOEUyN2wybmZ0Mno5YTQwRUhDdlBZd0p4Y0RWdklWOUFnQTJMbUpsSHRaaGdCSUVrOGFHUWFi?hl=en-IN&gl=IN&ceid=IN%3Aen,Google News,2026-03-11 20:30:13,,en,Finance,
"India’s LPG crisis has a surprise beneficiary; it is 'sold out' on Blinkit, Swiggy Instamart",https://news.google.com/read/CBMiygFBVV95cUxOWk5XdUtUcFBVUlZ2elJnaVhxZ0JqYmZpZlNNZTBqZkpCZXhOOE5NeFFrdUhJRy00NnlMYS1lSDhMVl9yMG1tNDJnT0oyZkYyemRvZmF6Q3ZDV0Y1WmdXYXhuN2Fmcm5NTWVjZ1VISzJnQVVSX2MyRHJtV0lYaExaQ0QtZ24wLXdjekp1akYwR0NYSkpFN25UQUFxaUFnZW5VNlJYa0RqNEdEbUhTcFI3eDRyLWMtdmZWZm9WbV9FMnpxa0V3ZUloUzZ30gHPAUFVX3lxTE1VWFlPVGxNWS14cl80Y2x1YnlfNWd2QWFUVG13NUFEMzN3M2RoNjNfNk1UT1B1OFEzdWFMQVh1dlZsSUhCbFlTV1pjWHFjT1BRN2k2bkZXbkd3ajNjcEV1NHZQY2MyMlRuT1VTS1ZqOXkxSlQ0Ykp5cWlrd1FVenl2SGZUdUJHSGJyVkNRQVVpZWRBd1Y0RUd6dWJmX0RkUnhVSV8za2ZBcHExN1Z4cVdsbHVISWhfYVZwdlRmWkFJQnhyc2V3M2Nadkt2OTI5aw?hl=en-IN&gl=IN&ceid=IN%3Aen,Google News,2026-03-11 20:30:13,,en,Finance,
"What is cheaper to cook with, LPG or induction?",https://news.google.com/read/CBMiqwFBVV95cUxNN2xVN3VOT2tTbEJuSEtONWpmVzFQbHpQZHd5emNPQ1I3X2xjZ3otV0ZFTUZZSXFfUXhPd1RpakVseFRtQWhWZ2M5b3hxRGNPOHZaNkpjckQyWVdGOXpDMTY1SmdhOE5hWkxUcEVnUlNxNHZ6dE0zaU4xcnRDdURjLVB5YndnRmtfaWZvckQwMWhQNEtMOHh5TjdwVFd6SUVQQ3A4aWttcGVnckU?hl=en-IN&gl=IN&ceid=IN%3Aen,Google News,2026-03-11 20:30:13,,en,Finance,
Induction cooktops going out of stock across India amid LPG crisis,https://news.google.com/read/CBMi3gFBVV95cUxNb1llYmtMb0FzdFY2cC00SXNKQlkzRml2ZkY4QkRpaHBXNGZDbElSZ3FWSGtPY2tSMXVnWThvRkZjNE9jS3h2R3l6bFJYbHFTN2k1cFZVdWFtMDR6WS0tb3d5bWJNV2dabDBDS1V2bkpEMGFUYWFyMG5ORjloRllCa1pqM1c1ZjdTNzRwUi1FNmtWbWl6N01pSWFGcnBsWkZJLXBqRURZcXQ5eU96SndBU3RGcVJfQ3Z4Znl4ZXIyckJlOUpKcWU5V0c1Qko4bm92TElheWhKZUlMZUQ5U1E?hl=en-IN&gl=IN&ceid=IN%3Aen,Google News,2026-03-11 20:30:13,,en,Finance,
"Stove Kraft, TTK Prestige shares rally up to 15% amid gas supply disruption; here is why",https://news.google.com/read/CBMi3AFBVV95cUxPNTR5YklEYUFxbF9ZVmc2ajM1NkNsNG5sdXZYeV9GcEZJb0s5eFJOOGVTN25zVEw4UXJHWG9pbVpUMVBvalhRMDVMZGZuSDB5Ql9IbDJ2Qmsyd0JnWXNtdUplckdoYnd0SDY5Nk50YjlZMDdoVVM5QXBhZHg4emNGTDl5TEJsb1Q3VXdFMXRqbDdiRUhKa3J2OGZ0cTk0aWdhVGNFTzB3cGR0TTFQUU9XZ1R3RFFkQ1pzWEZrbkMxZzREM1lVa0c4Q25VQjZmSGRPSmF4WXJ3ajBlS3NM?hl=en-IN&gl=IN&ceid=IN%3Aen,Google News,2026-03-11 20:30:13,,en,Finance,
India's IndiGo airline CEO resigns months after mass cancellation crisis,https://news.google.com/read/CBMiWkFVX3lxTE1GZ21lZVJBcHhCNzZtUl9QQkdJOE9WWlByMTJPRzI1ZE13NExPMXE1TDlYdXZ0ZXZtempyUTFjeXNER0s4R0dIUDhPUUttZ3NkdW9iZHlQTXRMUQ?hl=en-IN&gl=IN&ceid=IN%3Aen,Google News,2026-03-11 20:30:13,,en,Finance,
"Before IndiGo, Pieter Elbers Was CEO At Dutch Airline KLM. Why He Left",https://news.google.com/read/CBMiqAFBVV95cUxNVnoxV1dTXzJ2eXVsdE9Xckk1clJ2RkNxcnFfWTdyUnpiZ01QamtkUlZtNEpWcEFlVnExSXJLLWFTOS13aDl3UGRteHZYSEtJR054VXVRMmJreEtRSkVKeGFqMUFrVEU0ZHl3LUlmZ3NybHFhdmtjUkl1Y3RrZ09QTk1ZOFQ1MlY3Yk14M05qa2pJYUUzRkZWcEl4RTB1S3RZSFFTTDRTdHPSAbABQVVfeXFMUHVrMzBHckZJclk4TjlEc0cwaklQbkZhQjdRZG9jd184cVZ6UVpNb0dDSnY0aVNkOExBNi1CbmZ0dXVqWE1IQzJPWEhxeGdSZGkzc1pfOW9NWjZJd2hvVFFPN0FaSXVySjRoSDd1dDlOal9VYVRyS3pQZUc0Z0lzZ2kwdTVuakVNanFEOGdWNGstRThxeDZvSnpwVkd4VEhOSnJtQ1hFTjJ0MTBzNUI0blU?hl=en-IN&gl=IN&ceid=IN%3Aen,Google News,2026-03-11 20:30:13,,en,Finance,
"'What happened in Dec should not have, ' says Rahul Bhatia; Indigo CEO Elbers quits",https://news.google.com/read/CBMi9wFBVV95cUxPY1NKeWVuSHdhQ0p6dUstNThWTkVrZmdDT3ZUbFRFdnkzQ19saExGY0ZWTmt2OWM0ODdvTkQ5SExnMmpqOTFsTUktemtTcFVISUpRQWpsMnFTUkI2M0dZeUcyTTNQeGtPaVkyenNDVlA1UG54MWtZbGZPdmp6Y1paTk9YMHRiYy1rdWN5WFZrUVFFTjNOcy1mdmpvRFF3RVpvcHE4eUhkSDJxM0xNU0xUNUxmVGFKNVF4dU9wSmtVV2dzUmc1U0dOTEc0dC1lVUpQVjNxM0FLT2kxNWdjN0NoLUhDcWloMVAwdThTZW1xN3FWU2w5MXc4?hl=en-IN&gl=IN&ceid=IN%3Aen,Google News,2026-03-11 20:30:13,,en,Finance,
Why may IndiGo's parent InterGlobe Aviation shares have a gap-down opening on Wednesday? Explained,https://news.google.com/read/CBMiggJBVV95cUxOcktYU1lrZHB5NGdST2FQUFB4ZWNJREplQjhOeWJzNVZKOThqdlhLRVVnLVdNQ3NhYXRpRElXbW1pWEc0cGE5dmdDWG5YZmJIb2lpaHlnOUJ5STQyQ3VETktlRDY2TV9jY19UVHU5NnFhWWJOWnpoUndtOGwyTldGT1VIdFUwVTVIZHhMUGp0VnlWa05acWgtQVBOcTc4WFI5dUdneVNLOXNjNlZRSXJpUzB5eTlXQ0czR2JpYTlFU2NIUkZWSVNQdmVSNjFYNENoejdqSUNqcHNTNjVydnI2NGt6MDVTbHBqR25sSlZnTEl4bWpMME5pRTRMdEZzdzVuV2c?hl=en-IN&gl=IN&ceid=IN%3Aen,Google News,2026-03-11 20:30:13,,en,Finance,
Big update in IDFC First Bank Rs 645 crore fraud case,https://news.google.com/read/CBMinwFBVV95cUxPcm1WcklmWENvY1BZdDZ0MFZ1c2hOWnFNcDVjYi1fdzZTMmFjUWx5cVdKRnNZUHFZS216VFZMZHJlT01yaEJZMTlGMW1xSWZzb3RyekUwZmlqRmxoSVVUcG1TeWJOVVdzYUZVVi03WE13dl9DTEhXWlE1c3JoRXJEcF9EQ0Y4Y1U0MF9ZZWpwRUFIbmNURlZhMHVYOUdoWGc?hl=en-IN&gl=IN&ceid=IN%3Aen,Google News,2026-03-11 20:30:13,,en,Finance,
"ED searches 19 locations in Haryana, Chandigarh in ₹590 crore IDFC First bank ‘fraud’ case",https://news.google.com/read/CBMi3gFBVV95cUxNcHFBMHlTbkc4cVhkNW9RY0RHSUE0T0hFQkJBRURuWkhORGt0SHc4R2dWR18tUEZSOFhtd0xNZjI2Tzd0OFc4N1Zvc3BNblVabkZmQ3JWcE5DWVVhSlF4V2dQZXppS20telRFTkRRcHAtYlFhNUZJSDJCODZjS3M2cnpQS2txUWlhMXJoR09Ib0RWZ3RXaEduWXI3TDh2eHJQd1pCOTdqajM1Zy10WGNVbkdBeXVpTWE3bzU0UE5QdUl0T3hLanhYVXFsVjczVkY3Nm13a3F4X1VkVTYwZGfSAeQBQVVfeXFMTlJkamQxTF8ydWl2NE1qMlNGTzdUeXF1QTV0Z3diSndRNmd1clVfZGtVT3pVeU9WY3RIQ183OXJ2aGwzQmR1ZzZtb3RwS2Y1YmNESFlyZ1c5M1B3TzFDWV9CNTF5YTduSFBQQTFWRkJFMmFyc01NSG9JTDI2SGVQUy1pQ2xJX2o3RklEdVhHejdrUkwteWFRQUEwNGUwbURYOTZxazFHRVVZVUlMdTBJOWFYdDd2NHNoRlh1QlVobkJEcWdDOXdJME50enJSLUNOY0I1eXg4TTdPRDRuNE1wd2EtWDUy?hl=en-IN&gl=IN&ceid=IN%3Aen,Google News,2026-03-11 20:30:13,,en,Finance,
IDFC First Bank paid Rs 645-cr towards Chandigarh fraud claims,https://news.google.com/read/CBMi4gFBVV95cUxNNXNNV3ozQW12cUxSUGNhTkZyVFR2NWF4TWlreUVvQmxISmxXUmpiRTlCQlVBRW9BaEl6LUpzWEVyOFRQRW12XzJfT2RqU2hwN3R1dFRfMGVDQkZ1WkpDZVh1dFZKOWs3cjZnRXZTUno2ZDByRnR1c2phNWQ4UGJCZUdESDJmaUJnQzVyZkpjZ3lPeUVyYTJQVE4xZ1R4bVNXMFA3bV9VMlNUMEFNWE9FVmlWa0lUQlpNOGg3WE1uUjMtS0RiUHFsdnd2Q01tTW9xdWVlQ3NHNXQ0SEQ3czFDYVp3?hl=en-IN&gl=IN&ceid=IN%3Aen,Google News,2026-03-11 20:30:13,,en,Finance,
Cheques & balances: IDFC First brings in extra layer of security,https://news.google.com/read/CBMi4gFBVV95cUxPQ1VBaENnd3ZJTUczUmE5cUMzR1M0ZFNBYmlHUFUxV1VkU3ZvZC1zVU1BR3ZPc3UwYm5vUXFIR0MtQXlodEFYcTliTGdJMmpSS3FkQ2RSS0RaSmNLcHcwSWZUM2ltMnNxVDZyWWZXa1VUYWM2STd6VlBJWHJoQ282WW8yOW1GQzBndm15d3F0SjBfOTNqWlRYRFZzcHAwazJ3aDlNeFllb2dsc3RmY05HX2l1ZDlnVjM2QXZrTFpTOFA5cldyYjFmX3hPNWZqZE5kV2xsMzNDREJLai1tNXlHUm9n?hl=en-IN&gl=IN&ceid=IN%3Aen,Google News,2026-03-11 20:30:13,,en,Finance,
Introduction of temporary Emergency Bunker Surcharge (EBS),https://news.google.com/read/CBMijgFBVV95cUxPblJ6a253djEzUnJJeDBnQjZBMk9LbUp3amNLa3JmRWx0a19memZvcGo0Z01XUjRaZ0IwWV9uZ3hHMWpwei10RlIzb0VzQmpnd2RwQkNSclVnM2xvTDZHbXhEM2R1T0ljY2g4Z0x5dFNsTzQ4aTlRX1Z5bDFNNGRjX3Q0SUpZd2wtVDVYU05n?hl=en-IN&gl=IN&ceid=IN%3Aen,Google News,2026-03-11 20:30:13,,en,Finance,
"Iran war cost will be passed to consumers, shipping giant boss tells BBC",https://news.google.com/read/CBMiWkFVX3lxTE5kZWUxX1NsWHNaOFpaYnZveFdKWUdTXzVJbkVjRWdwVmNja1U5SDJSdG1Hb0hnaF9FVUlNMG1KUzItU0lVZFZrNXpIb0l2ZkJPX2k4UlpQbjBJQQ?hl=en-IN&gl=IN&ceid=IN%3Aen,Google News,2026-03-11 20:30:13,,en,Finance,
Implementation of Emergency Fuel Surcharge (EFS),https://news.google.com/read/CBMitgFBVV95cUxNUGdGcjl2V1NBRy1YVkdUaWZBWFpseHU4UjBlbm9RY2EwTjFDUEtYNUlZemdVdWgtMUM4RnctQ2dmR3k3QXFpbmVJUHFzb3Zya0tGUDl1X2dPbVZaamFMbDI0WjRIbElaOUtsLXk3ejBNRkJYaWJySWZIOW1tQ1doQU5YSlUzZnZWZEtjc1F3U0hRM0QzRTJwS2QyU0NyWmFPMDZrWUhrQk1IUk9KUWNsWkxTSU5IUQ?hl=en-IN&gl=IN&ceid=IN%3Aen,Google News,2026-03-11 20:30:13,,en,Finance,
Global shipping player Maersk to levy emergency bunker surcharge amid West Asia crisis,https://news.google.com/read/CBMi2gFBVV95cUxPZHp2Uk5Jd1VxYUwxdG1aVVNDRzJHUHJMcU11bHNWTk9uNGZGZmVYdHNzRXlCZnlBSWVfNEVxUTNCN2c0M2J5Q3lBanp1Sk9OVmxvQmNWZF84VHJlOFB0cmo1X2lod3JJWWdWbXJ1Z3RrOU9oRzcweE8tQ1VncE1HaWhhamVnQ2VpbFlkb1FYZU80bnN6Tm5mY091SEtxODRaajBISk1lczgxcTNIbHhtcnN4R28ybTlTWk52N0dONWdrRVpNV05yWG1WeldtRWhIZUg4RzhXc1pIZw?hl=en-IN&gl=IN&ceid=IN%3Aen,Google News,2026-03-11 20:30:13,,en,Finance,
"Exclusive: Shell declares force majeure to clients who buy Qatari LNG, sources say",https://news.google.com/read/CBMiygFBVV95cUxOWDl1ZGdFdWJNZnMwRXktN1ZJUUxlSDlvNUJrQ0VfN0FsN3NGNHROYktZeFZmZUE2amViM0xnMzdYNXRabzdKRWw2Qks1akdrdExiVFRvanR1dDlMTzBlUXVUaFAxRHdROExhdy1vT1FWN3BfVV90bS1rZk5FUXc3RmVhRWtJeF9GWXBLOTBFRnItbTNqTEpENEpDcTZHN1pNYmIxRllnSWs1N3F3WWRBbmNIaVdNZkxTbFlDNTNsQ1JycXlZNEVRdkxn?hl=en-IN&gl=IN&ceid=IN%3Aen,Google News,2026-03-11 20:30:13,,en,Finance,
How the US-Iran war is quietly squeezing India’s gas supply,https://news.google.com/read/CBMi2wFBVV95cUxQV2lvbi1HTHpFckE4NjNfa3VkQ1VURU4tQ1RJZ0lFMDE5R3N2bzMzc0lsVEh5cW5yeEdxUi13Y1N3dXJXTHJTalJQLWNDNDl3TGNubl9pTzJ5ZWtSUXhRZ2Z5ODdyeVRhV1RUWklISmVjSE92NVoyME5QamRpR2RmZDkxOUktbUZQcENiek9nNGlzSkEyNzRITkN4dmR1RWVhYUdkXzE4TThBY3dZWFlGX2ExbzFGc3VUNEdsaHFEQXpIT0kwbmtiZzBNQmxncDhPc281TFEwXzJOck0?hl=en-IN&gl=IN&ceid=IN%3Aen,Google News,2026-03-11 20:30:13,,en,Finance,
Shell and TotalEnergies Issue Force Majeure After Qatar LNG Shut Down,https://news.google.com/read/CBMiwwFBVV95cUxQQ0FFdnhQa21GZTJqYjF0cWFlM1VVZHNzcXNiQ1c5VTBoR0xUeDFINjdaUWJYSjhoaGp3d0VWZHJVR1ZRSWtVMk1hS0hDR19MV0x2a1oyQ09xS2xsNENFTWlSdHlSZHZuakxYM1FsVER0NVk5SEVraFpTM3ZZTVI0dl9yLU9YN1lQWkV3aG12Q2I0aUtlLXptaFA4RGQzVmRGUUlVZlVZQ0tCTXRrTEk1eWFvLXA5Tzd6amVIemJLczE3MHfSAcgBQVVfeXFMUGFSbjktS3Z6WGlud05uaGROWjFfZmZfdHdCSUdXZDdEYVpiclRvZTJPVk5Rek9LM1R2Yjd4TlJEYTNGSlZpRDJhZGFuQVNvY1hIOFFISXNwWUhQYWplRkhMS3FsMzhVZFhGbkl3UU9pR3BxOG05em5mWmZsZUNTQl9TRml4eEIySTMxWHVRck9JUnFMTzVhTWRfZDZlVmd1WnVRdy0zV3JmUW5OeHZOQlBWb2t6SlM2VnJZRXVaMFZyaUthUzNCWkQ?hl=en-IN&gl=IN&ceid=IN%3Aen,Google News,2026-03-11 20:30:13,,en,Finance,
Qatar warns war will force Gulf to stop energy exports ‘within days’,https://news.google.com/read/CBMicEFVX3lxTE53TDRscmQyd3FRZDlra1YtTmExY3o3TGNHSFp6WlQ5YnB6UGxndkdxUDAydGFEVWZ3ZHVnT3RNdjMyenVhaThUYVlwQlFZbFl4TTdldkoxT2tFRUF2TnhhMTNXenVBVlZlWXE1Y25MdnY?hl=en-IN&gl=IN&ceid=IN%3Aen,Google News,2026-03-11 20:30:13,,en,Finance,
"As oil surged, another commodity quietly caught fire in Iran war",https://news.google.com/read/CBMiwwJBVV95cUxNSFB5S1BZMFE1RGM1YXl0VlFCX2tGbzNWN2d4NE5TNHdGMkM3Zl80M1N3c1YtUmVQOG1CYkhuNjdmMk9vTE85a0VGakJEbHM0X0NyTTRuLURkb0hUdjUzNVUybC1GX3FSb19XZ3lQTDFzVDRfc2ZyQ2QtbzZtTUdJTlZFY25wUFMzemh1Vm1GS2RvSV9OYXhSS3N4RUVYZ3RTNFhqejVkeTZEVExva0dMelZHTllaNjNmLU04ZzNzSWVtalppRnpTdEhhNTdKWjNzeXJjUFRTWFBUc0xtdndmWjBtbUZuWXJIMjFzVHR5R3hIc05oLTdKN0xycHU0aVlKOUxBb2YxaVR5NGxOU1FNellHaW9sTTBlT19WQTVuUWZpck9HTE5rUDFjbzFMUmlFYS1XN09haXhIT0VVazBZeUY0TQ?hl=en-IN&gl=IN&ceid=IN%3Aen,Google News,2026-03-11 20:30:13,,en,Finance,
"Aluminium prices surge amid Iran war, but Indian producers face long-term challenges",https://news.google.com/read/CBMi0AFBVV95cUxPN0FvVU9LMUU1UzJ2SUl2aFk4OHlmb3ZVdjFaMmNWU1JDU1VheDNadktETmk0VG0xOUdrZjdydmVuZUV6b3lFcFhmZDlvejkxOWtZRDhzamNlU2VkQVJ3ZzBvZW4tN3UwOGxYRHJOMExHNGxkZmhWOXdSMVRrVUFTc3JKalhZSTVnb1FvVGJIaHhEQXl4RzByaGJpOTVycHcwQkgzRXcxaGhYYzdDYnBkR2lqNk9TX1lPZU9GbXltek4zeVpMM0VZbjZjYzktMXpH0gHWAUFVX3lxTE5pc2cwOElBZkdwRnFLa0ZmNWVTQTlLdHVaSGk3emVWdkZ0cHZRWV9nbkhrSFMzUUtsSWt1VzB5MFRBOGo5TU1hRVhzOEQyRzQ4bm41TThFaFFrdFdveTd5YUktQ3lJTGVJZ0VVWjZEUEhNOXlsejlWT0J2MVRSTjhlal9jMG1zTEg5Z3VwcE5xdFZzWlpyWDB4d1I5cUdCYXFFRkFPV0xLZ3dkZWNqQmo5U3hxbVVUclFqc24wM1NYNjRRRGRSeVVVc1V3Z3pQemZZVWJndEE?hl=en-IN&gl=IN&ceid=IN%3Aen,Google News,2026-03-11 20:30:13,,en,Finance,
BUY ALUMINIUM MAR @ 339 SL 336 TGT 342-345. MCX - Kedia Advisory,https://news.google.com/read/CBMirwFBVV95cUxNQWJvSl8wQjh6WlZ1blhLZjlILTVUVjhPS1QzbndtVDhHZ1M4VWx2eUI3UUg5d1hYbGM1MFlVU0FISkN0MUtpeFRZb0stVkhJZG1rZ3I1aURlMVBPeGFYNVZBRWFmMHpBU3ZSdnV6Sk5OaGRjZ0h6N2JTaWZnVlROemMwZkExY09ZNHFDY25RZmlxaWxNYUdzeFNMS2ZTekNYbVFXOG5mUnBMY0R1c1dF?hl=en-IN&gl=IN&ceid=IN%3Aen,Google News,2026-03-11 20:30:13,,en,Finance,
Traders raid LME aluminum stockpiles as shortages loom,https://news.google.com/read/CBMipAFBVV95cUxPcUN6YjBmRTNRSzZtUExES3VQNkk3dnBVdnNUT0xxWjZFeFhrLVNnQVc1eWI1MXFWNEdVaHc0eXpmUjJ0MDdLNGNjaFVqS1RlTThXTWZId1JELVJoRkhyRWZ4Ml9pNGF4eFlhanF6VnhaLXAzOXI0UWN4eXFVaHp1ZThtdlp6am1zSTgtRDU2SFNtcGxub3NmeThzM29DWVBRaWlLZg?hl=en-IN&gl=IN&ceid=IN%3Aen,Google News,2026-03-11 20:30:13,,en,Finance,
"Gold Rate Today: Check the live price of 22K, 24K and 18K gold prices on 11 March 2026",https://news.google.com/read/CBMi0gFBVV95cUxNLUo5MHFaQVc3cVVmVk5XcG9MQnJ5NVZiclowV1hmMGx4emtOWGZramJJekwycFBWRTlscVR1TnFFcW1TVXpQaENoUktjbENIR3lMSDZUeXZsVkRoaWNJNkhJb1ctczNKemdmNU5mSEtKeXVVRENHSTR5TXJEU1cwMDd4MzlhQUFfNkpzcnAtdUNlWDZnemUxbjAtWDFMSjVVb2pjVlNWSDk3Q1I1bTVZcG9MRUJLVlY5RHp5UW96UDJQYXFVMXFVWEt2bWFlWlRXeXfSAdcBQVVfeXFMUHE0UU5HQWJJZXQwd1hTT3owRGFqdDRiMTZ3cWFONjZKaXF1S0FzSFVyeXRwbDNRZzJ4alhBMmNFRjRlSU5RRF9idUprS1RRb2xuSnhUVEJPV2tWM2pCR3c5ck1OZ2w5U3dzZzYtOHdEN04tNnYxVWVxbnREdDRHZC15RmE3LVNwek9RSXVDZXBEN1JGOW1RZXpDWms5TUx2SWhkUGcxTHhNbWNiQk5ITkh6VGk3TTJHTnRVczlxaXA0LU5GZlE0elRIRkdQQ0g3Vl9EMkEwTlk?hl=en-IN&gl=IN&ceid=IN%3Aen,Google News,2026-03-11 20:30:13,,en,Finance,
"Gold price today (March 11, 2026): How much 24K, 22K gold costs in Delhi, Chennai & more - check rates",https://news.google.com/read/CBMitgJBVV95cUxPSWh1aWE4MmFTMExBMFBEWi1DT3lZdC14Z2l0TzBFaTdicm40RVNGUlFKa1JNVDNodXZFaVRyLXNrQmxFQWlJWEtjckZjamJsVWZOcF9remFjMHV4U09FX1VrTzFRb1JaZzlqbEdqN0RIV2l6cmliT3hZYV9ZUjhFMVpqOVhVTGRURWw1bjBQQjNnbUlhOWJHS3hhaVRUS0NqWnM2T0dLQVhBV183Q0w4bTVPamg1ckFJenRNUDIzMzNaUXRVeTI2OHhTckdQb0oyTkdXdEZSdlY4RTRqMzgySk1XOC1iWXJYZVhMbUN6RDlYcTlqQklRbUpLWnctamhISEdyM1ZMajdjeDAteHhnWkppRjBXaUxoNmlmazBjdG9Cb1VjTmhPOWg2Z2ZWdFkyQ2Nrd2p3?hl=en-IN&gl=IN&ceid=IN%3Aen,Google News,2026-03-11 20:30:13,,en,Finance,
"Hyderabad Gold Prices Rise Again As Iran War Escalates, Check The Latest 24K, 22K Rates",https://news.google.com/read/CBMi-AFBVV95cUxNZGFnMzI3RkxNSjNXa09oNk5LaFhjTXA4R1BzUXNJQnlSMExSVDRkbnJNLXB6d09GQ043TE5JbmQ3Mjdlb1pfcFY0NGdFdk9lOFY2cWE0ek11LURkVWUtb1NoaEJ3dUlTdk5Ga3NzSEdIWjJTcG85TTI0V3RRbXI3Y2tzcENkR3NPRlI3QnBvT3c2bnVhQ3pfelVMQmIxbG1sT3hMejFpZGRIMzNULUZBaGdVQllEd2VoelJSTnZmN0pkWmxQanBvV1FUd1lCdW9qWE9NYWZ2VFJObG5wN2hVRk1talBGVzhmU1U2VFg3dnZiY3JjZjBkRQ?hl=en-IN&gl=IN&ceid=IN%3Aen,Google News,2026-03-11 20:30:13,,en,Finance,
"Gold Rate Today, March 11: Check 18, 22 and 24 carat gold prices in Chennai, Mumbai, Delhi, Kolkata and other cities",https://news.google.com/read/CBMijwFBVV95cUxNZ1JQaHRtSUE4bDVZOVRKVWFPUjJER2M1TEo2YjVTVXVGM05EVmdfZjVVb2xDMlJ4Tzc0cDVwVGpjcmR2WDZSeHJnMmdJWkpCSmVHVVlSLVgtOS1wZThwUVJ0aGhiWkwyeEN0QlMyQkxzZXZINGpOWFdxRE55VmRDMU1VOHhiSnJYX1c4bDhvVQ?hl=en-IN&gl=IN&ceid=IN%3Aen,Google News,2026-03-11 20:30:13,,en,Finance,
Meta Acquires Moltbook: Social Media Platform For AI Agents,https://news.google.com/read/CBMirwFBVV95cUxNLTlZbnc5ZGk4QlhsUE8tSHRzamdaQnFESU1YWEs2Sm9HRGRQcERqV19WQkpsMWNPZGdjbGVBRmxZRDhpdllBVm05dWFiWFFqTy1JVFEyYnRrSXhHR05fVy1rRUM3SmMwNTNyajNRcVdKSVNqemJvLS1oZUItUU9Sbm5CM1RrR2ZwR0tJT183OTdBc1RCLTJJd2w4eXFXSFU5YTUzeHVLaFVKTGdXeWIw?hl=en-IN&gl=IN&ceid=IN%3Aen,Google News,2026-03-11 20:30:13,,en,Finance,
Meta buys 'social media network for AI' Moltbook,https://news.google.com/read/CBMiWkFVX3lxTFBnTHZlOHJGOEtKOFdSdFc4dzFkTkxOME5hYTk5Q3RKNjhBRVBRY3FFWFptd09Fal9nLWVvZmJPZWJiS0VWZV9CY2tfVC1LcVhYR2dQeTNzbExMdw?hl=en-IN&gl=IN&ceid=IN%3Aen,Google News,2026-03-11 20:30:13,,en,Finance,
"Exclusive: Meta acquires Moltbook, the social network for AI agents",https://news.google.com/read/CBMiggFBVV95cUxPMlhhVWtkM0UyVmFiRF9TdFM3UlRQNlBXeFg4RjRHemJnOGVjUWpDZHN2a2NHR25uS1RIMVlVMTBLZjIzRFRUNFJjSGJpazU2TlhtWGxPVFhCUV9SakJnWmdfOU52MkZzYmZ2al9YUlR2WTVMZWdpbTc3bGZURWYzUGRB?hl=en-IN&gl=IN&ceid=IN%3Aen,Google News,2026-03-11 20:30:13,,en,Finance,
Meta just bought the social network for AI bots everyone’s been talking about,https://news.google.com/read/CBMidkFVX3lxTE9mN3A5Q3pSUHFZa2tkcEhhb19heTlONGVVUjFNUEFHMmk4Um10RDVPTUlxQkdzOTNNNFU1TTN1RkFxWElzR2stUFI1bm1fbElTN05TSzAzQU1Uak1pcWhMdkNPcGplS0Y5VC1IZFR2ZTQxVWJuSXc?hl=en-IN&gl=IN&ceid=IN%3Aen,Google News,2026-03-11 20:30:13,,en,Finance,
Reports of my death are greatly exaggerated! Why Nuvama is screaming buy on all top 10 IT stocks,https://news.google.com/read/CBMi_gFBVV95cUxQaDhmUG1TWERNbTdLYTd1RTZGSjlaanBPUG0zb1pPSTBoVU5EZTl3QUNNLTdnenpUTWtmb0cwNy1BRGxHWU9xWEFDQ1RtYjRhXzlBdmdPcDhMS05zSllFRXZ5bnVfWVB2V1h5b2FRdlJ3M2lIOVBYNWZzZ1c1eEFJUmkwNEJqZVZJQTNfeVhxSk9RZ2Q0c1J0RE9zUXc3eld3aXJhVHZqVEQwVlpZalppRnk5VmxzMktrSklyd01kR1pFSG1DSTIyZHVmT1VfbXNJOEhiQzRzaXIzTWcxNVB0cUlVbXdTNkw3R3BfS3haTEFnQld0Ym4wc1pzU0V1dw?hl=en-IN&gl=IN&ceid=IN%3Aen,Google News,2026-03-11 20:30:13,,en,Finance,
Why has AI spooked the Indian IT sector?,https://news.google.com/read/CBMiiwFBVV95cUxOc0xGNzRTRWthNC1KQk04eHJBWUw0ZWdfQ3haanZYRWNlY0lyTVFkYVFlZDVqLUdwZzBvSWlyR1FGVVVNMGF4STlxaC16cnNpVVEtUnNDVkJaUGlKM0dXdHdoSGpjdlFMZEJrTm5sTGlESFFjOHVMT1c4YUFoNTZVenJqakFmWW9ubThJ?hl=en-IN&gl=IN&ceid=IN%3Aen,Google News,2026-03-11 20:30:13,,en,Finance,
"Nuvama is bullish on all top-ten IT services stocks, sees up to 84% upside: Here's why",https://news.google.com/read/CBMi4gFBVV95cUxOVjFFMXFWVks4RklOaDU4OFRCSmh4cnBXWU5FTGVVMXJJLXBYa1BSZFZCTzJpNzJHeTVKOXZMMWd3RGlQREtPT0xucmhvN1FiYUZUWlE5XzVDWWJhRGk5UjJaYVBGSUM4S0hKWTFVUWcyTmJ2SnNyT3NXR2xMMU9OSkhQajVoT2VRdlo4YzcySlhTX0hZa2VwQ3NXNy03aGFFY1hMMzhUZ1dxQ1ZpQ1RkZWtyNS1SQjc0cHRQWDJ2ck1JMzF3UHh2Z0t3ekRkSV80Vk9HRDROdDNON2xaa3dzNFh30gHnAUFVX3lxTFBvRmJtUm1Sd2h1U0pMUUxldG9TRFlwWWlXdWV3ZzdWV195SG11VU92LTZ2SzBhVDFuc3Rxd1hESGZwTWxabTJlQlpUYU11UHFlYXNMNWtGR2ZSMF91Rmx3b2hES0dZYWM3SF9wVm5TS1lnZF9JT2VNN3dkTGVtSl9NTExxUFJEZXB1Y0VidjhTNkd0RHA1cWhFNDNMaGVkcHNQcWN2RS1hOVE2YjU4OGVuamtPSmRlZ29wajltcTIwUEZ3aXNHX1M3UFJ0bzRnMURBZ2N6VHhweEdHMGdwYWdWVG51Ykd4VQ?hl=en-IN&gl=IN&ceid=IN%3Aen,Google News,2026-03-11 20:30:13,,en,Finance,
IT firms staring at 3–3.5% revenue deflation: Kotak,https://news.google.com/read/CBMiwgFBVV95cUxQWThZSGxrV3BwYk05SkhmRVJrVWlUMDZvYXh0alBHX3VfYjdQMTc2WXRzb3VKRmlxdFRhZnItbXA0WUxUNE9GeW5nQ0t1ZFFZOU9MUWVyYUtqYWROQ0ZyZk9lVHotek11S1phTlV5UDlzLWd6SzdQZTZNNHVhWE1PekJDTEh5N2Y5Qm50cnVhd0ZIZGFuX1d3VWxPZ3ZyUUVTSl9zY1V3SlFoVHR3MGwwYWpTd3RIZHFxQzVhUjJFVUlxQdIBxwFBVV95cUxNWG5aYjlhOWFCTnI0aEQ5aUpxcFBrR3FkM25BOTloUkxnXzJadFd4UDNMeUd4dktBYm5INndxWGxaUmJVZzZ1djFQdWhuV09DNGtGRnhHYllrd2RyalgwcTZ6WXh5bjJ5Zk80bTZDRGUyVWw5RTE2TEZsbGtHdGZuYzlLYjBxeExkMXAxTUZlOTROVE1lalpnaUh0NWVpLUk2VFNsblMyM3FraThuNzhKQ2pPSFRPZlB3aDhqMHRETFRuV2stWVhF?hl=en-IN&gl=IN&ceid=IN%3Aen,Google News,2026-03-11 20:30:13,,en,Finance,
Instagram down: Thousands report issues with messages amid widespread outage; ‘cooked’ | Hindustan Times,https://news.google.com/read/CBMi6AFBVV95cUxNWkF2R0daZVp2YmtLdVpUNFR4ZnQ3aFpld1VKYXZaV0cxWThsY1NxbGdWejVxdUt1SkFHNHhwSU9xNEFRci03V0xVRm9feExxcEl0U1BxVVdQSzZrWW00V3NXQUtWdHZ6NTdYZmExb2JRdkx1OHQ3LW1iTFBQRDJDTG1zLUE5U3NqWGI4UHkyajdyTkMtNzJoZWtlUG5rb25GUFlYNzVpLWF3UC1IbnVwYnRlb3YxeDJFbklsQWRtakxqWFZOVHhJQVJ6cVcyempaMTVvMjljWThvZVRVUWVpZzI2N1M2WVlK0gHuAUFVX3lxTE43OG5uUGZlMDRNQ3ZicHNLYXMzamk4XzB3aC16dzJrRW83TlNsc3lMZlZJRWJhU2Y5UktVWWhfbmRPbjd0Z0FNcjRwemtocXQtc0phSGhiczhFS3hCNlh0ZlVJRVpjMFU5Y0poRXh0em9FTHlYdDVNbEI0N09mdy1vSjBVUGRwd0RDOVlRXzNLRFR0QXJWbUpfbGNBMTNBRkdva3ZqQUNnOHhOdElmMjdsNUgtWUd6cmU5STZ1SmlCS0k1Y29yUGN4aUtQSk4tNjZyMjF2b2JYWXU2SXpPSlhlQklrdFd2cDZEYzJXa3c?hl=en-IN&gl=IN&ceid=IN%3Aen,Google News,2026-03-11 20:30:13,,en,Finance,
Is Instagram down? Thousands Report Issues With App,https://news.google.com/read/CBMilgFBVV95cUxOWENfQ3JyVkc4T1l4WjhPcUFMTDJudDkybTl0dWQ0X3lJUGxvMWlTMkJFNkhYVWNyZkU5RjJSQUlISjMtM1BTcTRhSVNPQ3RxS2tmcWJPYTl3OExkMmZlR0xpdXJ6aGdYcDhUS3dpQXE2al82RTRmT0hlTWUxZURvS2lZb29LMThXWC1nRmVOZ0hSczFDZXfSAZ4BQVVfeXFMUHptV19rREpCTmduX2huMXItbzhSajZDaXl5c09tRUFMc0lBRHhaU3BGZ1c2MlZoZzhoZW5PNTg3UWRyNUVpMHVHWDlwMVFqeXNwSmJxOWJfZEt2WmZZWHhRT0ljQXVlb213Um1ueU5NS0puZEJVc0lDbVRsYXpTb21CNHVxeE00dzBMRXNMVzZ2bTFtOG5IamJRQmxDcFE?hl=en-IN&gl=IN&ceid=IN%3Aen,Google News,2026-03-11 20:30:13,,en,Finance,
Instagram Down—New Outage Leaves Users Unable To Post Or DM,https://news.google.com/read/CBMitwFBVV95cUxOLTNieWNZUlRnb29LLXFyQ1pDVVY4enJiLUNIaXc1Mi1LUnB2cTZ2ejFZaFhHV2RMa0ladG5TOU93dDk1dVRxdUJVU0xZaTIzemdBSWI5MTctNmZmc1FsVm5yLXVzQ3NNcm1yTUdfQ2R6ZEYyZXItQjFjdi1qM1NPbDdXOWJhdG1PM1MwUlA4R3BzTzZOeGNEa2V5Mk9lR0pmOEMteHRRS2ZSOHVwM2p3cGx5Tl9zYUU?hl=en-IN&gl=IN&ceid=IN%3Aen,Google News,2026-03-11 20:30:13,,en,Finance,
Instagram down: Users worldwide report outages on Meta-owned social media site,https://news.google.com/read/CBMijwFBVV95cUxOU1pldGlVRGpuTFFEY0NIa0xZellncVlLX0FUUm1jZ2QxMkRSUHUyLXNKVlJGZ3hUOTU2RVRZZUZKRDkwNmxpNGU2Y3dKUU5Rdy10U1VLTTVSNmxMU2ptZFhPcU8wU0c1R09rV0lxc3ZrZGdWcnp0RzRjWmJ6dXY2Nmc5S0xJQmJCZlBHd2lkOA?hl=en-IN&gl=IN&ceid=IN%3Aen,Google News,2026-03-11 20:30:13,,en,Finance,
"Renault Bridger vs Mahindra Vision S Design, Compared - Lifestyle Sub 4m SUVs",https://news.google.com/read/CBMiuAFBVV95cUxPMndva0NWLTcyS0djZVEwWUJDbnlGZHVUMUgxU3BvYmRyR0ZLRU5ZLWFMRkRWOXBxTGZHeC05dXNMZVV1NktSYS0taVJiTTM5UDU1aGMyXy1wN1ZwOTZ0NlJRdkNUR0ZZMUpQSkEzdENnQXc4c1AyNWZlVlZ2ek8zeS1FeUEzUi01MERlRmMzUVZLQzBUR1lMVFRvN1RkTWhnd2RSVFhoRnVVTlJJNTQxeWxrQWZFY1M20gG4AUFVX3lxTE8yd29rQ1YtNzJLR2NlUTBZQkNueUZkdVQxSDFTcG9iZHJHRktFTlktYUxGRFY5cHFMZkd4LTl1c0xlVXU2S1JhLS1pUmJNMzlQNTVoYzJfLXA3VnA5NnQ2UlF2Q1RHRlkxSlBKQTN0Q2dBdzhzUDI1ZmVWVnZ6TzN5LUV5QTNSLTUwRGVGYzNRVktDMFRHWUxUVG83VGRNaGd3ZFJUWGhGdVVOUkk1NDF5bGtBZkVjUzY?hl=en-IN&gl=IN&ceid=IN%3Aen,Google News,2026-03-11 20:30:13,,en,Finance,
Renault Bridger Concept Vs Mahindra Vision S: Design Differences Explained,https://news.google.com/read/CBMiwAFBVV95cUxPVEd5N0tCZWI4NHVobmR1VF9DOHZBbWVDS2oxSmI0RFhQM2JqbXVjOU1iYndlQWcyQVl1dk8wWTBpU3RMcjhFYUtNaGgxd0tLNjVQejVvN0Q2VXRmbVZ3NXZvTkphUGJCNUs0Y0RNWTJWTlZnc0JqTjJzNTFFT3RqY3pINkwyYy1JTnRpT0VCaTNNRTJfUk5DVXRmR1pxTHh1RUtIYldIRG90Z1FmQzFxRmJCSWZ4aF9UdlZYcmJfSXrSAcgBQVVfeXFMTnhzNmdkSEE3dmEyZVVlWnhnVjZXQnE0enpickFhYXJlQTgwOUZLOTZ4cDlncmM5T2JONVpWWkpWenVGaFRzS1JIQVNySHRlbHJaZ2JWZE93RHlfdDl0QWFCNWx2WTNBM1N6VnRiT1p6djVEdlZWX2hGblZfaWtkYlBvTV84MWdlVnZKcVN6OXZQQ2tHS2NLUFpiNUhEU0ZJb3JJUjhONVozdHhiZEFwTHl1UnFDRTFSODVfRkVzRFpzcDVOVmZsaXA?hl=en-IN&gl=IN&ceid=IN%3Aen,Google News,2026-03-11 20:30:13,,en,Finance,
Why Renault’s Upcoming Bridger Could Shake Up the Compact SUV Segment,https://news.google.com/read/CBMiugFBVV95cUxPaEh3QjBDcS1ITGZ4OHhDaHBBTkRYX0NINklEVFgzcHduYl9SQkJ5cDJjSzJjX0E4VnBFX2RIX3ZpellGd1RhczJoaWRUaVYzMWxYeG9Nb2VRM0ZjY09MMF9oR2dEeE54STA4LWJRbW9oMHg3M25CclV5SGVwT2cyNlg0UzdTTVBGWWN2V1MtV2JHci1vWThESFktTGh4bThzTVhyaERqZmVkZWd5dnpjOU1mNjZfMk1PNmfSAb8BQVVfeXFMUGpnUkliWGdhV0swZDZBQ3B2bDJmVHlvWUNMa1dHbjhnWVd0dUt2bFQ5bVk1TFY0ZDNWOXViaHhmT2JDdHJBMnBoNzN5TjJfbGtaS2F5enktU1RZZ2c5ZFhBS3pid0NuV2pQRDZTNmZ4MTNnWlJSbmlPWnBpam5JQlJLdjZ4dmN3SG1xeTZUWU5VaUVScGhjbGZMdFhxaU9OSmRPa0ZqTVlTbm1GbVRqbUs4OWt2T3FFNTJGM3NYQjg?hl=en-IN&gl=IN&ceid=IN%3Aen,Google News,2026-03-11 20:30:13,,en,Finance,
Renault Targeting Mass-market Segments with 4 New Models by 2030,https://news.google.com/read/CBMimgFBVV95cUxNdDNXYW9NZ2hxcGY5dWI0Qm0zMU1kbjVmLXVYNllzLW1iU0hzYVp4S0psdHpxSm1zNzNaNVZpVU44Vk5vU3lVMUpCR1FFbkRGVnBmemhCdnhkNmNUSzZOVTJuRWZ6VkVQTzJXaHhGbVNtMF81b2pJR0RTRUJMTGtGbFlsRWc2WWxVR1ZNV0JwRkQtUXkyWWM2V2F3?hl=en-IN&gl=IN&ceid=IN%3Aen,Google News,2026-03-11 20:30:13,,en,Finance,
CPI inflation holds steady at 2.4% in February as forecast,https://news.google.com/read/CBMitgFBVV95cUxPajhDRzhHdXRsbVAxZ0xxazRzMmhtclV1TjdOQVVhRHoySDZMdWRLZXhFLXliTGI1c1psQkRpWXJhR0UtdXVrcmN2RHgzMGdrMUN3OU90SnA1ZXZXaVFPVUhneXduQXNzLXczZ3hheDFCLVh0V180amhVTi1zY2NoWDFPNDkzS19fOFJ3bmxjUER6NU9vTTZEZzQ2YmZlejN1dG1BSFNmTlpMbUJtRmlDdTdVdDBFd9IBuwFBVV95cUxQM1NtbjV1MG9mWDJZc0RkMEZ2QndCc3phb1FwUFVmVXNSeThOcF9QWkVTR3RHLWRqMkR4dU16bk5hT042X25wakF0NkFZbUhZS2I0SXdDLTlXazdMdzFBUHVsU09WcUxMMTZpQ0F2ck41VktkRHczaE4xWVlpU0R4VVNsMDI2Q3E0Z1BWTFJyQTNJOG0xam52MHpXaVBGdXhyQXEwbmU3QXdqSXdqbXNOUTJjMDZtck1YVTFr?hl=en-IN&gl=IN&ceid=IN%3Aen,Google News,2026-03-11 20:30:13,,en,Finance,
"Consumer prices rose 2.4% annually in February, as expected",https://news.google.com/read/CBMie0FVX3lxTFB6QThFUkJTOW9naUIycmFCdjdJQzF4cmpDUE00NktMRUE3WnZNRnFvZ3l1eEtfT0dDR0kyVzRtU24xX0NaajFMQ195eHlhZXlWakQ0aU5aWGYxR2gxYnJVUjQ0NC0tVGlOOHlyMk45VW1nXzN1SkI4azF2b9IBgAFBVV95cUxOa20zcm5jZC0teXQ3a0RkSF9XX0tJbVc2bWFrYnEwdGVpZTJDVloxWDZURW96cWpTYmI4Sk9ZeWx1UWNKMF9tck1nanA0bXJESHdqR1RyTURsNXFvdFFTeFc0RXlQR3VDSzhWMmdDM0Z3MTQzRms0MThPNjlZTEp3OQ?hl=en-IN&gl=IN&ceid=IN%3Aen,Google News,2026-03-11 20:30:13,,en,Finance,
Gold prices see some selling pressure as US CPI rises 0.2% in February,https://news.google.com/read/CBMirAFBVV95cUxQNW9rc2dDc1I5ME9YQzJ5Ym5nc19MNnBVR0JsTFcwcDV1UTRDSW9TM3BrMHM2ZGZGd3ZmejVRUXhKTHFqZzhyQm82bl9VaU1fNXFsd1ZKbjMwY25hbXZiWFRBeGo5TUNEV1dtOU1YVm9HZUx4dWMxMDNuWkdza3VaTjdKN0NUNnlZRkNuMTN4Q0lqU1pqMG5NR19IUF9Qc2MzTGxaQ293SU1NYlVp?hl=en-IN&gl=IN&ceid=IN%3Aen,Google News,2026-03-11 20:30:13,,en,Finance,
Inflation held firm last month — but the war with Iran could change that,https://news.google.com/read/CBMihwFBVV95cUxOT0dWaXZEWnJhZjQxeHJybU5fZmNOTjZFYmgtR1dJYmQtWXhndXBXNm1rS0ZENUp0N1RlMzloaVpaNU9ZQ3BNN2tqWFAwT1lidzg4UldVZTdSbWZ2UTZRWFpNTXNjRXYtVXR3dWNRaWdaRFd6YTlPamdrRzhMNkVKa3hEZTJHUVk?hl=en-IN&gl=IN&ceid=IN%3Aen,Google News,2026-03-11 20:30:13,,en,Finance,
Gold Price Analysis – Gold Continues to See Dip Buying on Tuesday,https://news.google.com/read/CBMitAFBVV95cUxNX2dqLUNvcHpjR05LcUtiSHBfTHNTMlg0dS05ZGlZZkpXWjloWXEwZ3lRcVloV2ZYRURtUFEtazVZOS1Zc2hxangxTkFOaHR2YTR1ekU3aTNFeUlMaVNWc0JSejdNTWR5NmxaN0F5UFVNYU12MWNJMm52SUhVX1dkLWlOVWZTbkxEMHQ4N0ZKZk1hT1ZTMzJfN1FhTWNia1FHUW1vN1dqeThDTGZXcXpweHcycFA?hl=en-IN&gl=IN&ceid=IN%3Aen,Google News,2026-03-11 20:30:13,,en,Finance,
"Gold, Silver Prices Hold Firm Amid Iran War: Check Rates In Your City",https://news.google.com/read/CBMizgFBVV95cUxQMmFtUHNVQ0xicGpBeks0TFpoaE5QZ2ZKU3AxcGNVVnJ4MEIwLVZUcnBGWnJlSGJMeGN3bzk1OUlpNUZIYU5veEhQNHNiMGJEOFFQdy1iT00tcGdubkFoNWxzVEx2RW9QcDIxVzVWb3dONktKQ1BXR3l3dHFXenhSVHJ0ZFp1cExwOVQyYkx0NUhtd1dKbnBQR20xYURyVi11T0FrcU0yQVp0MlUxRXFsa2dOZmxLcXBzcVYwd2dybVp5Z29YMHBKb2hUZ3l0QdIB1gFBVV95cUxOSmRLZlVVTTdUamFyZnJ4S25ScTdMUVliWGxMZmo4MnJDVmk4WlI1d0ZxVnplWS1HU3lUUzViS0c3NTNJZEdFQnZqYk1RbnFscVpaXzZtTE5kVTh6R3U3bW5zZUQyYXNiUXdudXV0VjBaNHNybHNLdkFIZDNfN1U3ajdwNWV4UFVENWRSZU04akJlX2xfdmdZOFlLWGZ2WHI2UEdtRWszbm9pbVRfaGM4QjgySkNsMEJTYUdYS2xic3llbUtUUThIYUYyaG9DdVlLQmhBY2J3?hl=en-IN&gl=IN&ceid=IN%3Aen,Google News,2026-03-11 20:30:13,,en,Finance,
Gold Tests Resistance as Investors Position Ahead of US CPI Inflation Data,https://news.google.com/read/CBMiugFBVV95cUxQSmJEUmpnb0ROaDBoZXk1OUF3M2dVT2NoODVLdHJlR0dXUXdRRGc4ektoVFZ2LTJtLVVoQlhwMzI0bUk0R0VqYlJJeTg2d1JEMzZsMk5ibUdwdElWNnZLZU1CQnNQb3cxSUpZWHVmN29iYTczbVRPMjQzVm50ME13QmZtMEFhS3BhRFNndGxjS3Rjb1VLYjNnNXkzbWpDVnlxR2xXbUhFcFYwSEpwWlBsZDJScUhLVlR3Y2c?hl=en-IN&gl=IN&ceid=IN%3Aen,Google News,2026-03-11 20:30:13,,en,Finance,
"Spot Gold Seen Trading in $5,000–$5,200 Range Near Term - ICICI Direct",https://news.google.com/read/CBMiuAFBVV95cUxQWHRQUjlReVM4UkxqR200OEQ5UFZOelhMMGY5WjBlb0lwOFQtb3dtWTdwQklqNU1LaFdaY0lOQ2RvT0h3TFM1MXJ0Qml2VXBGVDR5NEt2cVRBdnFPbHJOUHNNRTlwMDdzbFV0Mlg5bDNfYUt3WTN0c1lCTGJCZVJXSlZSLUZMS19xOUx6VGJRTHdLZEx4VTdQSWRubnRKYW4yMXcweG5FZlJVd2dabjhfSFg1RzZEaUFZ?hl=en-IN&gl=IN&ceid=IN%3Aen,Google News,2026-03-11 20:30:13,,en,Finance,
"AI tool streamlines drug synthesis, dramatically reducing lab work and costs",https://news.google.com/read/CBMibkFVX3lxTFBROHdIVHM2SmEtdXltSmdrRjNpcU4yMTRZUzYwX0pza3pVdUlhWDdIWG9iNUNKYkFnZU0zLTZPSlhXN1VWNUZKZDRrbHRiUmpObmxJS1lDRVc5T1l4R21yMXNoblFOVUJmY3RvYUZR?hl=en-IN&gl=IN&ceid=IN%3Aen,Google News,2026-03-11 20:30:13,,en,Finance,
AI is revolutionizing the way we develop medicines,https://news.google.com/read/CBMingFBVV95cUxOUUxCQ2VtSWpIMFlwT3ZrUThUTmR6WlpwN015TEJyb2QtbGpLZWlnWUtXZlpIZEd1WHVUTTJMaDVXeElQLVVvMGJ1S2JhVGt3VTVhZ1JVRGhyUkV4VU1iYU9fN1dVX0IwU0NfWlczaGhBaXBWOUhxa3EtQnJBZjVaN3BPaG5CeE1MQ0ZmRWhIZkpxbjVuYVNmSjl4QXFaZw?hl=en-IN&gl=IN&ceid=IN%3Aen,Google News,2026-03-11 20:30:13,,en,Finance,
AI is transforming the pharma industry for the better,https://news.google.com/read/CBMiqAFBVV95cUxQUlFnRGRYWjktVVprTl9iSmFrUUlnSldzcEpFN19KQ2I3MUNnNEo5ank5S0trcUlhZnluUjJWeHB2enk0N2dJcHJOS0FtcklmcVZ3dDhKYmNhTDNNa0J3VzFveTRpbDlRd2N2THJ1WlZpZW1DTjJJUjJ6MUVtTjU1aXVKZWM5eGx2R2FTX3BhbTNQUXVlR3NxTTRKS1BMN01VYXFmbVE4ZC0?hl=en-IN&gl=IN&ceid=IN%3Aen,Google News,2026-03-11 20:30:13,,en,Finance,
Agentic AI in Drug Discovery: From Predictive Tools to Scientific Integration,https://news.google.com/read/CBMickFVX3lxTE1hbTdPX3Y1SGtKYmoxbE9lN1F3WE1XRS1lR01fVzlhdXBpT3FyeU5QMXdZcEpnQk9tOFVIUlBneUFDVVlFSlJLTncxOXRpdnpJemlCTHhkb2Rja0dxQkRlZ1EwYV94Y2xKcmpueEdMajBjQdIBd0FVX3lxTE1ycWpBRGZkTGFrcGdsT1R1Ukd3eS1BaGRXelBhUkp3RnJtSzRIRHRnSkE0UDRMZGw5cndFQ2pWSmpiQ3hsNUZ2cHQ0MTRiTm1kWmZrQVRRSTkwSVk4VEh1MFB4TkZVc0doLWlTanl5VTliVm1VcGpV?hl=en-IN&gl=IN&ceid=IN%3Aen,Google News,2026-03-11 20:30:13,,en,Finance,
"India re-routes crude through Saudi, UAE pipelines to bypass Hormuz but supply gap persists",https://news.google.com/read/CBMi6wFBVV95cUxPM3N5MGR4VmNtbVFxRTh6cmotU1pmcG5IcTNKVGNsbkR4aldsZ3ZPMlk4SDhxTVJya21yQ2pHanVRSFJyNHhsZEoxX1pxUU9IdktUdG04VDJfNDEzbE44MFZwZUl3dVdYRzFyT2t6dnpORGxSRWlXVnpkZ1dmWnpRTDVRZVhJejgxcDFSZFZvcW1LNU5EZ3JHeGtKNmFGb0JiWVA3a3RJS05QeWhvZ0J1X29HOGJVUUE2NmhVWElDdjQ4WE1mdDhlXzJ4Tzd6UUE1MjBpOVlGR1Q5YUk5X1RUWXBZb2pPeWF1VXFB0gHwAUFVX3lxTFAwYmxPV3BWeFNEeWJPLVdseHdNTEUxd3paX255bjVyWWEtMnZhOVNabnZFVjhRUGs4dWxXNzBRWC1IejVZejRPeTBGaDVNVHhkR3FiZlRTb0NSbUxMdDZ1cTItSF9MRWprcTJDMlh2RWNlX2NrS1RHWnB0UUh5TGNROXNDNXdaTURZSnJOblBGenVlVEhRbFhFMWtwcGNBMjNfdTN6T0txTHUtcmZ3RzdBbUFRaXVFMFg1Q2FJQ2dBRjBWdElpMXR6Ty15MFlLalRqcVBDRUtESEhaN3diNVI1WlE1N1pxZW5XRVR4eUlrVQ?hl=en-IN&gl=IN&ceid=IN%3Aen,Google News,2026-03-11 20:31:04,,en,Finance,
IEA reportedly eyes record oil reserve release; CPI ahead - what’s moving markets,https://news.google.com/read/CBMiygFBVV95cUxOcWtudlVNMzV2VWhINzBEal9WTDhhZ0M5V0ROSjZ5cGc5d18wNko3M0RvM1l2ZjRLOHNtRE1YOVdrX2VlWFZsWEN1WHhpNF9wemo2QjE4VVhvYXVKX0Q1Qm1Xc3ZDTVY5WTJUc2d5UXVsRUtNWmxCRzBpR0RiODlqLVE2LUpuTTBpcFdkMElHTTZBQ0gxVEJHRkhZYm5vRlNwNGVfeUdLNVFoOUZSOHgxeXE2VnlDOHBHbmIwRWxmRjNKa2ZzSnpFNlpn?hl=en-IN&gl=IN&ceid=IN%3Aen,Google News,2026-03-11 20:31:04,,en,Finance,
Should investors consider AMC stocks in a wobbly market?,https://news.google.com/read/CBMizwFBVV95cUxPaGlOMkI0ZXBGV1JGNmY3MUdseVVJR2F5MVFhYTlTaS1KeFNZWGFPaV9tZjdTekN5b0xQc1E4SjRZSF9rbjRta1N5VnZHbDBNd0d5ck9VWVQ1TWczczd4d2V1cVp4MTJCRk5iU2cyTGZISEp3RkNwN1RiOGlBeUtDeXNWS0xucUxvMmJiZ2RFOEZmcFZsaUdGOWpNSXFKbFdUTWdCV3NJODFJUFo0Y25sMDdBYlJTV0lrME5sXzdyQVZJaHVTTFpBV2k3dHBLZW_SAdQBQVVfeXFMTllXZ0lHYjB1TzBBWDdVVmRLeFJsWDltTERuR296R1kxR3VtOWpnZ0hoSFFLMkFuMDJZMXRSRVY5UlhSYkg3NnhNY3pUVTVGXzZicVpZcTVvUEs4R3BhYmtzMEg3QVhnbkJ3eTg2LWlEV1VsTVlfTXNJRW8zYkJtV2c0cWxCWUljZklKa0J1VGJfRGk5QUtQNkpJVUtqcEF6bVdKZTdEUjJRYlNudy1tckpRSU1mSlo5bEQ0dEViVkx5aXFTZjRVdDB3cUVfalpObF9NcFQ?hl=en-IN&gl=IN&ceid=IN%3Aen,Google News,2026-03-11 20:31:04,,en,Finance,
Equity fund inflows rise while demand for gold ETFs cool,https://news.google.com/read/CBMipwFBVV95cUxOQWNGVGtEdGxGN3pZT3ZxSlRHckxFMFd3emVTOGQyR2FXaWdvYmo3YkNULUZEU1M3MXN6ZEozUDB6YWFWZ0ZteUtXN1dvSU9DQ09obzFxczlGMEhCMUgzckg1bC15Vi05ckZpQ1AxNE9GQkhOMDQxNVU3ZzZTdXQxbzR6R0hoeDY4WFgzcVIxYVpPcFM1YXVHVzFxQWV1S2c4TFhaNG41WQ?hl=en-IN&gl=IN&ceid=IN%3Aen,Google News,2026-03-11 20:31:04,,en,Finance,
"SIP flows dip 3.7% in Feb, gold, silver ETFs cool down",https://news.google.com/read/CBMi0wFBVV95cUxQRnQtRVFrclVob0pXaV9GNXdZMXlfTUE3anE3dmZpRWlDYXZINXpHVVUza0p4ek1nb2tLM0ZLY1h1TE5rS3lsd0dWcHZ4ZUxja2RtWDhnclAyNTA1dnU3V0h6dDBYSHdFc3NFRnEwRDBzd205dUFnbndNR2dJZjQ3QTBoenRGWUl3VTNIOFNVSUdJXzhBcUdkeVVMVnNOTjZlRlNKeWlOemh3VnB5OW1hcGs0dXYzaXFDYjBlZ0FSVWFhQkNkQTk2dnhWT2JCTFVHRkc4?hl=en-IN&gl=IN&ceid=IN%3Aen,Google News,2026-03-11 20:31:04,,en,Finance,
SIPs face the worst February in 5 years,https://news.google.com/read/CBMimAFBVV95cUxPbDRyaTlyWkwwazNwQTdQR3N5dG4ydWk2Y2FIQmhHeVNUUzUxcGVvOEg5eHFsQUZQUEN2ZW9Ga0NKYjl2TmhWTUZSZFQ4OFdUbzIxYmhEa28yYnAxNTJCYWZRbVlnNWdIMlRxUGhIVWdYQUhBOGZyS3JZSnZBYkM1Z2VtVDlDbGxqMWo5TEhyUUFrbUZFZlFkNdIBnwFBVV95cUxNc2gyMjRQcHBjTUVQSlkwUW5RdEowSmJHc0RUUzFHUVRuYkVTVnM0ZEV5eUpoVjVoUTE4dGhRSTN5X0dNQTlTVlZLWEl1MlZkcFdoSGwwVkFqOWUzWWZaZE15RlEyZ2JFVmYzRHlaLXQ4SXpNMTA4MjdSLWhNdXdqWmxGWmxmZ2dDWFdiNzR2Rk9IX214SmNrdTNXdlRYZlU?hl=en-IN&gl=IN&ceid=IN%3Aen,Google News,2026-03-11 20:31:04,,en,Finance,
"Gas from new sources will end shortage, say officials",https://news.google.com/read/CBMi6AFBVV95cUxQOW84bTZ1MGVvWGRVU2NTQllBT2xfUGE4aENUVlo5LVIzbHVqWjMxQVhKMG9Kc01KYUZCQWgwR0RhcWtQTEdNekE4NXpFVk5lWlN1bFRZSkVTTFZfVWpsWTZfV0M1a0hVblc2X250anpPWUtyS1JzTHNQMFhYYmdEcUVaTERicUc4UGZHUUQxZjQ4dkdNSzFGYlRpVlVEUkxXb0R3QWtySXVmbnNpMjBJY2liYXYyOUR5NmNrQVhNa2EzUHRMdzBja0R6ZXdLRksyVnNNNlZzUEI2djVEdjhoYlY0Y0hFai1C0gHvAUFVX3lxTE01OUZfYjJEYUdVNmp1UTEtMWtLY0hwWkt3aGlaUnlEUUhVVXBYbGlvZkhSdkd4czNVTURTX0ZuRFlxR2FBTHVYXzRZcmZ5LVh5Z2loa0xnQllWbDhHZVN1cGJvVWpuTjJrRXVHcTB6Mm1fNDNzN0ZFV3JUQ2RRcmVndjI3VjFvbGJ4SWE1MFhVTFI1Zk9Yb1NLTDVPNFpHU191QnhGb3BvSFVfVVNnbUJaVi1vTFk0M3EzaG9nOC1WYVg3emNJMTBBUklNUG9xYlFHVXNmTUMzbWpJaDVQMzVGQjF2VHZlTEkxNHpNYnp3?hl=en-IN&gl=IN&ceid=IN%3Aen,Google News,2026-03-11 20:31:04,,en,Finance,
"US stock market: Dow, S&P 500 futures fall as Iran war keeps investors cautious",https://news.google.com/read/CBMi4wFBVV95cUxNQ0lXaTN4eHYyeldJWDRoRm9lM3U5bUNwTnZ6OXpVMmdRb1RrY2lwX1J0MldYV1U4TWhtNERKYlF1bHh2QVJsNzEydTdiZm9tcWdiTVc1TXBiWHZodTZkWVd6b1hKZkpKaTZDR1lZN2YxaHZ5ZXQ3VUhib3BoV3VsVWJTa1ZSeVExbG1JV0JuWE1FZ3NYSjJGc1lOQzdqd0NGVmREeUh2Snk4OGsybEtwQXUtZF9KdmFSTVF1R2drSzdMNFJtZnQtQ3drY3g2SXlWdnc4em8xSzAzMWN2c0tIQzhHRdIB6AFBVV95cUxQcGpQdTRxTUxNRkV4em52RHRmMHpPSHdIV0VIeWw2azBNTmFEMHplVTNjU3RHRjBURFloWVM2VThwQWQ2UDVkb01xb0NmY1l0ai1OdHJ0RnZpOV9kYnRSQlcxcXlCd2VHcVJvQlYtZnh3VWJDbkY0bFZKNWJFRGRHNlQ1YkRtY3lJVGgwOHJCU2VyellTeVMyMnc5bGlSLVZUMS1wVjJPbS1nNkxTamxIRnlkWUJMUVpjMzhhRlVtWnBaOWlCblVpeDZaVy1uU1JCSGN0MDVweTZMQkJaOXRLVUZmMkg4eDhC?hl=en-IN&gl=IN&ceid=IN%3Aen,Google News,2026-03-11 20:31:04,,en,Finance,
Deleted Tweet From Energy Secretary Sends Oil Markets on Another Wild Ride,https://news.google.com/read/CBMiugFBVV95cUxQU3RDWDV3ZHhTNmdFQ2locU1fT1NnSEJzb3VLRGlRTlBiN0JlRzFYb1JnQjY1Zl8zMVRHSnJxQ2dFR3JSd3hyNFZXUWlTa3VmYUNYSll5bE9wNFZoVG5DR04ydE1IQWhTV1JaNmF2N2Zsa3ZvZXRCUkw5bkFZUkxkcWFFZGIwUWM5WUJ5SnpnSlRkOGxNOHRQTkFza2lvZ3pKYTBsVVdlcDZtNncteWlobHZRSHFCNUlCSlE?hl=en-IN&gl=IN&ceid=IN%3Aen,Google News,2026-03-11 20:31:04,,en,Finance,
Oil prices swing wildly amid mixed messages over Iran war,https://news.google.com/read/CBMiowFBVV95cUxPaDVGdkxsVS1pdGtyR0NJR0VjNzgzY1NvUjZSUmd6Vkt5MmszVG9QdDFvb3NTZ00yTVR2dDJtc1JxbGZSWG1DYkNTS2RlX3EzbjZhTnUtTXZsTEtHSVhlSDItYlF3MS10OUZWMTlVd2otOXNlR1lXQTh3NWxPTjh6bTBFLVN6bUxRV3Z4bGJ0MVQ4T1AxTjYxeE81dzJwRzlGd25n0gGoAUFVX3lxTFBFNGpwelMwRTZaRHFFSmVhN2QwS0NnLS0yTzVHSXBsOE0yMTdrSkdQN3Q4UEU3dW1yM1JvelF3SkJMQ2E0VFZqdzJmTHVYal9BVGZ5bjNzMEFOb1lOTGdVeTQ3MVBXZ1h1RjdQZ3MzZVVZM1VtaW5xM0dKR0VGdHJWc1Fkd0JKNXRsTnRXc3dSS1dnNWloVFEtRFR6Z2lWNGF0VkVUbmJaVg?hl=en-IN&gl=IN&ceid=IN%3Aen,Google News,2026-03-11 20:31:04,,en,Finance,
CNBC Daily Open: Traders on edge despite reserve hopes,https://news.google.com/read/CBMilAFBVV95cUxQS2FuZGN4SlpodGZWMzhvM3hoT2RUbDRpd211bHgxNFJTb1dHOU4xTjFxZWF6UHQ3MUd5WkRLRFFIVVE0SUtTaUNxVnZ3NVFVaGsxVlRGcWN3WnA3bzlzSW50ekk4RFlnUWJEcDlkUzNEcUhqOEpfYnYxajZ5YURyVjU4d29ydWZqOWN0bE1HUHN6WTM40gGaAUFVX3lxTE15OGRVaHhRRkZRTGhyYmM0SmdEMkpMeWtMXzV4TEVVelM0WVFiLU5WenFBQmQ1Q0p3WENWdGZKNDlIZVVhNzlRWmc3cTdvVTF3LXk3SnVENHE4bGI2dDQzTmhhelczYTB5ODlLV1h5bkdHb0pIczQwdkRZbEhJTWNVRk1Qb2NVNmt3enN6VmtUVEUyQWw0c1hyS0E?hl=en-IN&gl=IN&ceid=IN%3Aen,Google News,2026-03-11 20:31:04,,en,Finance,
Gold Prices: Bullion drops Rs 853 to Rs 1.62 lakh/10g in futures,https://news.google.com/read/CBMivwFBVV95cUxNMnBLa0FSYXg5ZFVUSEJmOG1ueHgtTnE4bDZjc1Bta2k5NmdNd05tUzRILUREQ2pubVpPbFMzZmFKUnNEQjFFbFZDc2JxbVR5amJQakhJOGxnUHNadFc2YVBjNF9WMHI1cW9KVFRXdjhWRnlvY2dkTWhMalBhNTUwc0lxRDh5MU5ZVHA5UGNfWmEyTmNENTdJaTZGaFdzU2dCVWk0djF2eVZBT0NheUEybTk2eEFxUHhDd0JORzJqcw?hl=en-IN&gl=IN&ceid=IN%3Aen,Google News,2026-03-11 20:31:04,,en,Finance,
"Gold eases as firmer dollar, lingering inflation concerns weigh",https://news.google.com/read/CBMiqgFBVV95cUxOaGROVUM2T044Mk53SllTWHBIWjVsbnhLU0pRMGNaMU9BYkVvN3otN2RCVFBqSnVIcnphM2RGaEZ3RWhzdHVWUHQ4MkdoOGtTLWZSSHNIcFY5RC1sSHdRUVFlemhmZlRtb1lHai1tVWtPVS1UZW1ELWlLbDE0aENuS3VBa1doTllYMnRkX3BVamJva1JjY2ttUWlLUEdQczlJdGZvbTFMeWh0QQ?hl=en-IN&gl=IN&ceid=IN%3Aen,Google News,2026-03-11 20:31:04,,en,Finance,
"Gold, silver price prediction today (March 11, 2026): Where are gold, silver headed in the near-term amid US-Iran war tensions?",https://news.google.com/read/CBMiywJBVV95cUxQQVhKaUwxUUZUZDFETHVhRnluNG5mQVBmOWp6bzRvSnF0dFZHcEhBUzZiNVlhNXFnTHA1d2ZDUUpJX19IQTlBQ0JFQmlVMWVnWnNSdmVkLUZRV1ZKb1FUeHRfVEpMeHVZeUFTYnBVdTQyc2ZJZ2ptcS1wZzdwVy1NYWtvWFpBc1pqQ3hXNnpzN1lBZm14akJIUXVEZWtweVg2OHVqM3pHbU5VeFMxamFGWVN0V29iQ3Y1QnZYQzh1RXVkcFR4T1BtQlh6OEN5NUkzRkFISkZEUXR1M2RoWGo2S3FON0p3eXp5aGdtR3BfQ0dkOUMwTFpMT1hpWTlNa0Voazk4YWMyeWpQemtBMjBCZWs1RWVWR0F6Vk5VMGh3Zi1MRlQzbXZNYVZJSnNyU0o5a01DZk0yNDcwWVJPcHNRV0FUcDNSNmFhSC0w?hl=en-IN&gl=IN&ceid=IN%3Aen,Google News,2026-03-11 20:31:04,,en,Finance,
Induction stoves fly off shelves amid LPG supply concerns,https://news.google.com/read/CBMivwFBVV95cUxOdnE1OVBVQ01kWVdpRmtSSzV3Q2M5UzhScmhMU2RnR3l5dDVRblo2UFlEYUdUaFdDVndPOVVvT1FUaDhBaHBTS0hoa0xBaUdHRW56b3lhUndhRW1VMW9nQXJ6NGdaT1QtWmlWNGhqOW55R3ZVeWdLdDdDZlByZ1dyMkhXTlQyNGNhSl9ESExnMGF0V0FwdVVEdTUwbl9ZQVpnbDJrTXlCVC1kUlFVcVh5RGhHU2pBS0UzUk5LcW9EQdIBxgFBVV95cUxQeGdPNFZtbXh3Q0htWmtXOWZCUmJyMHc0MDBFdFJ0X1ZjMVlqYlhaNjlpSWNZUTQwYmNaQWwzYnczdEhkejE3OXFXcDJTSVEyQ2FrMTg2TTVRVFBMSkdDcVBCMnB5bWtZeE5FX1RFYXcxVndIVy1iamJNUTNUbUpXWkFicGN1NFZCQzRraXF0Z2NUZzFaNnQ2Z1pKMWhKUk10VmxTcFZxeldmbUo3ZTJEZ2t6Ym5veloxclFvYWNrSFU2T2R4WlE?hl=en-IN&gl=IN&ceid=IN%3Aen,Google News,2026-03-11 20:31:40,,en,Finance,
India will not raise petrol prices despite global crude headwinds: Government sources,https://news.google.com/read/CBMi3wFBVV95cUxQem1uNk1fZDNBVWxBOE1NbXRTWUN0M2ZaYjlCTTRkYkhHNU5LZnJTSHo2OGtjMmkweWM1X0I0UGNWbEs0dnhRR2p3OVZNQk9seGhOUGhwWnBjcTdETmJKMUhqdFNsUGNEejdJcWtYT1lnSGkwUHQzTGJYSHFJT0lTU09QNFVmZGxsblZmb2l6eTB1Tk15eTJyeWUwT3RjVmhkSm5tdll6angtSGxJUVplaEw3dnh0TXhYdDhzTUI4dGNRYlIxV2Q1QnpPTjMyN0FnekFYdjB5ZExXNkxnRm0w0gHmAUFVX3lxTE5HNU9NZm1sQ2NIcVgtZkd5NWEtd3RLNGFrTTRJb0tneDloc0J6NEgxMVFQSl9IelREcE1INFBPWmV3ZDhyMHZ5S3FiOUF4MWpCbW1ZeDlraDF3Mm9ldzZVbThkelN5UzNyS1pwcTR0X2s0U1QzeDV4ZVlaVjFhdFJLeFJENEg3ang4aFRpWHJZVWV3XzFzWFJVZWlPclRFZ2ZHMHM3WU1VSDlIRjJKZ0wxQzJmYjFNazM0eFpEbTNobDV5QnNXbTVyQVhkaW0zYW9QUHY2YnFCTlh1WGVDTG1xVFJOSXRB?hl=en-IN&gl=IN&ceid=IN%3Aen,Google News,2026-03-11 20:31:40,,en,Finance,
Dow slides as oil prices move higher again amid Iran conflict: Live updates,https://news.google.com/read/CBMid0FVX3lxTE1fNEVGSXNDMFpJZDNEOVQ1TVVGd2pXeWFBRTFHajRxOUQtNmowRlpNRDcycFNmanlrNnQzMEJmYzR3OGlZMzdHajA3ejNOam5fTlFiNk4wMmtSV1FkNkVfM2sybTRvSFJqbmNGcjJJYnNJZUxQY2Nr0gF8QVVfeXFMTzNhMG1Ka09TbUZ5SjJZV1R1amZsTWtJbkp3OGwyOGpFV21vanQ3RUFSUjR4Sjk3eS1INnR1VjdOQm9TR3dtNXoyX1NfWWljMWowQ3pTUW02MWJoT18tRjFGNnpvVU91R2hVaHRCQWVIOUNqT2pyTENiZWFUbg?hl=en-IN&gl=IN&ceid=IN%3Aen,Google News,2026-03-11 20:32:18,,en,Finance,
There is no return to normal on oil any time soon,https://news.google.com/read/CBMicEFVX3lxTE9vVHBkOXpWUFNnWkdvU1NtSkJCMHdaVVZhcVQySG9HY09yMWZmMElRLUdWaTVQNE54OW9IZThZd28zbUVNX05rcm82NENBVkhNUU5xLXRzdHh4TF9OYzVVZUcyblZOMElVMTVzc3FvdVg?hl=en-IN&gl=IN&ceid=IN%3Aen,Google News,2026-03-11 20:32:18,,en,Finance,
Asian Buyers Struggle to Find March LNG as Supply Remains Tight,https://news.google.com/read/CBMitAFBVV95cUxOY2V0WktrV0JKMzlsdW9qMkNhcTMxT3picnRsU3lZSzlCaldSS2o4YVBIMnRTOGwxd2FUaUdzSjB4dHpGdGpicXFLWmJnVFVOTE1TRDZkZVh3VW1mdkQwXzdVOG51dnphNkpCQWs5czhQcTVzUlVJVWN4dXp6ZzI0QmZIRlA5Q2pSUGxpTXd0dkkwcVluUDV5UnppYnNZbmdrU1hLVURNN2hydmNwTXdKUHVDejI?hl=en-IN&gl=IN&ceid=IN%3Aen,Google News,2026-03-11 20:32:53,,en,Finance,
China buys over 80% of Iran’s oil but isn’t alarmed by oil crisis: How it prepared for a Hormuz shock...,https://news.google.com/read/CBMi_wFBVV95cUxNME9VaXBGb3ppbEoxUzY0SWh1Ul82RDNxWkpXODdTRkFEUzJ4cVhlU0hVT2JGR1h3TzJaaUVHcUY4bHNqVXdsUUo3V3FjR1hQWnlWbVp2bTFlLVYwZmNjUmx0SEFRVHJ3VUZtNFQ1UEpRQkE1RFc0d0Fhc0dBTUZWdW5GYUgxcU1nZTkweXJzS2pRTlFKNFpyUkxRRGZEU2lfRzQwZ1dESXV1OE9UbGkwNG9CbTdQUnZuOFlqUXp0YS15dzg4c0VWTEF5NHNCVlZtNUhNLUdRVVJycU5mNFk1dGFMcTk0d0lxem14OUNwVE1RNFRscVZ2VUp2S3ZtWGfSAYQCQVVfeXFMTzRLbDdXc195T2VJT1ZPRXZOcUNaNU0wa3pPOFdVWUlsTkdJNy1GaDR3bWVYQy1IQjVjQl8wTzVSX1R3TzNLSnEtRVM3aFg1TDNycnBnWWRjbmNaQ3NyN3ZVdXROYlR1dkRZb3JYeDFidnJjc0tJbnFjQzlmS0NGMnRSOGhzWUNDVzRMbEdiQVBfMXZtQjM4TmFZalV5SkpmbkdFS04zcDhtZW5jLVp5SXNXRTFWMnNJcWRFaWhMZnZBaElqdG1aYmpxLW5Ob0tHSG5tUmJUNlJUVmUzX1laeGRxdDNsOWZCTzE5YlB4VG9KZ3RZUXBsV0s3TVVjeDBIZXhWN1Q?hl=en-IN&gl=IN&ceid=IN%3Aen,Google News,2026-03-11 20:33:28,,en,Finance,
China Has Spent Years Preparing for the Iran Oil Crisis,https://news.google.com/read/CBMilAFBVV95cUxOWlZMaktWcG91UUJCYmhJME5ESmZ5cUdfeUpLSTROZ0s4VkFzVDA5ZVVFLWVRQ0lhRDY1Z2dCbUlPRFdpOHhjNk4zZmxKb3ktczJRWGcxckRuOWhwN053S2t2YUhyOERSZWdxQi1hQXdjVldCZWFBMjUxaFIyMkVFLXU5TEkyZjA0N3FuNFpFQ2hGNC1t?hl=en-IN&gl=IN&ceid=IN%3Aen,Google News,2026-03-11 20:33:28,,en,Finance,
China’s Energy Security Push Pays Off as War Roils Asia Refiners,https://news.google.com/read/CBMitgFBVV95cUxPUkxyaHNCNW41aTI2cDRySjMtb2pnZ2hCYkdGV0JUWjU2UlRpcWVLcENFTnBENWl6WkIwWkphWW51Ry1mY2pLVE45TkhpZXh5NmNLRk5LUllCWG5ZLXZJQUp3NW1iakNseE5acHduRjNQbmwtNmRNYmRMc18wT3JFQjZqeXVxclc0dlR1UEljcWFDWm5uLWI4Qmd5QXF5MUs0ZkRVemJnSHl6QTQ1VjVDMkFUYjVaZw?hl=en-IN&gl=IN&ceid=IN%3Aen,Google News,2026-03-11 20:33:28,,en,Finance,
China Boosted Oil Imports Nearly 16% in Early 2026,https://news.google.com/read/CBMiqAFBVV95cUxOZlBGbmR1Ulh3UEVqdVZfWjFPYXVfNG9aWjNfMkVwaXpWYUkxNFh4YkpPc3c3QXptbkVhajVjazlqaVRoQ3kxYU4yY3VXSmw5eElJSlRRazNWR3NUc1RIQ2RVdkRSM3c3U25qSVBLTEp3b1hMVGRZZFZQVDFjSVNYb0J5VTREcFBLVkxvTFZJQk92cE13UjFWNml5S1NJRl9KTHg4WVp2czPSAa4BQVVfeXFMUC1RRmZRV3NfU01YSWFxbTJqdUZlazU3TnBaTFRFOV81UU9NVktsdnQyMXU2bW9EeF9mUElyWS00a0tkYTU4S1JZLUNITDVuV3NIbWd3X1BvVTNZbk5zeVMzdVBoLW1ldmxzRjZtdERnZ2FjTDRqMlpvVUxXOXdpZmd6cjVWSjBLMVdmU3hzU2p1WkJSdk5kSkZYZFVHeTdDcmp4cFBKSDNJWXNvNzBB?hl=en-IN&gl=IN&ceid=IN%3Aen,Google News,2026-03-11 20:33:28,,en,Finance,
