title,url,domain,seendate,category,is_market_relevant,relevance_score,matched_keywords,mentioned_stocks,num_stocks,sentiment_score,sentiment_label,market_impact
"OJK catat piutang pembiayaan syariah Rp31 , 05 triliun di Januari 2026",https://www.antaranews.com/berita/5461279/ojk-catat-piutang-pembiayaan-syariah-rp3105-triliun-di-januari-2026,antaranews.com,20260308T134500Z,Finance,False,0.0,,,0,0.0,neutral,low
Rencana Buyback Saham BBNI Dinilai Bisa Perkuat Kepercayaan Investor,https://money.kompas.com/read/2026/03/08/201500126/rencana-buyback-saham-bbni-dinilai-bisa-perkuat-kepercayaan-investor,money.kompas.com,20260308T134500Z,Finance,True,0.051,"investor, buyback",,0,0.0,neutral,low
"With Two Young Kids , They Thought A Bigger Home Was The Answer . Now Their 3K Square Foot House Feels Like A Mistake . Downsize Again Or  Suck It Up ? ",https://www.yahoo.com/lifestyle/articles/two-young-kids-thought-bigger-123020955.html,yahoo.com,20260308T131500Z,Finance,False,0.0,,GE,1,-0.4215,negative,low
"Natixis Advisors LLC Acquires 2 , 607 , 367 Shares of HDFC Bank Limited $HDB",https://www.tickerreport.com/banking-finance/13371759/natixis-advisors-llc-acquires-2607367-shares-of-hdfc-bank-limited-hdb.html,tickerreport.com,20260308T130000Z,Finance,False,0.026,shares,,0,0.0772,positive,low
Exyte : Schlüsselrolle für Halbleiter ( Finanztrends ) ,https://boerse-social.com/2026/03/08/exyte_schlasselrolle_far_halbleiter_finanztrends,boerse-social.com,20260308T130000Z,Finance,False,0.0,,,0,0.0,neutral,low
É portuguesa e lidera um dos cargos mais altos da Bolsa do Luxemburgo,https://www.contacto.lu/reportagem/e-portuguesa-e-lidera-um-dos-cargos-mais-altos-da-bolsa-do-luxemburgo/138772568.html,contacto.lu,20260308T114500Z,Finance,False,0.0,,,0,0.0,neutral,low
"STRAH SE UVUKAO MEĐU GRAĐANE : Ako vlada ne interveniše , od utorka nastupa pakao sa cijenom goriva ... ",https://www.slobodna-bosna.ba/vijest/471031/strah_se_uvukao_medju_gradjane_ako_vlada_ne_intervenise_od_utorka_nastupa_pakao_sa_cijenom_goriva.html,slobodna-bosna.ba,20260308T113000Z,Finance,False,0.0,,,0,0.0,neutral,low
Carlo Nesti :  Juve : Pablito Yildiz può fare il centravanti ! ,https://www.tuttomercatoweb.com/la-scheda-di-carlo-nesti/carlo-nesti-juve-pablito-yildiz-puo-fare-il-centravanti-1990159,tuttomercatoweb.com,20260308T113000Z,Finance,False,0.0,,,0,0.0,neutral,low
"Ženy majú na investovanie talent , no stále ho nevyužívajú . Čo ich brzdí ? ",https://spravy.pozri.sk/clanok/zeny-maju-na-investovanie-talent-no-stale-ho-nevyuzivaju-co-ich-brzdi/1606182,spravy.pozri.sk,20260308T111500Z,Finance,False,0.0,,TSLA,1,0.1531,positive,low
Stop alle partite Iva apri e chiudi : il nuovo piano 2026,https://www.laleggepertutti.it/784043_stop-alle-partite-iva-apri-e-chiudi-il-nuovo-piano-2026,laleggepertutti.it,20260308T111500Z,Finance,False,0.0,,,0,-0.296,negative,low
"SI VOULEZ DEBATTRE SUR LE DEBAT , CEST ICI ! ",https://latelelibre.fr/2007/05/les-themes-du-debat-televise-du-2-mai/,latelelibre.fr,20260308T111500Z,Finance,False,0.0,,,0,0.0,neutral,low
Analyzing National Australia Bank ( OTCMKTS : NABZY ) and Western New England Bancorp ( NASDAQ : WNEB ) ,https://www.themarketsdaily.com/2026/03/08/analyzing-national-australia-bank-otcmktsnabzy-and-western-new-england-bancorp-nasdaqwneb.html,themarketsdaily.com,20260308T110000Z,Finance,False,0.0,,,0,0.0,neutral,low
Lin Horn Aktie : Sektor - Dynamik entscheidend ( Finanztrends ) ,https://boerse-social.com/2026/03/08/lin_horn_aktie_sektor-dynamik_entscheidend_finanztrends,boerse-social.com,20260308T110000Z,Finance,False,0.0,,,0,0.0,neutral,low
Quand Téhéran attaque son banquier,https://mondafrique.com/libre-opinion/quand-teheran-attaque-son-banquier/,mondafrique.com,20260308T110000Z,Finance,False,0.0,,,0,0.0,neutral,low
Yatırımcının savaş stratejisi ne olmalı ? - Türkiyenin bir numaralı finans ve ekonomi portalı uzmanpara . com . ,https://uzmanpara.milliyet.com.tr/haber-detay/yazarlar/yatirimcinin-savas-stratejisi-ne-olmali/242012/,uzmanpara.milliyet.com.tr,20260308T104500Z,Finance,False,0.0,,,0,0.0,neutral,low
The EU needs a huge shake - up - The Malta Independent,https://www.independent.com.mt/articles/2026-03-08/blogs-opinions/The-EU-needs-a-huge-shake-up-6736287729,independent.com.mt,20260308T104500Z,Finance,False,0.0,,GE,1,0.1531,positive,low
Lukić : Države za ublažavanje energetskih šokova mogu koristiti strateške rezerve nafte,https://www.blic.rs/biznis/vesti/lukic-drzave-za-ublazavanje-energetskih-sokova-mogu-koristiti-strateske-rezerve-nafte/xzl03m9,blic.rs,20260308T104500Z,Finance,False,0.0,,GE,1,0.0,neutral,low
"Iran , Pichetto :  E  ancora presto per pensare di cambiare il decreto Bollette  ",https://www.agenzianova.com/news/iran-pichetto-e-ancora-presto-per-pensare-di-cambiare-il-decreto-bollette/,agenzianova.com,20260308T104500Z,Finance,False,0.0,,,0,0.0,neutral,low
Buyback Saham BNI Dinilai Dongkrak Kepercayaan Publik,https://ekonomi.republika.co.id/berita/tbksb1522/buyback-saham-bni-dinilai-dongkrak-kepercayaan-publik,ekonomi.republika.co.id,20260308T104500Z,Finance,False,0.026,buyback,,0,0.0,neutral,low
Mulheres empreendedoras : conheça histórias de quem começou do zero,https://g1.globo.com/go/goias/noticia/2026/03/08/dia-da-mulher-conheca-historias-de-mulheres-empreendedoras-que-comecaram-do-zero.ghtml,g1.globo.com,20260308T104500Z,Finance,False,0.0,,,0,0.0,neutral,low
"BrindisiSera . it - Attualità , Brindisi , successo per la prima edizione della BTE Puglia : oltre 900 incontri B2B e operatori da tutta Italia e dallestero",https://www.brindisisera.it/dettaglio.asp?id_dett=61787&id_rub=58,brindisisera.it,20260308T103000Z,Finance,False,0.0,,,0,0.0,neutral,low
"Tesla , scendono le vendite ma lazione vola : in arrivo in rivoluzionario Cybercab a guida autonoma",https://www.quotidianodipuglia.it/blog/milleruote/tesla_scendono_le_vendite_ma_l_azione_vola_in_arrivo_in_rivoluzionario_cybercab_a_guida_autonoma-9397618.html,quotidianodipuglia.it,20260308T103000Z,Finance,False,0.0,,TSLA,1,0.0,neutral,low
Pakistan women are entering stock market but is the system ready ? ,https://www.geo.tv/latest/654629-pakistans-women-are-entering-stock-market-but-is-the-system-ready,geo.tv,20260308T103000Z,Finance,True,0.051,"stock, market",,0,0.5023,positive,low
"Assured Guaranty ( NYSE : AGO ) Director Sells $106 , 223 . 66 in Stock",https://www.tickerreport.com/banking-finance/13371445/assured-guaranty-nyseago-director-sells-106223-66-in-stock.html,tickerreport.com,20260308T103000Z,Finance,False,0.026,stock,,0,0.3612,positive,low
Venezolanas sostienen los hogares aunque lidian con la mayor brecha salarial de la región,https://talcualdigital.com/venezolanas-sostienen-los-hogares-aunque-lidian-con-la-mayor-brecha-salarial-de-la-region/,talcualdigital.com,20260308T103000Z,Finance,False,0.0,,,0,0.0,neutral,low
El ataque de EEUU a Irán desata la caja de los truenos : escalada de la energía con elevados riesgos financieros,https://www.eldiario.es/economia/ataque-eeuu-iran-desata-caja-truenos-escalada-energia-elevados-riesgos-financieros_129_13046339.html,eldiario.es,20260308T090000Z,Finance,False,0.0,,TSLA,1,0.0,neutral,low
Will private credit be the trigger for the next financial crisis ? ,https://www.irishtimes.com/business/2026/03/08/will-private-credit-be-the-trigger-for-the-next-financial-crisis/,irishtimes.com,20260308T090000Z,Finance,False,0.0,,GE,1,-0.3612,negative,low
Bitcoin Sell - off To $65K Likely As Traders Run From Global Risks,https://cointelegraph.com/markets/odds-of-bitcoin-price-drop-to-65k-rise-as-private-credit-woes-us-war-rattle-markets,cointelegraph.com,20260308T090000Z,Finance,False,0.0,,,0,-0.2732,negative,low
Paramount Beat Netflix in the Battle for Warner Bros . Here Who Really Won,https://www.fool.com/investing/2026/03/08/paramount-beat-netflix-in-the-battle-for-warner-br/?source=iedfolrf0000001,fool.com,20260308T084500Z,Finance,False,0.0,,NFLX,1,0.3384,positive,low
Head - To - Head Review : Summit State Bank ( NASDAQ : SSBI ) and First Northwest Bancorp ( NASDAQ : FNWB ) ,https://www.dailypolitical.com/2026/03/07/head-to-head-review-summit-state-bank-nasdaqssbi-and-first-northwest-bancorp-nasdaqfnwb.html,dailypolitical.com,20260308T084500Z,Finance,False,0.0,,TSLA,1,0.0,neutral,low
Janus International Group ( NYSE : JBI ) Hits New 12 - Month Low on Analyst Downgrade,https://www.dailypolitical.com/2026/03/07/janus-international-group-nysejbi-hits-new-12-month-low-on-analyst-downgrade.html,dailypolitical.com,20260308T084500Z,Finance,False,0.0,,,0,-0.2732,negative,low
"Tesla , scendono le vendite ma lazione vola : in arrivo in rivoluzionario Cybercab a guida autonoma",https://www.ilgazzettino.it:443/blog/milleruote/tesla_scendono_le_vendite_ma_l_azione_vola_in_arrivo_in_rivoluzionario_cybercab_a_guida_autonoma-9397618.html,ilgazzettino.it,20260308T084500Z,Finance,False,0.0,,TSLA,1,0.0,neutral,low
"Stock market outlook these factotrs may effected share market इस सप्ताह किस करवट लेगा शेयर बाजार , ये फैक्टर्स करेंगे प्रभावित , Business Hindi News",https://www.livehindustan.com/business/stock-market-outlook-these-factotrs-may-effected-share-market-201772954227227.html,livehindustan.com,20260308T084500Z,Finance,True,0.051,"stock, market",,0,0.296,positive,low
Laboratorios Richmond ganó plata en 2025 pero no pagará dividendos : el impacto del dólar y las inversiones recortaron la rentabilidad,https://www.ambito.com/negocios/laboratorios-richmond-gano-plata-2025-pero-no-pagara-dividendos-el-impacto-del-dolar-y-las-inversiones-recortaron-la-rentabilidad-n6253215,ambito.com,20260308T073000Z,Finance,False,0.026,dividend,AAPL,1,-0.296,negative,low
"70 % Of All Cyber Crimes Executed With Online Trading Apps : Maharashtra , UP Top List - Trak . in - Indian Business of Tech , Mobile & Startups",https://trak.in/stories/70-of-all-cyber-crimes-executed-with-online-trading-apps-maharashtra-up-top-list/,trak.in,20260308T071500Z,Finance,False,0.026,trading,,0,0.2023,positive,low
UAE investors urged to avoid savings sell - off due to Iran war,https://www.thenationalnews.com/business/money/2026/03/08/what-to-do-with-your-money-in-the-uae-right-now/,thenationalnews.com,20260308T071500Z,Finance,False,0.026,investor,GE,1,-0.7269,negative,low
"Tesla , scendono le vendite ma lazione vola : in arrivo in rivoluzionario Cybercab a guida autonoma",https://www.leggo.it/blog/milleruote/tesla_scendono_le_vendite_ma_l_azione_vola_in_arrivo_in_rivoluzionario_cybercab_a_guida_autonoma-9397618.html,leggo.it,20260308T071500Z,Finance,False,0.0,,TSLA,1,0.0,neutral,low
VIX : Volatilität schießt hoch ( Finanztrends ) ,https://boerse-social.com/2026/03/08/vix_volatilitat_schieat_hoch_finanztrends,boerse-social.com,20260308T070000Z,Finance,False,0.0,,,0,0.0,neutral,low
"Tesla , scendono le vendite ma lazione vola : in arrivo in rivoluzionario Cybercab a guida autonoma",https://www.ilgazzettino.it/blog/milleruote/tesla_scendono_le_vendite_ma_l_azione_vola_in_arrivo_in_rivoluzionario_cybercab_a_guida_autonoma-9397618.html,ilgazzettino.it,20260308T070000Z,Finance,False,0.0,,TSLA,1,0.0,neutral,low
Malaysia Airlines shares rise on privatization rumors,https://eturbonews.com/malaysia-airlines-shares-rise-privatization-rumors/,eturbonews.com,20260308T070000Z,Finance,False,0.026,shares,,0,0.296,positive,low
The Trade Desk Aktie : Rekord - Kauf des CEO ( Finanztrends ) ,https://www.boerse-social.com/2026/03/08/the_trade_desk_aktie_rekord-kauf_des_ceo_finanztrends,boerse-social.com,20260308T070000Z,Finance,False,0.0,,,0,0.0,neutral,low
The Trade Desk Aktie : Rekord - Kauf des CEO ( Finanztrends ) ,https://boerse-social.com/2026/03/08/the_trade_desk_aktie_rekord-kauf_des_ceo_finanztrends,boerse-social.com,20260308T070000Z,Finance,False,0.0,,,0,0.0,neutral,low
VIX : Volatilität schießt hoch ( Finanztrends ) ,https://www.boerse-social.com/2026/03/08/vix_volatilitat_schieat_hoch_finanztrends,boerse-social.com,20260308T070000Z,Finance,False,0.0,,,0,0.0,neutral,low
Plenitude verso lindipendenza : Eni studia luscita della controllata ( dal bilancio ) ,https://www.corriere.it/economia/finanza/26_marzo_08/plenitude-verso-l-indipendenza-eni-studia-l-uscita-della-controllata-dal-bilancio-ddc4a58b-ba3b-405c-a058-d7101ea15xlk.shtml,corriere.it,20260308T070000Z,Finance,False,0.0,,,0,0.0,neutral,low
Finanznachrichten & Börsen - News | Börse Express,https://www.boerse-express.com/news/articles/bitcoin-zwischen-zwei-welten-873858,boerse-express.com,20260308T064500Z,Finance,False,0.0,,,0,0.0,neutral,low
"Maria Àngels Vallvé , la primera  bróker  española :  La mayor lección de vida que me ha enseñado la bolsa es la modestia  ",https://www.20minutos.es/lainformacion/mercados-y-bolsa/entrevista-primera-agente-bolsa-espana_6942958_0.html,20minutos.es,20260308T063000Z,Finance,False,0.0,,"GE, AMZN",2,0.34,positive,low
Yatırımcının savaş stratejisi ne olmalı ? ,https://www.milliyet.com.tr/yazarlar/zeynep-aktas/yatirimcinin-savas-stratejisi-ne-olmali-7550550,milliyet.com.tr,20260308T053000Z,Finance,False,0.0,,,0,0.0,neutral,low
Trump İrana neden saldırdı ... ABDnin yeni Ortadoğu planı ... Savaş çıkmazında Türkiye detayı | Kayahan Uygur,https://www.odatv.com/yazarlar/kayahan-uygur/trump-irana-neden-saldirdi-abdnin-yeni-ortadogu-plani-savas-cikmazinda-turkiye-detayi-120138640,odatv.com,20260308T050000Z,Finance,False,0.0,,,0,0.0,neutral,low
"Si el déficit sigue creciendo , la situación de las finanzas públicas de Colombia será insostenible : Comité de la Regla Fiscal",https://www.eltiempo.com/economia/sectores/si-el-deficit-sigue-creciendo-la-situacion-de-las-finanzas-publicas-de-colombia-sera-insostenible-comite-de-la-regla-fiscal-3538186,eltiempo.com,20260308T050000Z,Finance,False,0.026,fiscal,,0,0.0,neutral,low
"ADRO Raup Laba USD 447 , 69 Juta , Turun 67 , 5 % pada 2025",https://www.liputan6.com/saham/read/6293443/adro-raup-laba-usd-44769-juta-turun-675-pada-2025,liputan6.com,20260308T044500Z,Finance,False,0.0,,,0,0.0,neutral,low
Incubo crisi aziendali | in Puglia 70 vertenze e 19mila posti a rischio,https://www.zazoom.it/2026-03-08/incubo-crisi-aziendali-in-puglia-70-vertenze-e-19mila-posti-a-rischio/18789444/,zazoom.it,20260308T043000Z,Finance,False,0.0,,,0,0.0,neutral,low
Contrasting Berkeley Group ( OTCMKTS : BKGFY ) and St . Joe ( NYSE : JOE ) ,https://www.dailypolitical.com/2026/03/07/contrasting-berkeley-group-otcmktsbkgfy-and-st-joe-nysejoe.html,dailypolitical.com,20260308T040000Z,Finance,False,0.0,,,0,0.0,neutral,low
American Express Global Business Travel ( GBTG ) Q4 Earnings : What To Expect,https://finance.yahoo.com/news/american-express-global-business-travel-032112603.html,finance.yahoo.com,20260308T040000Z,Finance,False,0.026,earnings,AXP,1,0.0,neutral,low
A Los Angeles Therapist Plans To Move His Family To Alaska For A $6K Pay Bump . Dave Ramsey Reminds Him It Cold And There Are Bears,https://www.aol.com/articles/los-angeles-therapist-plans-move-030115557.html,aol.com,20260308T034500Z,Finance,False,0.0,,GE,1,-0.1027,negative,low
İrandan Körfezi Rahatlatacak Karar ! ,https://www.yeniakit.com.tr/haber/irandan-korfezi-rahatlatacak-karar-1987605.html,yeniakit.com.tr,20260308T031500Z,Finance,False,0.0,,,0,0.0,neutral,low
Su savaşları başlıyor mu ? - Öner Döşer,https://www.sozcu.com.tr/su-savaslari-basliyor-mu-p299710,sozcu.com.tr,20260308T031500Z,Finance,False,0.0,,,0,0.0,neutral,low
"On International Women Day , Why the World Should Celebrate Women in Tourism",https://eturbonews.com/international-womens-day-world-tourism-women-day/,eturbonews.com,20260308T133000Z,Corporate,False,0.0,,,0,0.5719,positive,low
Citigroup Increases Permian Resources ( NYSE : PR ) Price Target to $21 . 00,https://www.defenseworld.net/2026/03/08/citigroup-increases-permian-resources-nysepr-price-target-to-21-00.html,defenseworld.net,20260308T130000Z,Corporate,False,0.0,,"GE, C, TGT",3,0.0,neutral,low
"Baltimore Washington Financial Advisors Inc . Acquires 2 , 009 Shares of Alphabet Inc . $GOOG",https://www.defenseworld.net/2026/03/08/baltimore-washington-financial-advisors-inc-acquires-2009-shares-of-alphabet-inc-goog.html,defenseworld.net,20260308T130000Z,Corporate,False,0.026,shares,GOOGL,1,0.296,positive,low
Permian Resources ( NYSE : PR ) Price Target Raised to $24 . 00,https://www.defenseworld.net/2026/03/08/permian-resources-nysepr-price-target-raised-to-24-00.html,defenseworld.net,20260308T130000Z,Corporate,False,0.0,,"GE, TGT",2,0.0,neutral,low
"Blair William & Co . IL Sells 1 , 431 Shares of Thermo Fisher Scientific Inc . $TMO",https://www.defenseworld.net/2026/03/08/blair-william-co-il-sells-1431-shares-of-thermo-fisher-scientific-inc-tmo.html,defenseworld.net,20260308T130000Z,Corporate,False,0.026,shares,TMO,1,0.296,positive,low
Alphabet Inc . $GOOG Stock Holdings Trimmed by Blair William & Co . IL,https://www.defenseworld.net/2026/03/08/alphabet-inc-goog-stock-holdings-trimmed-by-blair-william-co-il.html,defenseworld.net,20260308T130000Z,Corporate,False,0.026,stock,GOOGL,1,0.0,neutral,low
Moffett Nathanson Downgrades Warner Bros . Discovery ( NASDAQ : WBD ) to Hold,https://www.defenseworld.net/2026/03/08/moffett-nathanson-downgrades-warner-bros-discovery-nasdaqwbd-to-hold.html,defenseworld.net,20260308T130000Z,Corporate,False,0.0,,,0,0.0,neutral,low
"Middle East Crisis Could Spiral Beyond Anyone Control , UN Chief Warns",https://dailytrust.com/middle-east-crisis-could-spiral-beyond-anyones-control-un-chief-warns/,dailytrust.com,20260308T130000Z,Corporate,False,0.0,,,0,-0.6705,negative,low
Jefferies Financial Group Forecasts Strong Price Appreciation for Caterpillar ( NYSE : CAT ) Stock,https://www.defenseworld.net/2026/03/08/jefferies-financial-group-forecasts-strong-price-appreciation-for-caterpillar-nysecat-stock.html,defenseworld.net,20260308T130000Z,Corporate,False,0.026,stock,CAT,1,0.765,positive,low
Shell en databedrijven onttrekken zich aan malaise in rode AEX,https://www.beursduivel.be/Nieuws/856211/Shell-en-databedrijven-onttrekken-zich-aan-malaise-in-rode-AEX.aspx,beursduivel.be,20260308T130000Z,Corporate,False,0.0,,,0,0.0,neutral,low
"How Snabbit , Pronto , and Urban Company are reshaping traditional maid model in India",https://economictimes.indiatimes.com/news/india/how-snabbit-pronto-and-urban-company-are-reshaping-traditional-maid-model-in-india/articleshow/129267105.cms,economictimes.indiatimes.com,20260308T123000Z,Corporate,False,0.0,,TSLA,1,0.0,neutral,low
Current and former Block workers say AI cant do their jobs after Jack Dorsey mass layoffs :  You cant really AI that  ,https://finance.yahoo.com/news/current-former-block-workers-ai-120020547.html,finance.yahoo.com,20260308T123000Z,Corporate,False,0.026,layoff,,0,-0.4404,negative,low
OPINION : Teacher - turned - Treasurer spotlights service with spuds,https://cdapress.com/news/2026/mar/08/opinion-teacher-turned-treasurer-spotlights-service-with-spuds/,cdapress.com,20260308T113000Z,Corporate,False,0.0,,,0,0.128,positive,low
Shell en databedrijven onttrekken zich aan malaise in rode AEX,https://www.beurs.nl/Nieuws/856211/Shell-en-databedrijven-onttrekken-zich-aan-malaise-in-rode-AEX.aspx,beurs.nl,20260308T111500Z,Corporate,False,0.0,,,0,0.0,neutral,low
"Dynamic Technology Lab Private Ltd Boosts Position in Motorola Solutions , Inc . $MSI",https://www.dailypolitical.com/2026/03/08/dynamic-technology-lab-private-ltd-boosts-position-in-motorola-solutions-inc-msi.html,dailypolitical.com,20260308T110000Z,Corporate,False,0.0,,,0,0.6808,positive,low
"Insider Selling : CeriBell ( NASDAQ : CBLL ) VP Sells $81 , 168 . 00 in Stock",https://www.themarketsdaily.com/2026/03/08/insider-selling-ceribell-nasdaqcbll-vp-sells-81168-00-in-stock.html,themarketsdaily.com,20260308T110000Z,Corporate,False,0.026,stock,,0,0.0,neutral,low
Siniša Mali o strategiji Srbije,https://www.nin.rs/politika/vesti/106406/sinisa-mali-o-strategiji-srbije,nin.rs,20260308T110000Z,Corporate,False,0.0,,,0,0.0,neutral,low
"Sezzle ( NASDAQ : SEZL ) SVP Sells $100 , 217 . 52 in Stock",https://www.themarketsdaily.com/2026/03/08/sezzle-nasdaqsezl-svp-sells-100217-52-in-stock.html,themarketsdaily.com,20260308T110000Z,Corporate,False,0.026,stock,,0,0.0,neutral,low
Procter & Gamble Company ( The ) $PG Shares Sold by CreativeOne Wealth LLC,https://www.themarketsdaily.com/2026/03/08/procter-gamble-company-the-pg-shares-sold-by-creativeone-wealth-llc.html,themarketsdaily.com,20260308T110000Z,Corporate,False,0.026,shares,,0,0.6597,positive,low
US Air Carriers Lean towards Premium Passengers,https://www.tourism-review.com/us-air-carriers-move-away-from-low-cost-services-news15347,tourism-review.com,20260308T110000Z,Corporate,False,0.0,,GE,1,0.0,neutral,low
"Insider Selling : Sezzle ( NASDAQ : SEZL ) CFO Sells $88 , 511 . 20 in Stock",https://www.themarketsdaily.com/2026/03/08/insider-selling-sezzle-nasdaqsezl-cfo-sells-88511-20-in-stock.html,themarketsdaily.com,20260308T110000Z,Corporate,False,0.026,stock,,0,0.0,neutral,low
Globe Life Inc . ( NYSE : GL ) Receives Consensus Recommendation of  Moderate Buy  from Analysts,https://www.dailypolitical.com/2026/03/08/globe-life-inc-nysegl-receives-consensus-recommendation-of-moderate-buy-from-analysts.html,dailypolitical.com,20260308T110000Z,Corporate,False,0.0,,,0,0.4648,positive,low
Broadcom Inc . $AVGO Shares Sold by CreativeOne Wealth LLC,https://www.themarketsdaily.com/2026/03/08/broadcom-inc-avgo-shares-sold-by-creativeone-wealth-llc.html,themarketsdaily.com,20260308T110000Z,Corporate,False,0.026,shares,,0,0.6597,positive,low
Dimensional Fund Advisors LP Has $231 . 59 Million Stake in ResMed Inc . $RMD,https://www.tickerreport.com/banking-finance/13371432/dimensional-fund-advisors-lp-has-231-59-million-stake-in-resmed-inc-rmd.html,tickerreport.com,20260308T103000Z,Corporate,False,0.0,,,0,0.0,neutral,low
"Matthew Kapusta Sells 14 , 581 Shares of uniQure ( NASDAQ : QURE ) Stock",https://www.tickerreport.com/banking-finance/13371441/matthew-kapusta-sells-14581-shares-of-uniqure-nasdaqqure-stock.html,tickerreport.com,20260308T103000Z,Corporate,True,0.051,"stock, shares",,0,0.296,positive,low
"Jim Cramer Talked About 11 Stocks : Uber , Robinhood , and More",https://www.insidermonkey.com/blog/jim-cramer-talked-about-11-stocks-uber-robinhood-and-more-1711355/,insidermonkey.com,20260308T103000Z,Corporate,False,0.026,stock,,0,0.0,neutral,low
"Dimensional Fund Advisors LP Sells 60 , 918 Shares of United Therapeutics Corporation $UTHR",https://www.tickerreport.com/banking-finance/13371431/dimensional-fund-advisors-lp-sells-60918-shares-of-united-therapeutics-corporation-uthr.html,tickerreport.com,20260308T103000Z,Corporate,False,0.026,shares,,0,0.6124,positive,low
TransMedics Stock Is Up 104 % Over the Last Year : Is It Too Late to Buy for 2026 ? ,https://www.fool.com/investing/2026/03/08/transmedics-stock-is-up-104-over-the-last-year-is/?source=iedfolrf0000001,fool.com,20260308T103000Z,Corporate,False,0.026,stock,,0,0.0,neutral,low
Joka neljäs startup - johtaja vuonna 2022 oli nainen,https://www.ess.fi/uutissuomalainen/9283029,ess.fi,20260308T103000Z,Corporate,False,0.0,,,0,0.0,neutral,low
Heritage Insurance ( HRTG ) to Release Earnings on Monday,https://www.themarketsdaily.com/2026/03/08/heritage-insurance-hrtg-to-release-earnings-on-monday.html,themarketsdaily.com,20260308T090000Z,Corporate,False,0.026,earnings,GE,1,0.0,neutral,low
Marvell Technology ( MRVL ) Rockets 18 % on Billion - Dollar Profitability,https://finance.yahoo.com/news/marvell-technology-mrvl-rockets-18-063326248.html,finance.yahoo.com,20260308T090000Z,Corporate,False,0.026,profit,DIS,1,0.2732,positive,low
Paramount Beat Netflix in the Battle for Warner Bros . Here Who Really Won,https://www.fool.com/investing/2026/03/08/paramount-beat-netflix-in-the-battle-for-warner-br/?source=iedfolrf0000001,fool.com,20260308T084500Z,Corporate,False,0.0,,NFLX,1,0.3384,positive,low
Lyell Immunopharma ( LYEL ) to Release Earnings on Tuesday,https://www.dailypolitical.com/2026/03/07/lyell-immunopharma-lyel-to-release-earnings-on-tuesday.html,dailypolitical.com,20260308T084500Z,Corporate,False,0.026,earnings,,0,0.0,neutral,low
"Rivian Automotive , Inc . ( NASDAQ : RIVN ) Receives $17 . 86 Average PT from Analysts",https://www.dailypolitical.com/2026/03/07/rivian-automotive-inc-nasdaqrivn-receives-17-86-average-pt-from-analysts.html,dailypolitical.com,20260308T084500Z,Corporate,False,0.0,,GE,1,-0.3818,negative,low
Weatherford International ( NASDAQ : WFRD ) Upgraded by Wall Street Zen to Strong - Buy Rating,https://www.defenseworld.net/2026/03/08/weatherford-international-nasdaqwfrd-upgraded-by-wall-street-zen-to-strong-buy-rating.html,defenseworld.net,20260308T080000Z,Corporate,False,0.026,wall street,,0,0.5106,positive,low
Joka neljäs startup - johtaja vuonna 2022 oli nainen,https://www.sss.fi/2026/03/joka-neljas-startup-johtaja-vuonna-2022-oli-nainen/,sss.fi,20260308T080000Z,Corporate,False,0.0,,,0,0.0,neutral,low
London - listed Howden Joinery expansion plans could pose challenges for homegrown Chadwicks and Woodie ,https://www.independent.ie/business/irish/london-listed-howden-joinery-expansion-plans-could-pose-challenges-for-homegrown-chadwicks-and-woodies/a1706335937.html,independent.ie,20260308T073000Z,Corporate,False,0.026,expansion,GE,1,0.0772,positive,low
"MU , LRCX , AMAT , GEV All Added to the S & P 100 As AI Stocks Gain Influence",https://finance.yahoo.com/news/mu-lrcx-amat-gev-added-230550914.html,finance.yahoo.com,20260308T073000Z,Corporate,False,0.026,stock,"GE, TSLA",2,0.5267,positive,low
"HAL , BEL , BDL , Zen Technologies to GRSE : Is defence the new IT for the Indian stock market ? ",https://www.livemint.com/market/stock-market-news/hal-bel-bdl-zen-technologies-to-grse-is-defence-the-new-it-for-the-indian-stock-market-11772938435253.html,livemint.com,20260308T070000Z,Corporate,True,0.051,"stock, market",,0,0.1027,positive,low
"Lumentum , Coherent , and Vertiv Added to the S & P 500 As AI Stocks Dominate Rebalancing",https://finance.yahoo.com/news/lumentum-coherent-vertiv-added-p-225126453.html,finance.yahoo.com,20260308T070000Z,Corporate,False,0.026,stock,,0,-0.128,negative,low
"9 Stocks on Jim Cramer Game Plan : Oracle , AeroVironment , and More",https://www.insidermonkey.com/blog/9-stocks-on-jim-cramers-game-plan-oracle-aerovironment-and-more-1711452/,insidermonkey.com,20260308T070000Z,Corporate,False,0.026,stock,ORCL,1,0.0,neutral,low
Burlington Stores Q4 Earnings Call Highlights,https://www.themarketsdaily.com/2026/03/08/burlington-stores-q4-earnings-call-highlights.html,themarketsdaily.com,20260308T064500Z,Corporate,False,0.026,earnings,,0,0.0,neutral,low
Critical Review : Voyager Technologies ( NYSE : VOYG ) versus YSS ( NYSE : YSS ) ,https://www.themarketsdaily.com/2026/03/08/critical-review-voyager-technologies-nysevoyg-versus-yss-nyseyss.html,themarketsdaily.com,20260308T064500Z,Corporate,False,0.0,,"GE, TSLA",2,-0.3182,negative,low
Grove Collaborative Q4 Earnings Call Highlights,https://www.themarketsdaily.com/2026/03/08/grove-collaborative-q4-earnings-call-highlights.html,themarketsdaily.com,20260308T064500Z,Corporate,False,0.026,earnings,,0,0.0,neutral,low
Eksportvirksomhed i Rønne fastholder indtjening over 15 mio . kr .: Stabil bundlinje hos Hasle Refractories » Bornholm . nu,https://bornholm.nu/?Id=136285,bornholm.nu,20260308T063000Z,Corporate,False,0.0,,,0,0.0,neutral,low
Weekly review - Sharecast . com,https://www.sharecast.com/news/weekly-review/weekly-review--21957456.html,sharecast.com,20260308T053000Z,Corporate,False,0.0,,TSLA,1,0.0,neutral,low
The Top 5 AI Stocks to Buy in March,https://finance.yahoo.com/news/top-5-ai-stocks-buy-211739725.html,finance.yahoo.com,20260308T050000Z,Corporate,False,0.026,stock,,0,0.2023,positive,low
Joka neljäs startup - johtaja vuonna 2022 oli nainen,https://www.ksml.fi/uutissuomalainen/9283029,ksml.fi,20260308T044500Z,Corporate,False,0.0,,,0,0.0,neutral,low
10 Stocks Investors Are Watching Closely This Week,https://www.insidermonkey.com/blog/10-stocks-investors-are-watching-closely-this-week-1711585/,insidermonkey.com,20260308T034500Z,Corporate,True,0.051,"stock, investor",,0,0.0,neutral,low
How IPG Photonics Stock Gained 42 % Last Month,https://finance.yahoo.com/news/ipg-photonics-stock-gained-42-203302319.html,finance.yahoo.com,20260308T031500Z,Corporate,False,0.026,stock,,0,0.3818,positive,low
Jim Cramer Call on Marvell :  $1 Billion More in Sales Than Anyone Thought  ,https://finance.yahoo.com/news/jim-cramer-call-marvell-1-201203017.html,finance.yahoo.com,20260308T030000Z,Corporate,False,0.0,,DIS,1,0.0,neutral,low
"GEXIM identifies high - impact sectors to drive industrialisation , boost export trade",http://businessghana.com/site/news/general/344647/GEXIM-identifies-high-impact-sectors,businessghana.com,20260308T030000Z,Corporate,False,0.0,,GE,1,0.4019,positive,low
"Airbus results : Commercial aircraft environment robust , backlog underpins ramp - up plans",https://eturbonews.com/airbus-results-commercial-aircraft-environment-robust-backlog-underpins-ramp-up-plans/,eturbonews.com,20260308T030000Z,Corporate,False,0.0,,,0,0.34,positive,low
In charts : The final report card of Buffett era and Greg Abel challenges,https://www.livemint.com/companies/news/warren-buffett-final-report-card-greg-abel-challenges-berkshire-hathaway-11772804453762.html,livemint.com,20260308T024500Z,Corporate,False,0.0,,GE,1,0.0772,positive,low
Media Mogul Byron Allen Acquires Major Stake in Starz For $25M,https://www.blackenterprise.com/byron-allen-acquires-stake-starz-25m/,blackenterprise.com,20260308T024500Z,Corporate,False,0.0,,,0,0.0,neutral,low
What Next for Fonterra After the Mainland Sale,https://www.dairyreporter.com/Article/2026/03/07/whats-next-for-fonterra-after-the-mainland-sale/,dairyreporter.com,20260308T024500Z,Corporate,False,0.0,,,0,0.0,neutral,low
Buybacks and director filings surge following heavy earnings season,https://www.businesstimes.com.sg/companies-markets/buybacks-and-director-filings-surge-following-heavy-earnings-season,businesstimes.com.sg,20260308T024500Z,Corporate,True,0.051,"earnings, buyback",GE,1,0.0,neutral,low
PJM Market Monitor Opposes Maryland Coal Plant Sale To Data Center Company,https://www.zerohedge.com/energy/pjm-market-monitor-opposes-maryland-coal-plant-sale-data-center-company,zerohedge.com,20260308T023000Z,Corporate,False,0.026,market,,0,0.0,neutral,low
Information Services Group Q4 Earnings Call Highlights,https://finance.yahoo.com/news/information-services-group-q4-earnings-190840125.html,finance.yahoo.com,20260308T020000Z,Corporate,False,0.026,earnings,,0,0.0,neutral,low
Here My Top 2 Dividend Stocks to Buy in March,https://www.fool.com/investing/2026/03/07/heres-my-top-2-dividend-stocks-to-buy-in-march/?source=iedfolrf0000001,fool.com,20260308T020000Z,Corporate,True,0.051,"stock, dividend",,0,0.2023,positive,low
Information Services Group Inc ( III ) Q4 2025 Earnings Call Highlights : Strong Revenue Growth ... ,https://finance.yahoo.com/news/information-services-group-inc-iii-010038348.html,finance.yahoo.com,20260308T013000Z,Corporate,True,0.077,"earnings, revenue, growth",TSLA,1,0.7096,positive,low
Alpargatas SA ( BSP : ALPA3 ) Q4 2025 Earnings Call Highlights : Strategic Growth and Operational ... ,https://finance.yahoo.com/news/alpargatas-sa-bsp-alpa3-q4-010018543.html,finance.yahoo.com,20260308T013000Z,Corporate,True,0.051,"earnings, growth",,0,0.3818,positive,low
The soul - searching decision to take SCE compensation for Eaton fire,https://www.mercurynews.com/2026/03/07/we-stepped-out-on-faith-for-eaton-fire-survivors-the-soul-searching-decision-to-take-sces-compensation-money/,mercurynews.com,20260308T000000Z,Corporate,False,0.0,,,0,-0.34,negative,low
Why does a German media giant want to own The Telegraph ? ,https://www.thetimes.com/business/companies-markets/article/why-axel-springer-buying-telegraph-sold-dmqj58csn,thetimes.com,20260307T231500Z,Corporate,False,0.0,,GE,1,0.0772,positive,low
Media Mogul Byron Allen Acquires Major Stake In Starz For $25M,https://finance.yahoo.com/news/media-mogul-byron-allen-acquires-220000422.html,finance.yahoo.com,20260307T231500Z,Corporate,False,0.0,,,0,0.0,neutral,low
"Obasogie Cleared Of Match - fixing , Gambling Allegation In Tanzania",https://dailytrust.com/obasogie-cleared-of-match-fixing-gambling-allegation-in-tanzania/,dailytrust.com,20260307T230000Z,Corporate,False,0.0,,,0,0.1027,positive,low
"Beyond Meat rebrands , dropping meat from their name",https://www.reviewjournal.com/news/beyond-meat-rebrands-citing-misinformation-campaign-3716419/,reviewjournal.com,20260307T224500Z,Corporate,False,0.0,,,0,0.0,neutral,low
Here My Top 2 Dividend Stocks to Buy in March,https://finance.yahoo.com/news/heres-top-2-dividend-stocks-221100378.html,finance.yahoo.com,20260307T224500Z,Corporate,True,0.051,"stock, dividend",,0,0.2023,positive,low
3 Dividend Stocks With Monster Yields Are Already Up 50 % in 2026,https://finance.yahoo.com/news/3-dividend-stocks-monster-yields-203647985.html,finance.yahoo.com,20260307T213000Z,Corporate,True,0.051,"stock, dividend",,0,0.0,neutral,low
Could Plug Power Stock Be a 10x Investment and Eventually a Cash - Flowing Income Play ? ,https://www.fool.com/investing/2026/03/07/could-plug-power-stock-be-10x-investment-income/?source=iedfolrf0000001,fool.com,20260307T213000Z,Corporate,False,0.026,stock,TSLA,1,0.34,positive,low
Prediction : This Will Be Alphabet Stock Price in 5 Years,https://www.fool.com/investing/2026/03/07/prediction-this-will-be-alphabets-stock-price-in-5/?source=iedfolrf0000001,fool.com,20260307T213000Z,Corporate,False,0.026,stock,GOOGL,1,0.0,neutral,low
"Paramount Gets Warner Bros . Discovery , but Netflix Comes Out a Winner",https://www.fool.com/investing/2026/03/07/paramount-gets-warner-bros-discovery-but-netflix-c/?source=iedfolrf0000001,fool.com,20260307T213000Z,Corporate,False,0.0,,"GE, NFLX",2,0.7351,positive,low
"Paramount Gets Warner Bros . Discovery , but Netflix Comes Out a Winner",https://finance.yahoo.com/news/paramount-gets-warner-bros-discovery-204100754.html,finance.yahoo.com,20260307T211500Z,Corporate,False,0.0,,"GE, NFLX",2,0.7351,positive,low
Could Plug Power Stock Be a 10x Investment and Eventually a Cash - Flowing Income Play ? ,https://finance.yahoo.com/news/could-plug-power-stock-10x-203400389.html,finance.yahoo.com,20260307T210000Z,Corporate,False,0.026,stock,TSLA,1,0.34,positive,low
3 Dividend Stocks With Monster Yields Are Already Up 50 % in 2026,https://247wallst.com/investing/2026/03/07/3-dividend-stocks-with-monster-yields-are-already-up-50-in-2026/,247wallst.com,20260307T210000Z,Corporate,True,0.051,"stock, dividend",,0,0.0,neutral,low
"What happened in the rail industry this week ? March 6 , 2026",https://www.trains.com/pro/freight/class-i/what-happened-in-the-rail-industry-this-week-march-6-2026/,trains.com,20260307T204500Z,Corporate,False,0.0,,,0,0.0,neutral,low
Marvell Technology ( NASDAQ : MRVL ) Rating Increased to Buy at Bank of America,https://www.themarketsdaily.com/2026/03/07/marvell-technology-nasdaqmrvl-rating-increased-to-buy-at-bank-of-america.html,themarketsdaily.com,20260307T204500Z,Corporate,False,0.0,,"DIS, BAC",2,0.2732,positive,low
Mark Zuckerberg Visited A Temple In India On Steve Job Advice Here What It Taught Him About People And Business,https://www.benzinga.com/markets/tech/26/03/51116102/mark-zuckerberg-visited-a-temple-in-india-on-steve-jobs-advice-heres-what-it-taught-him-about-people-and-business,benzinga.com,20260307T201500Z,Corporate,False,0.0,,"META, TSLA",2,0.0,neutral,low
Mark Zuckerberg Visited A Temple In India On Steve Job Advice Here What It Taught Him About People And Business,https://www.benzinga.com/markets/tech/26/03/51116102/mark-zuckerberg-visited-a-temple-in-india-on-steve-jobs-advice-heres-what-it-taught-him-about-people,benzinga.com,20260307T201500Z,Corporate,False,0.0,,"META, TSLA",2,0.0,neutral,low
4 Berkshire Hathaway Stocks That New CEO Greg Abel  Expect Will Compound Over Decades  ,https://www.fool.com/investing/2026/03/07/berkshire-hathaway-stocks-new-ceo-greg-abel-letter/,fool.com,20260307T200000Z,Corporate,False,0.026,stock,,0,0.0,neutral,low
Prediction : This Will Be Alphabet Stock Price in 5 Years,https://www.fool.com/investing/2026/03/07/prediction-this-will-be-alphabets-stock-price-in-5/,fool.com,20260307T200000Z,Corporate,False,0.026,stock,GOOGL,1,0.0,neutral,low
Peter Thiel warned AI is coming for  math people before word people . Banks see smaller payrolls,https://fortune.com/2026/03/07/peter-thiel-ai-math-vs-word-skills-banks-smaller-headcounts/,fortune.com,20260307T200000Z,Corporate,False,0.0,,,0,-0.2732,negative,low
Oppenheimer Issues Positive Forecast for Caterpillar ( NYSE : CAT ) Stock Price,https://www.themarketsdaily.com/2026/03/07/oppenheimer-issues-positive-forecast-for-caterpillar-nysecat-stock-price.html,themarketsdaily.com,20260307T191500Z,Corporate,False,0.026,stock,CAT,1,0.5574,positive,low
JPMorgan Chase & Co . ( NYSE : JPM ) Price Target Raised to $290 . 00,https://www.tickerreport.com/banking-finance/13371249/jpmorgan-chase-co-nysejpm-price-target-raised-to-290-00.html,tickerreport.com,20260307T191500Z,Corporate,False,0.0,,"JPM, GE, TGT",3,0.0,neutral,low
Latest Articles,https://freerepublic.com/tag/*/index?more=4369711,freerepublic.com,20260307T191500Z,Corporate,False,0.0,,,0,0.0,neutral,low
"Before Retiring , Warren Buffett Dumped $4 . 5 Billion Worth of 2 AI Stocks and Established a New Position in This 174 - Year - Old Company",https://finance.yahoo.com/news/retiring-warren-buffett-dumped-4-183500067.html,finance.yahoo.com,20260307T191500Z,Corporate,False,0.026,stock,,0,-0.2023,negative,low
Polymarket Founder Says War Bets Are Facing Growing Resistance,https://finance.yahoo.com/news/polymarket-founder-says-war-bets-174021853.html,finance.yahoo.com,20260307T190000Z,Corporate,False,0.026,market,,0,-0.4939,negative,low
Marvell Technology ( NASDAQ : MRVL ) Price Target Raised to $118 . 00 at Citigroup,https://www.dailypolitical.com/2026/03/07/marvell-technology-nasdaqmrvl-price-target-raised-to-118-00-at-citigroup.html,dailypolitical.com,20260307T190000Z,Corporate,False,0.0,,"DIS, GE, C, TGT",4,0.0,neutral,low
"  We stepped out on faith : For Eaton fire survivors , the soul - searching decision to take SCE compensation money – Press Telegram",https://www.presstelegram.com/2026/03/07/we-stepped-out-on-faith-for-eaton-fire-survivors-the-soul-searching-decision-to-take-sces-compensation-money/,presstelegram.com,20260307T190000Z,Corporate,False,0.0,,,0,0.1027,positive,low
Sanford C . Bernstein Reiterates  Buy  Rating for NIKE ( NYSE : NKE ) ,https://www.dailypolitical.com/2026/03/07/sanford-c-bernstein-reiterates-buy-rating-for-nike-nysenke.html,dailypolitical.com,20260307T183000Z,Corporate,False,0.0,,NKE,1,0.0,neutral,low
BTIG Research Issues Positive Forecast for Guidewire Software ( NYSE : GWRE ) Stock Price,https://www.dailypolitical.com/2026/03/07/btig-research-issues-positive-forecast-for-guidewire-software-nysegwre-stock-price.html,dailypolitical.com,20260307T183000Z,Corporate,False,0.026,stock,,0,0.5574,positive,low
Popular fast food chain warns of more closures in 2026,https://finance.yahoo.com/news/popular-fast-food-chain-warns-174700996.html,finance.yahoo.com,20260307T183000Z,Corporate,False,0.0,,,0,0.34,positive,low
Pomerantz LLP Announces Commencement of Class Action Litigation Against ... ,https://www.pr-inside.com/pomerantz-llp-announces-commencement-of-class-action-litigation-against-r5172343.htm,pr-inside.com,20260307T183000Z,Corporate,False,0.0,,,0,-0.2023,negative,low
"  We stepped out on faith : For Eaton fire survivors , the soul - searching decision to take SCE compensation money – San Gabriel Valley Tribune",https://www.sgvtribune.com/2026/03/07/we-stepped-out-on-faith-for-eaton-fire-survivors-the-soul-searching-decision-to-take-sces-compensation-money/,sgvtribune.com,20260307T181500Z,Corporate,False,0.0,,,0,0.1027,positive,low
"irb infrastructure share could rally promoter buying check target price is below 70 rs ₹69 तक जा सकता है यह इंफ्रा शेयर , तीन साल में कर्ज फ्री होने का है प्लान , Business Hindi News",https://www.livehindustan.com/business/irb-infrastructure-share-could-rally-promoter-buying-check-target-price-is-below-70-rs-201772896926997.html,livehindustan.com,20260307T180000Z,Corporate,False,0.0,,"GE, TGT",2,0.296,positive,low
Ciena ( NYSE : CIEN ) Given New $283 . 00 Price Target at B . Riley Financial,https://www.tickerreport.com/banking-finance/13371222/ciena-nysecien-given-new-283-00-price-target-at-b-riley-financial.html,tickerreport.com,20260307T180000Z,Corporate,False,0.0,,"GE, TGT",2,0.0,neutral,low
The Trade Desk vs . AppLovin : Which AI - Powered Adtech Stock Is the Better Buy ? ,https://www.fool.com/investing/2026/03/07/trade-desk-applovin-ai-powered-adtech-stock-buy/?source=iedfolrf0000001,fool.com,20260307T180000Z,Corporate,False,0.026,stock,,0,0.4404,positive,low
Glj Research Begins Coverage on Solaris Energy Infrastructure ( NYSE : SEI ) ,https://www.dailypolitical.com/2026/03/07/glj-research-begins-coverage-on-solaris-energy-infrastructure-nysesei.html,dailypolitical.com,20260307T180000Z,Corporate,False,0.0,,GE,1,0.2732,positive,low
JPMorgan Chase & Co . Issues Positive Forecast for Marvell Technology ( NASDAQ : MRVL ) Stock Price,https://www.dailypolitical.com/2026/03/07/jpmorgan-chase-co-issues-positive-forecast-for-marvell-technology-nasdaqmrvl-stock-price.html,dailypolitical.com,20260307T180000Z,Corporate,False,0.026,stock,"DIS, JPM",2,0.5574,positive,low
This Glorious Growth Stock Is Down 60 %. Here Why You Should Buy It Hand Over Fist . ,https://www.fool.com/investing/2026/03/07/this-glorious-growth-stock-is-down-60-heres-why-yo/?source=iedfolrf0000001,fool.com,20260307T180000Z,Corporate,True,0.051,"stock, growth",,0,0.875,positive,low
The Trade Desk vs . AppLovin : Which AI - Powered Adtech Stock Is the Better Buy ? ,https://finance.yahoo.com/news/trade-desk-vs-applovin-ai-165600858.html,finance.yahoo.com,20260307T173000Z,Corporate,False,0.026,stock,,0,0.4404,positive,low
Adobe ( NASDAQ : ADBE ) Price Target Cut to $315 . 00 by Analysts at Citigroup,https://www.tickerreport.com/banking-finance/13371200/adobe-nasdaqadbe-price-target-cut-to-315-00-by-analysts-at-citigroup.html,tickerreport.com,20260307T173000Z,Corporate,False,0.0,,"GE, C, TGT",3,-0.2732,negative,low
The Trade Desk vs . AppLovin : Which AI - Powered Adtech Stock Is the Better Buy ? ,https://www.fool.com/investing/2026/03/07/trade-desk-applovin-ai-powered-adtech-stock-buy/,fool.com,20260307T170000Z,Corporate,False,0.026,stock,,0,0.4404,positive,low
"Schrodinger ( NASDAQ : SDGR ) Insider Robert Lorne Abel Sells 1 , 300 Shares",https://www.tickerreport.com/banking-finance/13371184/schrodinger-nasdaqsdgr-insider-robert-lorne-abel-sells-1300-shares.html,tickerreport.com,20260307T164500Z,Corporate,False,0.026,shares,GE,1,0.296,positive,low
"Analysts Set Veracyte , Inc . ( NASDAQ : VCYT ) Target Price at $46 . 71",https://www.dailypolitical.com/2026/03/07/analysts-set-veracyte-inc-nasdaqvcyt-target-price-at-46-71.html,dailypolitical.com,20260307T164500Z,Corporate,False,0.0,,"GE, TGT",2,0.0,neutral,low
"Nuveen Churchill Direct Lending ( NYSE : NCDL ) Director Mat Linett Acquires 2 , 000 Shares",https://www.tickerreport.com/banking-finance/13371181/nuveen-churchill-direct-lending-nysencdl-director-mat-linett-acquires-2000-shares.html,tickerreport.com,20260307T164500Z,Corporate,False,0.026,shares,,0,0.296,positive,low
Nutex Health Q4 Earnings Call Highlights,https://www.dailypolitical.com/2026/03/07/nutex-health-q4-earnings-call-highlights.html,dailypolitical.com,20260307T163000Z,Corporate,False,0.026,earnings,,0,0.0,neutral,low
"E . W . Scripps ( NASDAQ : SSP ) Major Shareholder Elizabeth Scripps Purchases 2 , 324 Shares of Stock",https://www.dailypolitical.com/2026/03/07/e-w-scripps-nasdaqssp-major-shareholder-elizabeth-scripps-purchases-2324-shares-of-stock.html,dailypolitical.com,20260307T163000Z,Corporate,True,0.077,"stock, shares, shareholder",JPM,1,0.296,positive,low
Paramount says its Warner Bros . deal can work without big layoffs . Hollywood isnt buying it . ,https://www.morningstar.com/news/marketwatch/20260307165/paramount-says-its-warner-bros-deal-can-work-without-big-layoffs-hollywood-isnt-buying-it,morningstar.com,20260307T163000Z,Corporate,False,0.026,layoff,,0,0.0,neutral,low
"E . W . Scripps ( NASDAQ : SSP ) Major Shareholder Corina Granado Acquires 60 , 266 Shares of Stock",https://www.tickerreport.com/banking-finance/13371160/e-w-scripps-nasdaqssp-major-shareholder-corina-granado-acquires-60266-shares-of-stock.html,tickerreport.com,20260307T163000Z,Corporate,True,0.077,"stock, shares, shareholder",,0,0.296,positive,low
Netflix ( NASDAQ : NFLX ) Given New $125 . 00 Price Target at Bank of America,https://www.tickerreport.com/banking-finance/13371171/netflix-nasdaqnflx-given-new-125-00-price-target-at-bank-of-america.html,tickerreport.com,20260307T163000Z,Corporate,False,0.0,,"GE, NFLX, TGT, BAC",4,0.0,neutral,low
Netflix ( NASDAQ : NFLX ) Upgraded to Buy at Cfra,https://www.dailypolitical.com/2026/03/07/netflix-nasdaqnflx-upgraded-to-buy-at-cfra.html,dailypolitical.com,20260307T163000Z,Corporate,False,0.0,,NFLX,1,0.0,neutral,low
Bowman Consulting Group ( NASDAQ : BWMN ) Price Target Cut to $37 . 00 by Analysts at Robert W . Baird,https://www.tickerreport.com/banking-finance/13371158/bowman-consulting-group-nasdaqbwmn-price-target-cut-to-37-00-by-analysts-at-robert-w-baird.html,tickerreport.com,20260307T163000Z,Corporate,False,0.0,,"GE, TGT",2,-0.2732,negative,low
"Could Tesla Stock Be Worth $2 , 000 in 2030 ? ",https://finance.yahoo.com/news/could-tesla-stock-worth-2-150500687.html,finance.yahoo.com,20260307T154500Z,Corporate,False,0.026,stock,TSLA,1,0.2263,positive,low
UBS Group Has Lowered Expectations for Okta ( NASDAQ : OKTA ) Stock Price,https://www.dailypolitical.com/2026/03/07/ubs-group-has-lowered-expectations-for-okta-nasdaqokta-stock-price.html,dailypolitical.com,20260307T151500Z,Corporate,False,0.026,stock,,0,-0.128,negative,low
Palantir Technologies Stock Climbs 3 % to $157 Amid Geopolitical Tensions and Strong AI Demand,https://www.ibtimes.com.au/palantir-technologies-stock-climbs-3-157-amid-geopolitical-tensions-strong-ai-demand-1862944,ibtimes.com.au,20260307T150000Z,Corporate,False,0.026,stock,GE,1,0.0258,neutral,low
  Veštačka inteligencija dovodi do otpuštanja radnika i slabi javne finansije : Kakvi su planovi Srbije u ovoj oblasti do 2035 . godine ? - Ekonomija,https://www.danas.rs/vesti/ekonomija/vestacka-inteligencija-dovodi-do-otpustanja-radnika-kakvi-su-planovi-srbije-u-ovoj-oblasti-do-2035-godine/,danas.rs,20260307T140000Z,Corporate,False,0.0,,"GE, INTC",2,0.0,neutral,low
"Integrity Advisory Solutions LLC Invests $482 , 000 in Alphabet Inc . $GOOG",https://www.themarketsdaily.com/2026/03/07/integrity-advisory-solutions-llc-invests-482000-in-alphabet-inc-goog.html,themarketsdaily.com,20260307T134500Z,Corporate,False,0.0,,GOOGL,1,0.5106,positive,low
"Kenneth Miranda Purchases 3 , 000 Shares of Nuveen Churchill Direct Lending ( NYSE : NCDL ) Stock",https://www.themarketsdaily.com/2026/03/07/kenneth-miranda-purchases-3000-shares-of-nuveen-churchill-direct-lending-nysencdl-stock.html,themarketsdaily.com,20260307T134500Z,Corporate,True,0.051,"stock, shares",JPM,1,0.296,positive,low
Deadline,https://deadline.com/print-article/1236744715/,deadline.com,20260307T121500Z,Corporate,False,0.0,,,0,0.0,neutral,low
"Wall Street Isnt Quite Getting the Market Hottest Trade , Josh Brown Says",https://www.businessinsider.com/stock-market-rotation-halo-trade-wall-street-tech-energy-ai-2026-3,businessinsider.com,20260307T121500Z,Corporate,True,0.051,"market, wall street",GE,1,0.0,neutral,low
Top 3 Health Care Stocks That Could Lead To Your Biggest Gains In Q1,https://finance.yahoo.com/news/top-3-health-care-stocks-114602929.html,finance.yahoo.com,20260307T121500Z,Corporate,False,0.026,stock,GE,1,0.7506,positive,low
Social Security Benefits Predicted to Run Out Earlier Than Expected : Report,https://www.newsweek.com/social-security-benefits-predicted-to-run-out-earlier-than-expected-report-11637675,newsweek.com,20260307T121500Z,Corporate,False,0.0,,,0,0.6124,positive,low
"Terry Smith , the  English Warren Buffett , Says This Trend Is Pushing the Stock Market Toward  a Major Investment Disaster  ",https://www.fool.com/investing/2026/03/07/terry-smith-english-warren-buffett-trend-market/,fool.com,20260307T121500Z,Corporate,True,0.051,"stock, market",,0,-0.6573,negative,low
Worlds of Fun in Kansas City to be sold as part of $342 million multipark deal,https://www.kcur.org/housing-development-section/2026-03-07/worlds-of-fun-in-kansas-city-to-be-sold-as-part-of-342-million-multipark-deal,kcur.org,20260307T120000Z,Corporate,False,0.0,,,0,0.5106,positive,low
Ginny and Georgia season 4 gets the big update weve all been waiting for,https://netflixlife.com/ginny-and-georgia-season-4-gets-big-update-weve-all-been-waiting-for,netflixlife.com,20260307T120000Z,Corporate,False,0.0,,"GE, TSLA",2,0.0,neutral,low
"Higher sales , same headcount : How AI is transforming work at Canada biggest companies",https://www.theglobeandmail.com/business/article-ai-artificial-intelligence-canadian-companies-work/,theglobeandmail.com,20260307T120000Z,Corporate,False,0.0,,GE,1,0.0,neutral,low
Best 2 Blue Chip Stocks to Buy After Last Week Market Pullback,https://finance.yahoo.com/news/best-2-blue-chip-stocks-111500085.html,finance.yahoo.com,20260307T114500Z,Corporate,True,0.051,"stock, market",,0,0.6369,positive,low
"Orion Porfolio Solutions LLC Acquires 28 , 435 Shares of The Kroger Co . $KR",https://www.dailypolitical.com/2026/03/07/orion-porfolio-solutions-llc-acquires-28435-shares-of-the-kroger-co-kr.html,dailypolitical.com,20260307T114500Z,Corporate,False,0.026,shares,GE,1,0.4404,positive,low
"Orion Porfolio Solutions LLC Sells 7 , 727 Shares of Thermo Fisher Scientific Inc . $TMO",https://www.dailypolitical.com/2026/03/07/orion-porfolio-solutions-llc-sells-7727-shares-of-thermo-fisher-scientific-inc-tmo.html,dailypolitical.com,20260307T114500Z,Corporate,False,0.026,shares,TMO,1,0.4404,positive,low
Pitcairn Co . Has $1 . 81 Million Position in Chevron Corporation $CVX,https://www.dailypolitical.com/2026/03/07/pitcairn-co-has-1-81-million-position-in-chevron-corporation-cvx.html,dailypolitical.com,20260307T114500Z,Corporate,False,0.0,,"CVX, TSLA",2,0.0,neutral,low
ITT Inc . $ITT Shares Sold by Gabelli Funds LLC,https://www.tickerreport.com/banking-finance/13370581/itt-inc-itt-shares-sold-by-gabelli-funds-llc.html,tickerreport.com,20260307T113000Z,Corporate,False,0.026,shares,,0,0.296,positive,low
Banijay - All3Media - RedBird IMI Analysis : Mixed Moods Over Mega - Merger,https://deadline.com/2026/03/banijay-all3media-redbird-analysis-mixed-moods-over-merger-1236744715/,deadline.com,20260307T113000Z,Corporate,False,0.026,merger,"GE, MMM",2,0.0,neutral,low
"Picton Mahoney Asset Management Makes New Investment in Lowe Companies , Inc . $LOW",https://www.tickerreport.com/banking-finance/13370576/picton-mahoney-asset-management-makes-new-investment-in-lowes-companies-inc-low.html,tickerreport.com,20260307T113000Z,Corporate,False,0.0,,GE,1,0.0431,neutral,low
"Is Tesla Stock Going to $1 , 000 ? | The Motley Fool",https://www.fool.com/investing/2026/03/07/is-tesla-stock-going-to-1000/?source=iedfolrf0000001,fool.com,20260307T113000Z,Corporate,False,0.026,stock,TSLA,1,-0.4404,negative,low
Global economy faces widening strains as West Asia war intensifies,https://www.thehindubusinessline.com/news/world/global-economy-faces-widening-strains-as-west-asia-war-intensifies/article70715498.ece,thehindubusinessline.com,20260307T113000Z,Corporate,False,0.026,economy,,0,-0.7269,negative,low
Reshma Kewalramani : Who is Reshma Kewalramani ? Mumbai - born CEO behind a ₹11 lakh crore biotech empire and TIME 2026 Woman of the Year,https://timesofindia.indiatimes.com/etimes/trending/who-is-reshma-kewalramani-mumbai-born-ceo-behind-a-11-lakh-crore-biotech-empire-and-times-2026-woman-of-the-year/articleshow/129206866.cms,timesofindia.indiatimes.com,20260307T111500Z,Corporate,False,0.0,,,0,0.0,neutral,low
Online betting apps snoop in India : Nithin Kamath warns about these offshore apps and calls for tougher action against them,https://economictimes.indiatimes.com/wealth/save/online-betting-apps-snoop-in-india-nithin-kamath-warns-about-these-offshore-apps-and-calls-for-tougher-action-against-them/articleshow/129208469.cms,economictimes.indiatimes.com,20260307T110000Z,Corporate,False,0.0,,,0,0.0772,positive,low
How The KeyCorp ( KEY ) Narrative Is Shifting As Bulls And Bears Reassess Upside Potential,https://finance.yahoo.com/news/keycorp-key-narrative-shifting-bulls-100915797.html,finance.yahoo.com,20260307T104500Z,Corporate,False,0.0,,,0,0.0,neutral,low
Comparing Voyager Technologies ( NYSE : VOYG ) and YSS ( NYSE : YSS ) ,https://www.dailypolitical.com/2026/03/07/comparing-voyager-technologies-nysevoyg-and-yss-nyseyss.html,dailypolitical.com,20260307T100000Z,Corporate,False,0.0,,GE,1,0.0,neutral,low
Lionsgate Studios Corp . ( LION ) Surges to Two - Year High Amid Strong Franchise Momentum and Library Growth,https://www.ibtimes.com.au/lionsgate-studios-corp-lion-surges-two-year-high-amid-strong-franchise-momentum-library-growth-1862924,ibtimes.com.au,20260307T094500Z,Corporate,False,0.026,growth,"AAPL, GE",2,0.7096,positive,low
"Elo Mutual Pension Insurance Co Makes New Investment in Warner Bros . Discovery , Inc . $WBD",https://www.defenseworld.net/2026/03/07/elo-mutual-pension-insurance-co-makes-new-investment-in-warner-bros-discovery-inc-wbd.html,defenseworld.net,20260307T091500Z,Corporate,False,0.0,,,0,0.0,neutral,low
A winning blue - chip fund flips the script on the AI trade,https://www.livemint.com/market/stock-market-news/a-winning-blue-chip-fund-flips-the-script-on-the-ai-trade-11772870577790.html,livemint.com,20260307T091500Z,Corporate,False,0.0,,,0,0.5267,positive,low
Park - Ohio Q4 Earnings Call Highlights,https://finance.yahoo.com/news/park-ohio-q4-earnings-call-040559041.html,finance.yahoo.com,20260307T084500Z,Corporate,False,0.026,earnings,,0,0.0,neutral,low
Grocery Outlets in Pocatello and Idaho Falls to close - LocalNews8 . com,https://localnews8.com/news/2026/03/06/grocery-outlets-in-pocatello-and-idaho-falls-to-close/,localnews8.com,20260307T084500Z,Corporate,False,0.0,,,0,0.0,neutral,low
Pattern Group Q4 Earnings Call Highlights,https://finance.yahoo.com/news/pattern-group-q4-earnings-call-040600861.html,finance.yahoo.com,20260307T084500Z,Corporate,False,0.026,earnings,,0,0.0,neutral,low
These Analysts Revise Their Forecasts On Samsara Following Upbeat Q4 Earnings - Samsara ( NYSE : IOT ) ,https://www.benzinga.com/analyst-stock-ratings/price-target/26/03/51115127/these-analysts-revise-their-forecasts-on-samsara-following-upbeat-q4-earnings,benzinga.com,20260307T081500Z,Corporate,False,0.026,earnings,TSLA,1,0.0,neutral,low
DA Davidson Reduces Best Buy ( BBY ) Price Target Following Earnings Review,https://finance.yahoo.com/news/da-davidson-reduces-best-buy-023838245.html,finance.yahoo.com,20260307T073000Z,Corporate,False,0.026,earnings,"GE, TSLA, TGT",3,0.6369,positive,low
JD . com Q4 Earnings Call Highlights,https://finance.yahoo.com/news/jd-com-q4-earnings-call-020750333.html,finance.yahoo.com,20260307T073000Z,Corporate,False,0.026,earnings,,0,0.0,neutral,low
Expedia ( EXPE ) Climbs 13 . 7 % Ahead of Higher Dividend,https://finance.yahoo.com/news/expedia-expe-climbs-13-7-010223744.html,finance.yahoo.com,20260307T073000Z,Corporate,False,0.026,dividend,,0,0.0,neutral,low
Samsara ( IOT ) Climbs 19 . 5 % as Firm Nearing Profitability,https://www.insidermonkey.com/blog/samsara-iot-climbs-19-5-as-firm-nearing-profitability-1711229/,insidermonkey.com,20260307T073000Z,Corporate,False,0.026,profit,,0,0.2732,positive,low
Marvell Technology ( MRVL ) Rockets 18 % on Billion - Dollar Profitability,https://www.insidermonkey.com/blog/marvell-technology-mrvl-rockets-18-on-billion-dollar-profitability-1711226/,insidermonkey.com,20260307T073000Z,Corporate,False,0.026,profit,DIS,1,0.2732,positive,low
ImmuCell Q4 Earnings Call Highlights,https://finance.yahoo.com/news/immucell-q4-earnings-call-highlights-020749467.html,finance.yahoo.com,20260307T073000Z,Corporate,False,0.026,earnings,,0,0.0,neutral,low
Amprius ( AMPX ) Soars to All - Time High on PT Hike After Earnings Blowout,https://www.insidermonkey.com/blog/amprius-ampx-soars-to-all-time-high-on-pt-hike-after-earnings-blowout-1711221/,insidermonkey.com,20260307T073000Z,Corporate,False,0.026,earnings,,0,0.0,neutral,low
Forget Lucid and Rivian : This 1 EV Leader Is Still the Monster Long - Term Winner,https://www.fool.com/investing/2026/03/06/forget-lucid-and-rivian-this-1-ev-leader-is-still/,fool.com,20260307T071500Z,Corporate,False,0.0,,"GE, TSLA",2,0.4404,positive,low
Samsara ( IOT ) Climbs 19 . 5 % as Firm Nearing Profitability,https://finance.yahoo.com/news/samsara-iot-climbs-19-5-063839359.html,finance.yahoo.com,20260307T071500Z,Corporate,False,0.026,profit,,0,0.2732,positive,low
Target Accelerates AI and Digital Transformation to Support Retail Strategy,https://infotechlead.com/cio/target-accelerates-ai-and-digital-transformation-to-support-retail-strategy-94239,infotechlead.com,20260307T070000Z,Corporate,False,0.0,,"GE, TGT",2,0.4019,positive,low
Amprius ( AMPX ) Soars to All - Time High on PT Hike After Earnings Blowout,https://finance.yahoo.com/news/amprius-ampx-soars-time-high-062402296.html,finance.yahoo.com,20260307T070000Z,Corporate,False,0.026,earnings,,0,0.0,neutral,low
UBS makes bold new call on Nvidia stock,https://finance.yahoo.com/news/ubs-makes-bold-call-nvidia-223300598.html,finance.yahoo.com,20260307T064500Z,Corporate,False,0.026,stock,NVDA,1,0.3818,positive,low
Motsepe hits back at ANC presidency campaign using his name,https://www.timeslive.co.za/news/business/2026-03-07-motsepe-hits-back-at-anc-presidency-campaign-using-his-name/,timeslive.co.za,20260307T053000Z,Corporate,False,0.0,,,0,0.0,neutral,low
Baystreet . ca - Futures Rise on Mideast Crisis,http://baystreet.ca/articles/marketupdates/119003/Futures-Rise-on-Mideast-Crisis,baystreet.ca,20260307T051500Z,Corporate,False,0.0,,,0,-0.6249,negative,low
"Nifty bulls foot Rs 19 lakh crore bill for Iran war , Sensex down 3 , 300 points in 5 days . Bear market coming ? ",https://economictimes.indiatimes.com/markets/stocks/news/nifty-bulls-foot-rs-19-lakh-crore-bill-for-iran-war-sensex-down-3300-points-in-5-days-bear-market-coming/articleshow/129194470.cms,economictimes.indiatimes.com,20260307T051500Z,Corporate,False,0.026,market,,0,-0.296,negative,low
13 Most Profitable Growth Stocks to Buy Right Now,https://www.insidermonkey.com/blog/13-most-profitable-growth-stocks-to-buy-right-now-1709934/,insidermonkey.com,20260307T044500Z,Corporate,True,0.077,"stock, profit, growth",,0,0.7245,positive,low
"Down 15 % in 2026 , Should You Buy the Dip in Microsoft Stock ? ",https://finance.yahoo.com/news/down-15-2026-buy-dip-214247085.html,finance.yahoo.com,20260307T034500Z,Corporate,False,0.026,stock,MSFT,1,0.0,neutral,low
Dow Jones Top Company Headlines at 7 PM ET : Kalshi and Polymarket Are Each Eyeing Roughly $20 Billion Valuations | BlackRock ... ,https://www.morningstar.com/news/dow-jones/202603069169/dow-jones-top-company-headlines-at-7-pm-et-kalshi-and-polymarket-are-each-eyeing-roughly-20-billion-valuations-blackrock,morningstar.com,20260307T034500Z,Corporate,False,0.026,market,BLK,1,0.2023,positive,low
ARK Invest Stock Portfolio : Top 10 Stock Picks for 2026,https://www.insidermonkey.com/blog/ark-invest-stock-portfolio-top-10-stock-picks-for-2026-1710024/,insidermonkey.com,20260307T034500Z,Corporate,False,0.026,stock,,0,0.2023,positive,low
Stocks Finish Lower as War Rages in the Middle East,https://finance.yahoo.com/news/stocks-finish-lower-war-rages-213630102.html,finance.yahoo.com,20260307T033000Z,Corporate,False,0.026,stock,GE,1,-0.8481,negative,low
"Rimini Street ( NASDAQ : RMNI ) EVP Sells 7 , 209 Shares",https://www.tickerreport.com/banking-finance/13370369/rimini-street-nasdaqrmni-evp-sells-7209-shares.html,tickerreport.com,20260307T031500Z,Corporate,False,0.026,shares,TSLA,1,0.296,positive,low
Costco Says Tariff Refunds Could Lead to Lower Prices for Customers,https://www.insidermonkey.com/blog/costco-says-tariff-refunds-could-lead-to-lower-prices-for-customers-1711153/,insidermonkey.com,20260307T030000Z,Corporate,False,0.026,tariff,COST,1,-0.296,negative,low
"David Rowe Sells 7 , 209 Shares of Rimini Street ( NASDAQ : RMNI ) Stock",https://www.themarketsdaily.com/2026/03/07/david-rowe-sells-7209-shares-of-rimini-street-nasdaqrmni-stock.html,themarketsdaily.com,20260307T030000Z,Corporate,True,0.051,"stock, shares",,0,0.296,positive,low
14 Best Oil and Gas Dividend Stocks to Buy Right Now,https://www.insidermonkey.com/blog/14-best-oil-and-gas-dividend-stocks-to-buy-right-now-1711121/,insidermonkey.com,20260307T030000Z,Corporate,True,0.051,"stock, dividend",,0,0.6369,positive,low
5 Stocks to Watch Right Now - Insider Monkey,https://www.insidermonkey.com/blog/5-stocks-to-watch-right-now-1711098/,insidermonkey.com,20260307T030000Z,Corporate,False,0.026,stock,,0,0.0,neutral,low
Costco Says Tariff Refunds Could Lead to Lower Prices for Customers,https://finance.yahoo.com/news/costco-says-tariff-refunds-could-022719410.html,finance.yahoo.com,20260307T030000Z,Corporate,False,0.026,tariff,COST,1,-0.296,negative,low
11 Best Marine Shipping Stocks to Buy Right Now,https://www.insidermonkey.com/blog/11-best-marine-shipping-stocks-to-buy-right-now-1710016/,insidermonkey.com,20260307T030000Z,Corporate,False,0.026,stock,,0,0.6369,positive,low
Brown - Forman ( BF - B ) Faces Pressure as Morgan Stanley Lowers Price Target to $27,https://www.insidermonkey.com/blog/brown-forman-bf-b-faces-pressure-as-morgan-stanley-lowers-price-target-to-27-1711129/,insidermonkey.com,20260307T030000Z,Corporate,False,0.0,,"GE, MS, TGT",3,-0.4019,negative,low
Why Shares of The Trade Desk Dropped 21 . 5 % In February,https://finance.yahoo.com/news/why-shares-trade-desk-dropped-203138152.html,finance.yahoo.com,20260307T024500Z,Corporate,False,0.026,shares,,0,0.296,positive,low
"Magnificent 7 Stock Report : Apple Leads , NVIDIA Fades , Microsoft Crashes",https://finance.yahoo.com/news/magnificent-7-stock-report-apple-203856697.html,finance.yahoo.com,20260307T024500Z,Corporate,False,0.026,stock,"AAPL, MSFT, NVDA",3,0.5994,positive,low
"Visteon 2025 Net Income Exceeds $200 Million , Secures $7 . 4 Billion in New Business Orders",https://autonews.gasgoo.com/articles/news/visteon-2025-net-income-exceeds-200-million-secures-74-billion-in-new-business-orders-2030072968057573377,autonews.gasgoo.com,20260307T024500Z,Corporate,False,0.0,,,0,0.3182,positive,low
Ecopetrol Eyes Oil Output Boost As Iran Crisis Pushes Up Prices,https://finance.yahoo.com/news/ecopetrol-eyes-oil-output-boost-210000922.html,finance.yahoo.com,20260307T024500Z,Corporate,False,0.0,,,0,-0.34,negative,low
A $1 Billion Reason to Buy Pinterest Stock Now,https://finance.yahoo.com/news/1-billion-reason-buy-pinterest-204902033.html,finance.yahoo.com,20260307T024500Z,Corporate,False,0.026,stock,,0,0.0,neutral,low
Berkshire Hathaway Just Gave Investors a New Reason to Be Excited,https://finance.yahoo.com/news/berkshire-hathaway-just-gave-investors-200544366.html,finance.yahoo.com,20260307T023000Z,Corporate,False,0.026,investor,,0,0.34,positive,low
Why Algonquin Power & Utilities Stock Flopped on Friday,https://www.fool.com/investing/2026/03/06/why-algonquin-power-utilities-stock-flopped-on-fri/?source=iedfolrf0000001,fool.com,20260307T023000Z,Corporate,False,0.026,stock,,0,0.0,neutral,low
Starbuck Turnaround Gains Traction : SBUX Shares Reflect  Back to Starbuck Progress in Early 2026,https://www.ibtimes.com/starbucks-turnaround-gains-traction-sbux-shares-reflect-back-starbucks-progress-early-2026-3798645,ibtimes.com,20260307T020000Z,Corporate,False,0.026,shares,,0,0.7506,positive,low
Why Samsara Stock Surged Today,https://finance.yahoo.com/news/why-samsara-stock-surged-today-012826827.html,finance.yahoo.com,20260307T020000Z,Corporate,False,0.026,stock,GE,1,0.0,neutral,low
"Nuveen Churchill Direct Lending ( NYSE : NCDL ) VP Purchases 2 , 000 Shares",https://www.tickerreport.com/banking-finance/13370345/nuveen-churchill-direct-lending-nysencdl-vp-purchases-2000-shares.html,tickerreport.com,20260307T020000Z,Corporate,False,0.026,shares,JPM,1,0.296,positive,low
"Broadcom Inc . Stock Climbs Toward $336 as Q1 Earnings Beat Fuels AI Optimism , Shares Up 0 . 9 % Midday March 6",https://www.ibtimes.com/broadcom-inc-stock-climbs-toward-336-q1-earnings-beat-fuels-ai-optimism-shares-09-midday-3798664,ibtimes.com,20260307T020000Z,Corporate,True,0.077,"stock, shares, earnings",,0,0.6908,positive,low
Roundhill 50 % Yield Innovation - 100 ETF Is Waiting To Step on A Landmine,https://finance.yahoo.com/news/roundhill-50-yield-innovation-100-185041094.html,finance.yahoo.com,20260307T020000Z,Corporate,False,0.0,,,0,0.3818,positive,low
Nedbank Group Ltd ( NDBKY ) ( Full Year 2025 ) Earnings Call Highlights : Strategic Growth Amidst ... ,https://finance.yahoo.com/news/nedbank-group-ltd-ndbky-full-010144578.html,finance.yahoo.com,20260307T013000Z,Corporate,True,0.051,"earnings, growth",,0,0.3818,positive,low
Why This Analyst Is Betting on $100 in EPS for Sandisk Stock in 2026,https://finance.yahoo.com/news/why-analyst-betting-100-eps-184445656.html,finance.yahoo.com,20260307T013000Z,Corporate,False,0.026,stock,,0,0.0,neutral,low
Western Alliance sues Jefferies for $126M in First Brands fallout,https://www.americanbanker.com/news/western-alliance-sues-jefferies-for-126m-in-first-brands-fallout,americanbanker.com,20260307T011500Z,Corporate,False,0.0,,,0,0.0,neutral,low
OpenAI and Oracle reportedly abandon TX Stargate expansion,https://www.theregister.com/2026/03/07/openai_oracle_dc/,theregister.com,20260307T011500Z,Corporate,False,0.026,expansion,ORCL,1,0.0857,positive,low
Anthropic bods say AI hasnt had much impact on jobs,https://www.theregister.com/2026/03/07/anthropic_bods_rework_ai_damage/,theregister.com,20260307T011500Z,Corporate,False,0.0,,,0,0.0,neutral,low
"Sundar Pichai Sells 32 , 500 Shares of Alphabet ( NASDAQ : GOOG ) Stock",https://www.tickerreport.com/banking-finance/13370326/sundar-pichai-sells-32500-shares-of-alphabet-nasdaqgoog-stock.html,tickerreport.com,20260307T011500Z,Corporate,True,0.051,"stock, shares",GOOGL,1,0.296,positive,low
Rumble Q4 Earnings Call Highlights,https://www.tickerreport.com/banking-finance/13370321/rumble-q4-earnings-call-highlights.html,tickerreport.com,20260307T011500Z,Corporate,False,0.026,earnings,,0,0.0,neutral,low
"Daniel Shugar Sells 39 , 892 Shares of Nextpower ( NASDAQ : NXT ) Stock",https://www.tickerreport.com/banking-finance/13370327/daniel-shugar-sells-39892-shares-of-nextpower-nasdaqnxt-stock.html,tickerreport.com,20260307T011500Z,Corporate,True,0.051,"stock, shares",,0,0.296,positive,low
McDonald Stock ( MCD ) Slips to $324 . 27 as Investors Take Profits After Recent Highs,https://www.ibtimes.com/mcdonalds-stock-mcd-slips-32427-investors-take-profits-after-recent-highs-3798653,ibtimes.com,20260307T010000Z,Corporate,True,0.077,"stock, investor, profit",MCD,1,0.4404,positive,low
"Is Axon Enterprise , Inc . ( AXON ) A Good Stock To Buy ? ",https://finance.yahoo.com/news/axon-enterprise-inc-axon-good-173517604.html,finance.yahoo.com,20260307T004500Z,Corporate,False,0.026,stock,,0,0.4404,positive,low
Star Bulk to Acquire 16 Vessels from Diana Shipping Inc . Conditional Upon the Success of Its Offer to Acquire Genco Shipping & Trading Ltd,https://www.hellenicshippingnews.com/star-bulk-to-acquire-16-vessels-from-diana-shipping-inc-conditional-upon-the-success-of-its-offer-to-acquire-genco-shipping-trading-ltd/,hellenicshippingnews.com,20260307T004500Z,Corporate,False,0.026,trading,GE,1,0.5719,positive,low
"E . W . Scripps ( NASDAQ : SSP ) Major Shareholder Eaton Scripps Purchases 27 , 990 Shares",https://www.tickerreport.com/banking-finance/13370315/e-w-scripps-nasdaqssp-major-shareholder-eaton-scripps-purchases-27990-shares.html,tickerreport.com,20260307T004500Z,Corporate,True,0.051,"shares, shareholder",JPM,1,0.296,positive,low
"Can innovation , policy reform redeem manufactured housing image ? ",https://www.housingwire.com/articles/manufactured-housing-innovation/,housingwire.com,20260307T004500Z,Corporate,False,0.0,,GE,1,0.3818,positive,low
Genesco CEO on New  Footwear First  Strategy for Fiscal 2027,https://wwd.com/footwear-news/shoe-industry-news/genesco-footwear-first-strategy-journeys-schuh-1238654678/,wwd.com,20260307T004500Z,Corporate,False,0.026,fiscal,GE,1,0.0,neutral,low
"E . W . Scripps ( NASDAQ : SSP ) Major Shareholder Anthony Granado Acquires 3 , 919 Shares",https://www.tickerreport.com/banking-finance/13370314/e-w-scripps-nasdaqssp-major-shareholder-anthony-granado-acquires-3919-shares.html,tickerreport.com,20260307T004500Z,Corporate,True,0.051,"shares, shareholder",,0,0.296,positive,low
This Dividend Stock Yields 3 . 1 % and Offers Massive Upside : Time to Buy ? ,https://finance.yahoo.com/news/dividend-stock-yields-3-1-003002433.html,finance.yahoo.com,20260307T003000Z,Corporate,True,0.051,"stock, dividend",,0,0.0,neutral,low
"E . W . Scripps ( NASDAQ : SSP ) Major Shareholder Buys $266 , 978 . 38 in Stock",https://www.themarketsdaily.com/2026/03/06/e-w-scripps-nasdaqssp-major-shareholder-buys-266978-38-in-stock.html,themarketsdaily.com,20260306T234500Z,Corporate,True,0.051,"stock, shareholder",,0,0.0,neutral,low
Report shows $46M in 2024 sales by Yonkers film and TV production,https://westfaironline.com/business/report-shows-46m-in-2024-sales-by-yonkers-film-and-tv-production/,westfaironline.com,20260306T234500Z,Corporate,False,0.0,,,0,0.0,neutral,low
"Schrodinger ( NASDAQ : SDGR ) CEO Ramy Farid Sells 3 , 661 Shares",https://www.dailypolitical.com/2026/03/06/schrodinger-nasdaqsdgr-ceo-ramy-farid-sells-3661-shares.html,dailypolitical.com,20260306T234500Z,Corporate,False,0.026,shares,GE,1,0.296,positive,low
"Snap Inc . Stock Slumps Below $5 . 20 Amid Ongoing Pressure , Down 3 - 4 % in Early Trading March 6",https://www.ibtimes.com/snap-inc-stock-slumps-below-520-amid-ongoing-pressure-down-3-4-early-trading-march-6-3798666,ibtimes.com,20260306T234500Z,Corporate,True,0.051,"stock, trading",,0,-0.296,negative,low
Solstice Advanced Materials and SiTime Join the S & P MidCap 400 As AI Stocks Reshuffle the Index,https://finance.yahoo.com/news/solstice-advanced-materials-sitime-join-231816455.html,finance.yahoo.com,20260306T234500Z,Corporate,False,0.026,stock,,0,0.4939,positive,low
"Jeannette Potts Sells 3 , 412 Shares of uniQure ( NASDAQ : QURE ) Stock",https://www.dailypolitical.com/2026/03/06/jeannette-potts-sells-3412-shares-of-uniqure-nasdaqqure-stock.html,dailypolitical.com,20260306T234500Z,Corporate,True,0.051,"stock, shares",,0,0.296,positive,low
"Insider Selling : uniQure ( NASDAQ : QURE ) CEO Sells 14 , 581 Shares of Stock",https://www.themarketsdaily.com/2026/03/06/insider-selling-uniqure-nasdaqqure-ceo-sells-14581-shares-of-stock.html,themarketsdaily.com,20260306T234500Z,Corporate,True,0.051,"stock, shares",,0,0.296,positive,low
"Marvell Technology Stock Surges 16 % on Strong Q4 Earnings , AI Data Center Momentum",https://www.ibtimes.com/marvell-technology-stock-surges-16-strong-q4-earnings-ai-data-center-momentum-3798674,ibtimes.com,20260306T234500Z,Corporate,True,0.051,"stock, earnings","DIS, GE",2,0.5106,positive,low
"Insider Selling : Schrodinger ( NASDAQ : SDGR ) Insider Sells 1 , 366 Shares of Stock",https://www.themarketsdaily.com/2026/03/06/insider-selling-schrodinger-nasdaqsdgr-insider-sells-1366-shares-of-stock.html,themarketsdaily.com,20260306T234500Z,Corporate,True,0.051,"stock, shares",GE,1,0.296,positive,low
"Robert Lorne Abel Sells 1 , 300 Shares of Schrodinger ( NASDAQ : SDGR ) Stock",https://www.dailypolitical.com/2026/03/06/robert-lorne-abel-sells-1300-shares-of-schrodinger-nasdaqsdgr-stock.html,dailypolitical.com,20260306T234500Z,Corporate,True,0.051,"stock, shares",GE,1,0.296,positive,low
Delta names new CFO amid sweeping leadership changes,https://finance.yahoo.com/news/delta-names-cfo-amid-sweeping-151834121.html,finance.yahoo.com,20260306T230000Z,Corporate,False,0.0,,GE,1,0.0,neutral,low
"Membership , digital and grocery drive BJ Wholesale Club in Q4",https://www.supermarketnews.com/finance/membership-digital-and-grocery-drive-bj-s-wholesale-club-in-q4,supermarketnews.com,20260306T230000Z,Corporate,False,0.0,,,0,0.0,neutral,low
JD . com posts first quarterly loss in more than three years,https://finance.yahoo.com/news/jd-com-posts-first-quarterly-152600023.html,finance.yahoo.com,20260306T230000Z,Corporate,True,0.051,"loss, quarter",,0,-0.3182,negative,low
Kroger taps Mahadevan for new AI role,https://www.supermarketnews.com/executive-moves/kroger-taps-mahadevan-for-new-ai-role,supermarketnews.com,20260306T230000Z,Corporate,False,0.0,,"GE, TSLA",2,0.0,neutral,low
Broadcom Growth Is Accelerating . Time to Buy the Stock ? ,https://www.fool.com/investing/2026/03/06/broadcoms-growth-is-accelerating-time-to-buy-the-s/?source=iedfolrf0000001,fool.com,20260306T224500Z,Corporate,True,0.051,"stock, growth",,0,0.3818,positive,low
This TSX Dividend Stock is Down 48 % and Still Worth Every Dollar,https://www.fool.ca/2026/03/06/this-tsx-dividend-stock-is-down-48-and-still-worth-every-dollar/,fool.ca,20260306T223000Z,Corporate,True,0.051,"stock, dividend",TSLA,1,0.2263,positive,low
"Kings Island parent company Six Flags to sell off 7 parks , worth $342M",https://www.daytondailynews.com/lifestyles/kings-islands-parent-company-six-flags-to-sell-off-7-parks-worth-342m/IGSCWAHPXZBEFCGP75DEPMSYJU/,daytondailynews.com,20260306T221500Z,Corporate,False,0.0,,,0,0.2263,positive,low
Will Target Stock Soar in 2026 ? ,https://finance.yahoo.com/news/target-stock-soar-2026-214700006.html,finance.yahoo.com,20260306T221500Z,Corporate,False,0.026,stock,"GE, TGT",2,0.0,neutral,low
Broadcom Growth Is Accelerating . Time to Buy the Stock ? ,https://www.fool.com/investing/2026/03/06/broadcoms-growth-is-accelerating-time-to-buy-the-s/,fool.com,20260306T220000Z,Corporate,True,0.051,"stock, growth",,0,0.3818,positive,low
5 Reasons to Buy MercadoLibre Stock Like There No Tomorrow,https://www.aol.com/articles/5-reasons-buy-mercadolibre-stock-184100139.html,aol.com,20260306T220000Z,Corporate,False,0.026,stock,,0,0.0772,positive,low
Badger Infrastructure Solutions Ltd ( BDGIF ) Q4 2025 Earnings Call Highlights : Record Revenue ... ,https://finance.yahoo.com/news/badger-infrastructure-solutions-ltd-bdgif-210231255.html,finance.yahoo.com,20260306T213000Z,Corporate,True,0.051,"earnings, revenue","GE, TSLA",2,0.1779,positive,low
How IPG Photonics Stock Gained 42 % Last Month,https://www.fool.com/investing/2026/03/06/how-ipg-photonics-stock-gained-42-last-month/?source=iedfolrf0000001,fool.com,20260306T213000Z,Corporate,False,0.026,stock,,0,0.3818,positive,low
Bowman Consulting Group Ltd . Q4 2025 Earnings Call Summary,https://finance.yahoo.com/news/bowman-consulting-group-ltd-q4-133000987.html,finance.yahoo.com,20260306T213000Z,Corporate,False,0.026,earnings,,0,0.0,neutral,low
Marvell Technology Boosts Its Sales Forecast on Strong AI Demand . The Stock Is Soaring . ,https://www.investopedia.com/marvell-technology-boosts-its-sales-forecast-on-strong-ai-demand-the-stock-is-soaring-mrvl-11920778,investopedia.com,20260306T211500Z,Corporate,False,0.026,stock,DIS,1,0.6249,positive,low
Why Some Experts Think  Defensive  Investors Could Lift Costco Stock Back Toward Records,https://www.investopedia.com/why-some-experts-think-defensive-investors-could-lift-costco-stock-back-toward-records-cost-11920818,investopedia.com,20260306T211500Z,Corporate,True,0.051,"stock, investor",COST,1,0.0258,neutral,low
Costco CEO Ron Vachris Pledges to Return Tariff Refunds to Shoppers,https://observer.com/2026/03/costco-ceo-ron-vachris-tariff-refunds/,observer.com,20260306T211500Z,Corporate,False,0.026,tariff,"COST, GE",2,0.0,neutral,low
Why Palantir Technologies Stock Popped on Friday,https://finance.yahoo.com/news/why-palantir-technologies-stock-popped-204252685.html,finance.yahoo.com,20260306T211500Z,Corporate,False,0.026,stock,,0,0.0,neutral,low
"Grocery Outlet to close several stores in Pennsylvania , New Jersey",https://www.phillyvoice.com/grocery-outlet-bargain-markets-closing-philly/,phillyvoice.com,20260306T204500Z,Corporate,False,0.0,,TSLA,1,0.0,neutral,low
Analysis - AI fears temper interest as private equity firms weigh data company deals,https://finance.yahoo.com/news/analysis-ai-fears-temper-interest-110631693.html,finance.yahoo.com,20260306T204500Z,Corporate,False,0.0,,,0,-0.3818,negative,low
Popular Grocery Chain Announces Store Closings,https://talkradio1059.iheart.com/content/2026-03-06-popular-grocery-chain-announces-store-closings/,talkradio1059.iheart.com,20260306T201500Z,Corporate,False,0.0,,,0,0.4215,positive,low
Popular Grocery Chain Announces Store Closings,https://wvoc.iheart.com/content/2026-03-06-popular-grocery-chain-announces-store-closings/,wvoc.iheart.com,20260306T201500Z,Corporate,False,0.0,,,0,0.4215,positive,low
Popular Grocery Chain Announces Store Closings,https://b97fm.iheart.com/content/2026-03-06-popular-grocery-chain-announces-store-closings/,b97fm.iheart.com,20260306T201500Z,Corporate,False,0.0,,,0,0.4215,positive,low
$46M Crypto Theft Mystery : How Did Dean Daghita 21 - Year - Old Son Pull Off The Heist ? ,https://www.yahoo.com/news/articles/46m-crypto-theft-mystery-did-110053600.html,yahoo.com,20260308T114500Z,Crypto,False,0.0,,,0,0.0,neutral,low
Bitcoin dip may not be over as whales sell into retail buying a bearish signal,https://www.coindesk.com/markets/2026/03/08/bitcoin-dip-may-not-be-over-as-whales-sell-into-retail-buying-a-bearish-signal,coindesk.com,20260308T094500Z,Crypto,False,0.0,,,0,0.0,neutral,low
XRP price news : Ripple - linked token slips as traders watch $1 . 35 support,https://www.coindesk.com/markets/2026/03/08/xrp-slips-as-traders-watch-usd1-35-support,coindesk.com,20260308T094500Z,Crypto,False,0.0,,,0,0.4019,positive,low
Trump Cyber Strategy Pledges Cryptocurrency and Blockchain Security Support,https://www.el-balad.com/16873115,el-balad.com,20260308T090000Z,Crypto,False,0.0,,GE,1,0.6249,positive,low
Bitcoin  Bull Trap  Forming As Bear Market Middle Stage Approaches : Analyst,https://cointelegraph.com/news/bitcoin-bull-trap-bear-market-phase-middle-willy-woo-analyst,cointelegraph.com,20260308T090000Z,Crypto,False,0.026,market,GE,1,-0.3182,negative,low
Bitcoin kritik eşikte : Satış baskısı artıyor,https://www.dunya.com/finans/haberler/bitcoin-kritik-esikte-satis-baskisi-artiyor-haberi-817481,dunya.com,20260308T090000Z,Crypto,False,0.0,,,0,0.0,neutral,low
"2 Cryptocurrencies to Buy With $1 , 000 While Theyre Cheap , and 1 to Avoid for Now",https://www.fool.com/investing/2026/03/08/2-cryptocurrencies-to-buy-with-1000-while-theyre-c/?source=iedfolrf0000001,fool.com,20260308T084500Z,Crypto,False,0.0,,,0,-0.296,negative,low
Loki Gambling establishment Opinion # step 1 Australian Internet casino inside the 2026,http://www.worldtechtoday.com/2026/03/08/140638/loki-gambling-establishment-opinion-step-1-australian-internet-casino-inside-the-2026.html,worldtechtoday.com,20260308T080000Z,Crypto,False,0.0,,,0,0.0,neutral,low
From Parlays to Altcoins : Why Treating Crypto Like Sports Bets Could Be the Fastest Way to Lose -- and How a Real Investing Mindset Changes the Odds,https://www.fool.com/investing/2026/03/08/from-parlays-to-altcoins-why-treating-crypto-like/?source=iedfolrf0000001,fool.com,20260308T071500Z,Crypto,False,0.0,,GE,1,-0.0516,negative,low
From Parlays to Altcoins : Why Treating Crypto Like Sports Bets Could Be the Fastest Way to Lose -- and How a Real Investing Mindset Changes the Odds,https://finance.yahoo.com/news/parlays-altcoins-why-treating-crypto-065300851.html,finance.yahoo.com,20260308T071500Z,Crypto,False,0.0,,GE,1,-0.0516,negative,low
Wall Street  fear index  hits highest point since October,https://finance.yahoo.com/news/wall-streets-fear-index-hits-230000328.html,finance.yahoo.com,20260308T070000Z,Crypto,False,0.026,wall street,,0,-0.4939,negative,low
3 Moves Millennials Are Making With Their Crypto Portfolio,https://finance.yahoo.com/news/3-moves-millennials-making-crypto-214300174.html,finance.yahoo.com,20260308T051500Z,Crypto,False,0.0,,,0,0.0,neutral,low
  Screw with me : America richest prisoner opens up,https://www.theage.com.au/business/markets/screw-with-me-america-s-richest-prisoner-opens-up-20260302-p5o6j5.html,theage.com.au,20260308T031500Z,Crypto,False,0.0,,,0,-0.128,negative,low
  Screw with me : America richest prisoner opens up,https://www.smh.com.au/business/markets/screw-with-me-america-s-richest-prisoner-opens-up-20260302-p5o6j5.html,smh.com.au,20260308T031500Z,Crypto,False,0.0,,,0,-0.128,negative,low
  Screw with me : America richest prisoner opens up,https://www.brisbanetimes.com.au/business/markets/screw-with-me-america-s-richest-prisoner-opens-up-20260302-p5o6j5.html,brisbanetimes.com.au,20260308T031500Z,Crypto,False,0.0,,,0,-0.128,negative,low
  Screw with me : America richest prisoner opens up,https://www.watoday.com.au/business/markets/screw-with-me-america-s-richest-prisoner-opens-up-20260302-p5o6j5.html,watoday.com.au,20260308T024500Z,Crypto,False,0.0,,,0,-0.128,negative,low
"This Could Be the Missing X Factor for Bitcoin , According to Cathie Wood of Ark Invest",https://finance.yahoo.com/news/could-missing-x-factor-bitcoin-200400490.html,finance.yahoo.com,20260308T024500Z,Crypto,False,0.0,,,0,-0.296,negative,low
"Fed , FDIC and OCC : Banks Dont Need Extra Crypto Capital",https://paymentweek.com/2026-3-8-bank-regulators-clarify-that-crypto-qualifies-as-collateral-under-capital-reserves-rule/,paymentweek.com,20260308T024500Z,Crypto,False,0.0,,,0,0.0,neutral,low
Crypto under $1 in March 2026 : IONIX Chain ( $IONX ) Presale Guide,https://www.directionsmag.com/crypto/best-crypto-under-1-dollar,directionsmag.com,20260308T023000Z,Crypto,False,0.0,,,0,0.0,neutral,low
"Should I Get Out of Crypto ? When to Sell , Hold , or Rebalance",https://www.directionsmag.com/crypto/should-i-get-out-of-crypto-now,directionsmag.com,20260308T023000Z,Crypto,False,0.0,,GE,1,0.0,neutral,low
Bitcoin Price Prediction after Late - Week $110 Billion Wipeout,https://www.el-balad.com/16872611,el-balad.com,20260308T021500Z,Crypto,False,0.0,,,0,0.0,neutral,low
Crypto News : New Crypto Pepeto Crosses $7 . 725M Presale While Cardano Price Prediction Targets $10,https://www.manilatimes.net/2026/03/08/tmt-newswire/globenewswire/crypto-news-new-crypto-pepeto-crosses-7725m-presale-while-cardano-price-prediction-targets-10/2295398,manilatimes.net,20260308T013000Z,Crypto,False,0.0,,"GE, TGT",2,0.0,neutral,low
10 Best sites to Buy Twitter Likes in 2026 ( UPDATED ) ,https://business-review.eu/tech/online/10-best-sites-to-buy-twitter-likes-2026-237155,business-review.eu,20260308T004500Z,Crypto,False,0.0,,,0,0.7906,positive,low
"Trump Bank Regulators Outdo Basel , Boost Tokenized Securities",https://www.forbes.com/sites/jasonbrett/2026/03/07/trumps-bank-regulators-outdo-basel-boost-tokenized-securities/,forbes.com,20260308T000000Z,Crypto,False,0.0,,,0,0.5994,positive,low
Trump cyber strategy vows to  support the security  of cryptocurrencies and blockchain,https://www.coindesk.com/policy/2026/03/07/trump-s-cyber-strategy-vows-to-support-the-security-of-cryptocurrencies-and-blockchain,coindesk.com,20260308T000000Z,Crypto,False,0.0,,,0,0.6249,positive,low
Here Why Bitcoin Price Must Not Fall To $54K : Analyst,https://www.newsbtc.com/news/bitcoin/heres-why-bitcoin-price-must-not-fall-to-54k-analyst/,newsbtc.com,20260308T000000Z,Crypto,False,0.0,,,0,0.0,neutral,low
"Bitcoin Losing Strength $66 , 000 Now The Line Between Recovery And Crash",https://www.newsbtc.com/news/bitcoin/bitcoin-between-recovery-and-crash/,newsbtc.com,20260308T000000Z,Crypto,False,0.0,,,0,-0.2732,negative,low
"Learn How to Buy Meme Coin : Shiba Inu & Dogecoin Make Headlines , ",https://www.openpr.com/news/4416283/learn-how-to-buy-meme-coin-shiba-inu-dogecoin-make-headlines,openpr.com,20260307T230000Z,Crypto,False,0.0,,GE,1,0.0,neutral,low
Ethereum Based Crypto Pepeto Announces Binance Smart Chain Bridge And Ethereum Price Prediction Targets $8K,https://www.manilatimes.net/2026/03/08/tmt-newswire/globenewswire/ethereum-based-crypto-pepeto-announces-binance-smart-chain-bridge-and-ethereum-price-prediction-targets-8k/2295389,manilatimes.net,20260307T230000Z,Crypto,False,0.0,,"GE, TGT",2,0.4019,positive,low
Crypto News : Pepeto Presale Holders Life - Time Revenue Sharing Sends Wallets Rushing While Bitcoin Price Prediction Targets $300K,https://www.manilatimes.net/2026/03/08/tmt-newswire/globenewswire/crypto-news-pepeto-presale-holders-life-time-revenue-sharing-sends-wallets-rushing-while-bitcoin-price-prediction-targets-300k/2295392,manilatimes.net,20260307T230000Z,Crypto,False,0.026,revenue,"GE, TSLA, TGT",3,0.4215,positive,low
"Crypto News Today : 7 Top Cryptos To Buy , While APEMARS Emerges as",https://www.openpr.com/news/4416284/crypto-news-today-7-top-cryptos-to-buy-while-apemars-emerges-as,openpr.com,20260307T230000Z,Crypto,False,0.0,,GE,1,0.2023,positive,low
Wall Street Giant Jane Street Shifts $19 Million in Bitcoin,https://techstory.in/wall-street-giant-jane-street-shifts-19-million-in-bitcoin-to-crypto-exchanges-amid-market-scrutiny/,techstory.in,20260307T213000Z,Crypto,False,0.026,wall street,,0,0.0,neutral,low
Florida Pioneers Crypto Legislation,https://techstory.in/florida-pioneers-crypto-legislation-landmark-stablecoin-framework-awaits-desantis-pen/,techstory.in,20260307T213000Z,Crypto,False,0.0,,,0,0.0,neutral,low
Capitol Report From Rep . Greg Vital For March 6,https://www.chattanoogan.com/2026/3/6/515712/Capitol-Report-From-Rep.-Greg-Vital.aspx,chattanoogan.com,20260307T211500Z,Crypto,False,0.0,,,0,0.296,positive,low
"Putting $1 , 000 on a Game vs . $1 , 000 Into Bitcoin : Which Bet Actually Gives You a Better Chance at Building Wealth ? ",https://finance.yahoo.com/news/putting-1-000-game-vs-203300339.html,finance.yahoo.com,20260307T210000Z,Crypto,False,0.0,,,0,0.7964,positive,low
"New to The Street Broadcasts Tonight on Bloomberg Television at 6 : 30 PM EST - Shows 736 , 737 and 738 Air Across the U . S ., Latin America and MENA",http://www.tennesseedaily.com/news/278907768/new-to-the-street-broadcasts-tonight-on-bloomberg-television-at-630-pm-est-shows-736-737-and-738-air-across-the-us-latin-america-and-mena,tennesseedaily.com,20260307T201500Z,Crypto,False,0.0,,TSLA,1,0.0,neutral,low
Bullish releases February 2026 monthly metrics,https://www.ieyenews.com/bullish-releases-february-2026-monthly-metrics/,ieyenews.com,20260307T201500Z,Crypto,False,0.0,,,0,0.0,neutral,low
"New to The Street Broadcasts Tonight on Bloomberg Television at 6 : 30 PM EST - Shows 736 , 737 and 738 Air Across the U . S ., Latin America and MENA",http://www.newjerseytelegraph.com/news/278907768/new-to-the-street-broadcasts-tonight-on-bloomberg-television-at-630-pm-est-shows-736-737-and-738-air-across-the-us-latin-america-and-mena,newjerseytelegraph.com,20260307T191500Z,Crypto,False,0.0,,TSLA,1,0.0,neutral,low
Bitcoin ETFs Bleed $349M In A Day As Whales Dump,https://www.newsbtc.com/bitcoin-news/bitcoin-etfs-bleed-349m-in-a-day-as-whales-dump-small-buyers-step-in-analysts/,newsbtc.com,20260307T190000Z,Crypto,False,0.0,,,0,-0.3818,negative,low
New to The Street Broadcasts Tonight on Bloomberg Television at 6 : 30 ... ,https://www.pr-inside.com/new-to-the-street-broadcasts-tonight-on-bloomberg-television-at-r5172353.htm,pr-inside.com,20260307T183000Z,Crypto,False,0.0,,TSLA,1,0.0,neutral,low
"As Trump Returns to the Crypto Fight , Should You Buy Coinbase Stock Here ? ",https://finance.yahoo.com/news/trump-returns-crypto-fight-buy-150002936.html,finance.yahoo.com,20260307T183000Z,Crypto,False,0.026,stock,,0,-0.3818,negative,low
Global crypto ETP market sees sharp February drawdown – Fineqia,https://www.proactiveinvestors.com/companies/news/1088478/global-crypto-etp-market-sees-sharp-february-drawdown-fineqia-1088478.html,proactiveinvestors.com,20260307T164500Z,Crypto,False,0.026,market,,0,0.0,neutral,low
"South Korea moves to exclude USDT , USDC from corporate crypto investment rules",https://cryptobriefing.com/stablecoin-exclusion-guidelines-south-korea/,cryptobriefing.com,20260307T163000Z,Crypto,False,0.0,,,0,-0.2263,negative,low
Crypto Market Crashes as Crude Oil Price Surges : But a Silver Lining Remains,https://www.banklesstimes.com/articles/2026/03/07/crypto-market-crashes-as-crude-oil-price-surges-but-a-silver-lining-remains/,banklesstimes.com,20260307T163000Z,Crypto,False,0.026,market,GE,1,-0.3291,negative,low
Cardano Payments Go Live at 137 Swiss SPAR Supermarkets,https://www.banklesstimes.com/articles/2026/03/07/cardano-payments-go-live-at-137-swiss-spar-supermarkets/,banklesstimes.com,20260307T163000Z,Crypto,False,0.026,market,,0,0.0,neutral,low
"Ethereum Price May Surge to $7 , 000 : Crypto Analyst Gives Reasons",https://www.banklesstimes.com/articles/2026/03/07/ethereum-price-may-surge-to-7000-crypto-analyst-gives-reasons/,banklesstimes.com,20260307T163000Z,Crypto,False,0.0,,GE,1,0.0,neutral,low
Crypto Price Prediction March 2026 : Trump Sends Kevin Warsh Fed,https://www.openpr.com/news/4416133/crypto-price-prediction-march-2026-trump-sends-kevin-warsh-fed,openpr.com,20260307T151500Z,Crypto,False,0.0,,TSLA,1,0.0,neutral,low
Ethereum unter Druck : Doch BlackRock macht Staking noch günstiger,https://www.finanzen.ch/nachrichten/devisen/ethereum-unter-druck-doch-blackrock-macht-staking-noch-guenstiger-1035907577,finanzen.ch,20260307T120000Z,Crypto,False,0.0,,"AAPL, GE, BLK",3,0.0,neutral,low
"Bitcoin , Ether & Co : So schlagen sich die Kryptowährungen am Mittag",https://www.finanzen.ch/nachrichten/devisen/bitcoin-ether-&-co-so-schlagen-sich-die-kryptowahrungen-am-mittag-1035907605,finanzen.ch,20260307T120000Z,Crypto,False,0.0,,GE,1,-0.6326,negative,low
How Buying Bitcoin Today Could 10x Your Net Worth,https://finance.yahoo.com/news/buying-bitcoin-today-could-10x-095000192.html,finance.yahoo.com,20260307T114500Z,Crypto,False,0.0,,,0,0.2263,positive,low
"Bitcoin and Stocks Find a Floor , But Bond Market Says Risk - Off Isnt Over",https://finance.yahoo.com/news/bitcoin-stocks-floor-bond-market-094459846.html,finance.yahoo.com,20260307T113000Z,Crypto,True,0.051,"stock, market",,0,-0.3919,negative,low
Bitcoin - Kurs mit Aufwind : Kommt jetzt das große Comeback der Kryptowährung ? ,https://www.finanznachrichten.de/nachrichten-2026-03/67882206-bitcoin-kurs-mit-aufwind-kommt-jetzt-das-grosse-comeback-der-kryptowaehrung-397.htm,finanznachrichten.de,20260307T113000Z,Crypto,False,0.0,,,0,0.0,neutral,low
"Bitget targets 40 % of tokenised stock trading by 2030 , boosts TradFi with one - click access",https://techcabal.com/2026/03/06/bitget-2/,techcabal.com,20260307T111500Z,Crypto,True,0.051,"stock, trading","GE, TGT",2,0.3182,positive,low
"Bitcoin , Stocks Stabilize But The Bond Market Isnt Convinced : Will The Fed Cut Rates Now ? ",https://finance.yahoo.com/news/bitcoin-stocks-stabilize-bond-market-091415124.html,finance.yahoo.com,20260307T110000Z,Crypto,True,0.051,"stock, market",,0,-0.6744,negative,low
Bitcoin unter 70 . 000 Dollar : On - Chain - Daten zeigen ein klares Problem,https://www.finanzen.net/nachricht/devisen/bitcoin-unter-70-000-dollar-on-chain-daten-zeigen-ein-klares-problem-15541518,finanzen.net,20260307T110000Z,Crypto,False,0.0,,GE,1,-0.4019,negative,low
Best Crypto to Buy Under $1 in 2026 : IONIX Chain ( $IONX ) ,https://www.openpr.com/news/4416084/best-crypto-to-buy-under-1-in-2026-ionix-chain-ionx-one-of,openpr.com,20260307T110000Z,Crypto,False,0.0,,,0,0.6369,positive,low
$2 . 6B Bitcoin Options Expiry : Another Crypto Max Pain ? ,https://finance.yahoo.com/news/2-6b-bitcoin-options-expiry-091148303.html,finance.yahoo.com,20260307T110000Z,Crypto,False,0.0,,,0,-0.5106,negative,low
Dont let scam kiosks hijack Bitcoin name,https://www.register-herald.com/opinion/columns/dont-let-scam-kiosks-hijack-bitcoins-name/article_4d795df8-6d10-4855-a07e-b554c5a5315d.html,register-herald.com,20260307T104500Z,Crypto,False,0.0,,AAPL,1,0.4585,positive,low
"Bitcoin price news : BTC in deep bear market , could crash by another 30 %, investment firm says",https://www.coindesk.com/markets/2026/03/07/bitcoin-could-crash-another-30-as-four-year-cycle-gains-strength-investment-firm-says,coindesk.com,20260307T101500Z,Crypto,False,0.026,market,,0,-0.4019,negative,low
The  Fiat Collapse  Narrative Overlooks the US Dollar Next Evolution,https://www.investing.com/analysis/usd-stablecoins-and-the-rebasement-of-the-us-dollar-200676197,investing.com,20260307T100000Z,Crypto,False,0.0,,TSLA,1,-0.4939,negative,low
"Bitcoin Needs a Monster Rally to Hit $150 , 000 by December -- and Prediction Markets See Only an 11 % Shot",https://www.fool.com/investing/2026/03/07/bitcoin-needs-a-monster-rally-to-hit-150000-by-dec/,fool.com,20260307T100000Z,Crypto,False,0.026,market,,0,0.0,neutral,low
"Florida Senate Approves First Stablecoin Bill , Awaits DeSanti Signature",https://cointelegraph.com/news/florida-senate-passes-stablecoin-bill-desantis-signature,cointelegraph.com,20260307T094500Z,Crypto,False,0.0,,,0,0.4588,positive,low
Coinsilium strategy update & yellow launch - ICYMI,https://www.proactiveinvestors.co.uk/companies/news/1088487/coinsilium-strategy-update-yellow-launch-icymi-1088487.html,proactiveinvestors.co.uk,20260307T093000Z,Crypto,False,0.0,,,0,0.0,neutral,low
Binance Chain Conducts $1 . 2B BNB Token Burn As Mutuum Finance,https://www.openpr.com/news/4416071/binance-chain-conducts-1-2b-bnb-token-burn-as-mutuum-finance,openpr.com,20260307T091500Z,Crypto,False,0.0,,,0,0.0,neutral,low
"Bitcoin slips below $70 , 000 as crypto market sell - off triggers $329 million liquidations",https://economictimes.indiatimes.com/markets/cryptocurrency/bitcoin-slips-below-70000-as-crypto-market-sell-off-triggers-329-million-liquidations/articleshow/129201601.cms,economictimes.indiatimes.com,20260307T080000Z,Crypto,False,0.026,market,GE,1,0.0,neutral,low
Coinsilium strategy update & yellow launch - ICYMI,https://www.proactiveinvestors.com/companies/news/1088487/coinsilium-strategy-update-yellow-launch-icymi-1088487.html,proactiveinvestors.com,20260307T080000Z,Crypto,False,0.0,,,0,0.0,neutral,low
XRP Prognose : Kursexplosion dank Coinbase - Kooperation ? ,https://www.finanzen.ch/nachrichten/devisen/xrp-prognose-kursexplosion-dank-coinbase-kooperation-1035907435,finanzen.ch,20260307T071500Z,Crypto,False,0.0,,,0,0.0,neutral,low
Crypto ETFs retreat after sustained inflow surge,https://thearabianpost.com/crypto-etfs-retreat-after-sustained-inflow-surge/,thearabianpost.com,20260307T071500Z,Crypto,False,0.0,,GE,1,0.2023,positive,low
OKX unveils Orbit to bring social trading,https://thearabianpost.com/okx-unveils-orbit-to-bring-social-trading/,thearabianpost.com,20260307T071500Z,Crypto,False,0.026,trading,,0,0.0,neutral,low
Cardano expands retail payments across Swiss supermarkets,https://thearabianpost.com/cardano-expands-retail-payments-across-swiss-supermarkets/,thearabianpost.com,20260307T071500Z,Crypto,False,0.026,market,,0,0.1027,positive,low
"Forget Gold at $5 , 000 an Ounce . Here Why a Simple Crypto Portfolio Might Be the Smarter  Hard Asset  Bet . ",https://www.fool.com/investing/2026/03/06/forget-gold-at-5000-an-ounce-heres-why-a-simple-cr/,fool.com,20260307T071500Z,Crypto,False,0.0,,GE,1,0.4939,positive,low
3 Things Every Strategy Investor Needs to Know,https://finance.yahoo.com/news/3-things-every-strategy-investor-234500863.html,finance.yahoo.com,20260307T070000Z,Crypto,False,0.026,investor,TSLA,1,0.0,neutral,low
Share of equity mutual funds in portfolio of women investor surge to 32 % in 5 years : Report,https://economictimes.indiatimes.com/mf/mf-news/share-of-equity-mutual-funds-in-portfolio-of-women-investor-surge-to-32-in-5-years-report/articleshow/129195266.cms,economictimes.indiatimes.com,20260307T051500Z,Crypto,False,0.026,investor,GE,1,0.296,positive,low
"The 31 , 900 Bitcoin Purge : Why March 4 Marked An Institutional Bitcoin Floor",https://www.newsbtc.com/bitcoin-news/the-31900-bitcoin-purge-why-march-4-marked-an-institutional-bitcoin-floor/,newsbtc.com,20260307T044500Z,Crypto,False,0.0,,GE,1,0.0,neutral,low
Post - Crash Purge : XRP 60 % Valuation Reset Meets a Record Low in Exchange Liquidity,https://www.newsbtc.com/xrp-news/post-crash-purge-xrps-60-valuation-reset-meets-a-record-low-in-exchange-liquidity/,newsbtc.com,20260307T044500Z,Crypto,False,0.0,,GE,1,-0.5859,negative,low
XRP ETFs see a flood of inflows but price isnt keeping up,https://finance.yahoo.com/news/xrp-etfs-see-flood-inflows-213015345.html,finance.yahoo.com,20260307T034500Z,Crypto,False,0.0,,,0,0.0,neutral,low
XRP Prognose : Kursexplosion dank Coinbase - Kooperation ? ,https://www.finanzen.ch/nachrichten/devisen/xrp-prognose-kursexplosion-dank-coinbase-kooperation-1035907370,finanzen.ch,20260307T033000Z,Crypto,False,0.0,,,0,0.0,neutral,low
Peter Schiff warnt Krypto - Anleger : Bitcoin verkaufen ! - Massiver Kurssturz droht,https://www.finanzen.ch/nachrichten/devisen/peter-schiff-warnt-krypto-anleger-bitcoin-verkaufen!-massiver-kurssturz-droht-1035899184,finanzen.ch,20260307T033000Z,Crypto,False,0.0,,GE,1,0.0,neutral,low
Top 10 Free Bitcoin Mining Sites 2026 : 8 Trusted Picks for the U . S . ,https://www.directionsmag.com/crypto/top-10-free-bitcoin-mining-sites,directionsmag.com,20260307T023000Z,Crypto,False,0.0,,,0,0.802,positive,low
Adaptive Market Algorithms In Forex Automation,https://bravenewcoin.com/sponsored/article/adaptive-market-algorithms-in-forex-automation,bravenewcoin.com,20260307T023000Z,Crypto,False,0.026,market,,0,0.0,neutral,low
Bitcoinde sert fren : Zirveden 5 bin dolarlık düşüş ! - Haber Hürriyeti,https://www.haberhurriyeti.com/haber/27585521/bitcoinde-sert-fren-zirveden-5-bin-dolarlik-dusus,haberhurriyeti.com,20260307T013000Z,Crypto,False,0.0,,,0,0.0,neutral,low
"Forget Gold at $5 , 000 an Ounce . Here Why a Simple Crypto Portfolio Might Be the Smarter  Hard Asset  Bet . ",https://finance.yahoo.com/news/forget-gold-5-000-ounce-003100556.html,finance.yahoo.com,20260307T011500Z,Crypto,False,0.0,,GE,1,0.4939,positive,low
Rumble Q4 Earnings Call Highlights,https://www.tickerreport.com/banking-finance/13370321/rumble-q4-earnings-call-highlights.html,tickerreport.com,20260307T011500Z,Crypto,False,0.026,earnings,,0,0.0,neutral,low
Why this fired OpenAI employee is betting $1bn on Bitcoin miners,https://finance.yahoo.com/news/why-fired-openai-employee-betting-172639848.html,finance.yahoo.com,20260307T011500Z,Crypto,False,0.0,,,0,-0.5574,negative,low
AI XRP Price Prediction : ChatGPT and DeepSeek Say XRP Will Outperform Bitcoin in 2026,https://finance.yahoo.com/news/ai-xrp-price-prediction-chatgpt-165219217.html,finance.yahoo.com,20260307T011500Z,Crypto,False,0.0,,,0,0.0,neutral,low
Weekly market update : Markets caught in the cycle,https://www.marketscreener.com/news/weekly-market-update-markets-caught-in-the-cycle-ce7e5fd8d18af524,marketscreener.com,20260307T004500Z,Crypto,False,0.026,market,,0,0.0,neutral,low
Weekly market update : Markets caught in the cycle,https://www.marketscreener.com/news/weekly-market-update-markets-caught-in-the-cycle-ce7e5fd8d18af623,marketscreener.com,20260307T004500Z,Crypto,False,0.026,market,,0,0.0,neutral,low
Weekly market update : Markets caught in the cycle,https://www.marketscreener.com/news/weekly-market-update-markets-caught-in-the-cycle-ce7e5fd8d18af627,marketscreener.com,20260307T004500Z,Crypto,False,0.026,market,,0,0.0,neutral,low
Weekly market update : Markets caught in the cycle,https://www.marketscreener.com/news/weekly-market-update-markets-caught-in-the-cycle-ce7e5fd8d18af526,marketscreener.com,20260307T004500Z,Crypto,False,0.026,market,,0,0.0,neutral,low
Weekly market update : Markets caught in the cycle,https://www.marketscreener.com/news/weekly-market-update-markets-caught-in-the-cycle-ce7e5fd8d18af721,marketscreener.com,20260307T004500Z,Crypto,False,0.026,market,,0,0.0,neutral,low
Weekly market update : Markets caught in the cycle,https://www.marketscreener.com/news/weekly-market-update-markets-caught-in-the-cycle-ce7e5fd8d18af621,marketscreener.com,20260307T004500Z,Crypto,False,0.026,market,,0,0.0,neutral,low
Weekly market update : Markets caught in the cycle,https://www.marketscreener.com/news/weekly-market-update-markets-caught-in-the-cycle-ce7e5fd8d18af525,marketscreener.com,20260307T004500Z,Crypto,False,0.026,market,,0,0.0,neutral,low
"Vitalik Drops Ethereum Endgame Bombshell : ETH USD to $3 , 000 ? ",https://finance.yahoo.com/news/vitalik-drops-ethereum-endgame-bombshell-083137533.html,finance.yahoo.com,20260307T003000Z,Crypto,False,0.0,,,0,0.0,neutral,low
Bank Regulators Clarify That Crypto Qualifies as Collateral Under Capital Reserves Rule,https://www.pymnts.com/cpi-posts/bank-regulators-clarify-that-crypto-qualifies-as-collateral-under-capital-reserves-rule/,pymnts.com,20260306T230000Z,Crypto,False,0.0,,,0,0.0,neutral,low
XRP Price Prediction 2026 : Visa and Stripe Push Stablecoins Into,https://www.openpr.com/news/4415884/xrp-price-prediction-2026-visa-and-stripe-push-stablecoins-into,openpr.com,20260306T220000Z,Crypto,False,0.0,,V,1,0.0,neutral,low
"Bitcoin , Ethereum , XRP , Dogecoin Slide 4 % In  Classic Friday Selloff  ",https://www.benzinga.com/crypto/cryptocurrency/26/03/51109032/bitcoin-ethereum-xrp-dogecoin-slide-4-in-classic-friday-selloff,benzinga.com,20260306T211500Z,Crypto,False,0.0,,GE,1,0.0,neutral,low
California taxpayer - backed pension systems invest in Bitcoin and crypto – Whittier Daily News,https://www.whittierdailynews.com/2026/03/06/californias-taxpayer-backed-pension-systems-invest-in-bitcoin-and-crypto/,whittierdailynews.com,20260306T211500Z,Crypto,False,0.0,,,0,0.0258,neutral,low
"How Morgan Stanley , TD Cowen , Citibank Are Embracing Bitcoin",https://www.benzinga.com/crypto/cryptocurrency/26/03/51110749/how-morgan-stanley-td-cowen-citibank-are-embracing-bitcoin,benzinga.com,20260306T211500Z,Crypto,False,0.0,,"MS, C",2,0.0,neutral,low
"1 Overhyped Stock That Could Turn $100 , 000 Into Nothing",https://www.fool.ca/2026/03/06/1-overhyped-stock-that-could-turn-100000-into-nothing/,fool.ca,20260306T211500Z,Crypto,False,0.026,stock,,0,0.0,neutral,low
Crypto News : New Crypto Pepeto Declare $7 . 666M in Record Demand as Cardano Price Prediction Eyes $5,https://www.manilatimes.net/2026/03/07/tmt-newswire/globenewswire/crypto-news-new-crypto-pepeto-declare-7666m-in-record-demand-as-cardano-price-prediction-eyes-5/2295093,manilatimes.net,20260306T210000Z,Crypto,False,0.0,,,0,-0.128,negative,low
"How private credit cracks at BlackRock , Blue Owl could hit crypto and DeFi markets",https://www.coindesk.com/markets/2026/03/06/blackrock-private-credit-fund-is-latest-to-crack-hitting-crypto-prices-and-defi-markets,coindesk.com,20260306T204500Z,Crypto,False,0.026,market,BLK,1,0.3818,positive,low
California taxpayer - backed pension systems invest in Bitcoin and crypto – Daily Bulletin,https://www.dailybulletin.com/2026/03/06/californias-taxpayer-backed-pension-systems-invest-in-bitcoin-and-crypto/,dailybulletin.com,20260306T203000Z,Crypto,False,0.0,,,0,0.0258,neutral,low
What Newcomers Should Know About Prediction Markets,https://www.fwweekly.com/2026/03/06/what-newcomers-should-know-about-prediction-markets/,fwweekly.com,20260306T191500Z,Crypto,False,0.026,market,,0,0.0,neutral,low
"Bitcoin dives again after disappointing jobs report , ending midweek rally",https://fortune.com/2026/03/06/bitcoin-dives-again-after-disappointing-jobs-report-ending-midweek-rally/,fortune.com,20260306T190000Z,Crypto,False,0.0,,,0,-0.4939,negative,low
Bitcoin Liquidation Map Predicts The Next Targets To Watch Out For,https://www.newsbtc.com/news/bitcoin/bitcoin-liquidation-map-target/,newsbtc.com,20260306T190000Z,Crypto,False,0.0,,"GE, TGT",2,0.0,neutral,low
"Bitcoin Plunges To $68 , 000 As Oil Surges Beyond $90 : End Of The Relief Rally ? ",https://www.benzinga.com/crypto/cryptocurrency/26/03/51106060/bitcoin-plunges-to-68000-as-oil-surges-beyond-90-end-of-the-relief-rally,benzinga.com,20260306T184500Z,Crypto,False,0.0,,GE,1,0.4767,positive,low
"Watch This Signal For A Bitcoin Bottom , Bitwise Matt Hougan Says",https://www.benzinga.com/crypto/cryptocurrency/26/03/51102262/watch-this-signal-for-a-bitcoin-bottom-bitwises-matt-hougan-says,benzinga.com,20260306T173000Z,Crypto,False,0.0,,,0,0.0,neutral,low
"Top Crypto to Buy Now in 2026 : XRP Expands Payments , Solana Hits",https://www.openpr.com/news/4415662/top-crypto-to-buy-now-in-2026-xrp-expands-payments-solana-hits,openpr.com,20260306T171500Z,Crypto,False,0.0,,,0,0.296,positive,low
Kazakhstan Central Bank To Channel $350 Million Of Reserves Into Crypto And Bitcoin  Investments,https://bitcoinmagazine.com/news/kazakhstans-central-bank-bitcoin,bitcoinmagazine.com,20260306T170000Z,Crypto,False,0.0,,,0,0.0,neutral,low
"Everygame Review : Poker , Sports Betting and Casino Options Galore ! ",https://www.flushdraw.net/review/everygame-eu/,flushdraw.net,20260306T164500Z,Crypto,False,0.0,,TSLA,1,0.0,neutral,low
"BetOnline Sports , Casino and Poker - FULL ANALYSIS",https://www.flushdraw.net/review/betonline-ag/,flushdraw.net,20260306T164500Z,Crypto,False,0.0,,,0,0.0,neutral,low
Why Vancouver Rejected the  Bitcoin - Friendly City  Push And the Real Bitcoin City Youve Never Heard Of,https://finance.yahoo.com/news/why-vancouver-rejected-bitcoin-friendly-154715697.html,finance.yahoo.com,20260306T161500Z,Crypto,False,0.0,,TSLA,1,-0.0258,neutral,low
"March 5 , 2026 - CU Independent",https://www.cuindependent.com/2026/03/05/,cuindependent.com,20260306T161500Z,Crypto,False,0.0,,,0,0.0,neutral,low
When will the Bitcoin bear market end ? ,https://www.moneysense.ca/columns/canadian-crypto-observer/when-will-the-bitcoin-bear-market-end/,moneysense.ca,20260306T160000Z,Crypto,False,0.026,market,,0,0.0,neutral,low
Aptos Price Prediction After Supply Cap Vote and XRP Deutsche,https://www.openpr.com/news/4415617/aptos-price-prediction-after-supply-cap-vote-and-xrp-deutsche,openpr.com,20260306T160000Z,Crypto,False,0.0,,,0,0.0,neutral,low
"Strike wins New York BitLicense , clearing path for bitcoin financial services rollout",https://www.coindesk.com/business/2026/03/06/strike-secures-new-york-bitlicense-opening-bitcoin-financial-services-to-state-residents,coindesk.com,20260306T154500Z,Crypto,False,0.0,,,0,0.4939,positive,low
Solana ETFs Are  Defying Physic With $1 . 5B Inflows Despite 57 % Crash,https://www.benzinga.com/crypto/cryptocurrency/26/03/51097580/solana-etfs-are-defying-physics-with-1-5b-inflows-despite-57-crash,benzinga.com,20260306T154500Z,Crypto,False,0.0,,,0,0.3089,positive,low
Russia Considers Simplified Licensing Path For Bank - Run Crypto Exchanges,https://bitcoinmagazine.com/news/russia-considers-bank-run-crypto-exchanges,bitcoinmagazine.com,20260306T154500Z,Crypto,False,0.0,,GE,1,0.0,neutral,low
"Strike Secures New York BitLicense , Opening Bitcoin Financial Services To State Residents",https://bitcoinmagazine.com/news/strike-secures-new-york-bitlicense,bitcoinmagazine.com,20260306T154500Z,Crypto,False,0.0,,,0,0.2023,positive,low
Bitcoin ( BTC ) price by short - termism as rally fades ahead of U . S . payrolls report : Crypto Daybook Americas,https://www.coindesk.com/daybook-us/2026/03/06/bitcoin-hit-by-short-termism-as-rally-fades-ahead-of-u-s-jobs-data,coindesk.com,20260306T154500Z,Crypto,False,0.0,,,0,0.0,neutral,low
Bitcoin fails to sustain breakout momentum as rate hikes beckon : Crypto Markets Today,https://www.coindesk.com/markets/2026/03/06/bitcoin-extends-decline-from-usd74-000-derivatives-data-point-to-cautious-positioning,coindesk.com,20260306T154500Z,Crypto,False,0.026,market,,0,-0.4215,negative,low
"Baystreet . ca - Crypto Rally Fades As Bitcoin Drops Below $70 , 000",http://baystreet.ca/cryptonews/1258/Crypto-Rally-Fades-As-Bitcoin-Drops-Below-70000,baystreet.ca,20260306T154500Z,Crypto,False,0.0,,,0,0.0,neutral,low
Kazakhstan central bank to invest up to $350 million in crypto and digital asset markets,https://www.coindesk.com/business/2026/03/06/kazakhstan-central-bank-to-invest-usd350-million-worth-of-gold-forex-reserves-into-digital-assets,coindesk.com,20260306T154500Z,Crypto,False,0.026,market,,0,0.3612,positive,low
Bitcoin ETF Flows Defend $70K BTC Price : New Layer 2 Next ? ,https://partners.coinspeaker.com/bitcoin-etf-flows-defend-70k-btc-usd-price-new-layer-2-next,partners.coinspeaker.com,20260306T154500Z,Crypto,False,0.0,,,0,0.0,neutral,low
Bitcoin Is a Real - Time Sentiment Gauge for Weekend Warmongering,https://cointelegraph.com/features/bitcoin-real-time-sentiment-gauge-weekend-war,cointelegraph.com,20260306T151500Z,Crypto,False,0.0,,GE,1,-0.5423,negative,low
Bybit and Block Scholes Report Highlights Crypto Market Resilience Amid Geopolitical Tensions,https://www.financial-news.co.uk/bybit-and-block-scholes-report-highlights-crypto-market-resilience-amid-geopolitical-tensions/,financial-news.co.uk,20260306T150000Z,Crypto,False,0.026,market,GE,1,-0.6808,negative,low
"XRP Surges , Solargy Energy Presale Excites Investors",https://www.openpr.com/news/4415555/xrp-surges-solargy-energy-presale-excites-investors,openpr.com,20260306T150000Z,Crypto,False,0.026,investor,GE,1,0.6369,positive,low
"Should You Buy XRP With $1 , 000 , or Zcash ( ZEC )? ",https://www.fool.com/investing/2026/03/06/should-you-buy-xrp-with-1000-or-zcash-zec/?source=iedfolrf0000001,fool.com,20260306T143000Z,Crypto,False,0.0,,,0,0.0,neutral,low
"Prediction Markets Put Just 11 % Odds on Bitcoin Reaching $150 , 000 by Year - End -- Is That Too Bearish ? ",https://www.fool.com/investing/2026/03/06/prediction-markets-put-just-11-odds-on-bitcoin-rea/?source=iedfolrf0000001,fool.com,20260306T143000Z,Crypto,False,0.026,market,,0,0.2023,positive,low
"Bitcoin Rally May Be Setting Up A Macro Lower High , Analyst Says",https://www.newsbtc.com/news/bitcoin/bitcoin-macro-lower-high/,newsbtc.com,20260306T143000Z,Crypto,False,0.0,,AAPL,1,-0.296,negative,low
US - sanctioned gas tanker reportedly transited the Strait of Hormuz this morning ; US equity futures softer into NFP - Newsquawk US Opening News,https://www.zerohedge.com/markets/us-sanctioned-gas-tanker-reportedly-transited-strait-hormuz-morning-us-equity-futures,zerohedge.com,20260306T134500Z,Crypto,False,0.0,,,0,0.0,neutral,low
Can the recent Bitcoin rally last long ? - London Business News,https://londonlovesbusiness.com/can-the-recent-bitcoin-rally-last-long/,londonlovesbusiness.com,20260306T134500Z,Crypto,False,0.0,,,0,0.0,neutral,low
"BTCC exchange review : Security , features and more - London Business News",https://londonlovesbusiness.com/btcc-exchange-review-security-features-and-more/,londonlovesbusiness.com,20260306T134500Z,Crypto,False,0.0,,"GE, TSLA",2,0.34,positive,low
"Cryptos Decline Amidst CLARITY Act Delay , ETF Outflows",https://www.rttnews.com/3628588/cryptos-decline-amidst-clarity-act-delay-etf-outflows.aspx,rttnews.com,20260306T134500Z,Crypto,False,0.0,,,0,0.2808,positive,low
Fineqia International Matteo Greco on crypto ETP outflows : market reset or bear phase ? ,https://www.proactiveinvestors.com/companies/news/1088459/fineqia-international-s-matteo-greco-on-crypto-etp-outflows-market-reset-or-bear-phase-1088459.html,proactiveinvestors.com,20260306T133000Z,Crypto,False,0.026,market,,0,0.0,neutral,low
"Kevin O  Leary Backs Large - Scale Data Centre Projects in US , Canada to Provide Gigawatts of AI - Ready Power",https://www.ibtimes.com/kevin-o-leary-backs-large-scale-data-centre-projects-us-canada-provide-gigawatts-ai-ready-power-3798538,ibtimes.com,20260306T133000Z,Crypto,False,0.0,,"GE, TSLA",2,0.3182,positive,low
"Crypto Bounces Back , Spurring Hopes Coin Has Found Stable Price Floor",https://finance.yahoo.com/news/crypto-bounces-back-spurring-hopes-050100724.html,finance.yahoo.com,20260306T133000Z,Crypto,False,0.0,,,0,0.6124,positive,low
Bitcoin - Kurs aktuell : Bitcoin vor dem Wochenende rutscht auf 69 . 933 USD – Bären - Alarm ? - 06 . 03 . 26,https://www.wallstreet-online.de/nachricht/20586313-bitcoin-kurs-aktuell-bitcoin-wochenende-rutscht-69-933-usd-baeren-alarm-06-03-26,wallstreet-online.de,20260306T133000Z,Crypto,False,0.0,,,0,-0.34,negative,low
Shiba Inu ( SHIB ) Attempts Recovery While Mutuum Finance ( MUTM ) ,https://www.openpr.com/news/4415526/shiba-inu-shib-attempts-recovery-while-mutuum-finance-mutm,openpr.com,20260306T133000Z,Crypto,False,0.0,,,0,0.0,neutral,low
Odwrócony  altseason  i bessa ? Kryptowaluty krwawią mocniej niż po upadku FTX,https://www.bankier.pl/wiadomosc/Odwrocony-altseason-i-bessa-Kryptowaluty-krwawia-mocniej-niz-po-upadku-FTX-9094014.html,bankier.pl,20260306T121500Z,Crypto,False,0.0,,,0,-0.5574,negative,low
"Kevin O  Leary Backs Large - Scale Data Centre Projects in US , Canada to Provide Gigawatts of AI - Ready Power",https://www.ibtimes.co.uk/kevin-oleary-data-centre-projects-1783616,ibtimes.co.uk,20260306T120000Z,Crypto,False,0.0,,"GE, TSLA",2,0.3182,positive,low
Islay Capital Management LLC Buys New Holdings in The Western Union Company $WU,https://www.themarketsdaily.com/2026/03/06/islay-capital-management-llc-buys-new-holdings-in-the-western-union-company-wu.html,themarketsdaily.com,20260306T120000Z,Crypto,False,0.0,,GE,1,0.0,neutral,low
1 Number That Shows Why Bitcoin Will Go Higher in the Long Term,https://www.fool.com/investing/2026/03/06/1-number-that-shows-why-bitcoin-will-go-higher-ove/?source=iedfolrf0000001,fool.com,20260306T120000Z,Crypto,False,0.0,,,0,0.0772,positive,low
2 Reasons to Buy Bitcoin Before June 2026,https://www.fool.com/investing/2026/03/06/x-reasons-to-buy-cryptocurrency-before-date/?source=iedfolrf0000001,fool.com,20260306T120000Z,Crypto,False,0.0,,,0,0.0,neutral,low
Billionaires Are Loading Up on Index Funds While Retail Investors Chase Crypto . Here Which Side Id Bet on for 2035 . ​,https://www.fool.com/investing/2026/03/06/billionaires-are-loading-up-on-index-funds-while-r/?source=iedfolrf0000001,fool.com,20260306T120000Z,Crypto,False,0.026,investor,JPM,1,0.0,neutral,low
Should You Forget Bitcoin and Buy Franco - Nevada Instead ? ,https://www.fool.com/investing/2026/03/06/should-you-forget-bitcoin-and-buy-franco-nevada-in/?source=iedfolrf0000001,fool.com,20260306T120000Z,Crypto,False,0.0,,"GE, TSLA",2,-0.2263,negative,low
Better Cryptocurrency to Buy and Hold for 10 Years or More : Bitcoin vs . Cardano,https://www.fool.com/investing/2026/03/06/better-cryptocurrency-to-buy-and-hold-for-10-years/?source=iedfolrf0000001,fool.com,20260306T120000Z,Crypto,False,0.0,,,0,0.4404,positive,low
Finance and technology : united kingdom charts its own regulatory course on cryptoassets,https://www.ibanet.org/Finance-and-technology-UK-charts-its-own-regulatory-course-on-cryptoassets,ibanet.org,20260306T120000Z,Crypto,False,0.0,,,0,0.4215,positive,low
Bitcoin Safe Haven Narrative Returns : Will Global Instability Push Investors Toward BTC ? ,https://sofokleous10.gr/2026/03/06/bitcoin-safe-haven-narrative-returns-will-global-instability-push-investors-toward-btc/,sofokleous10.gr,20260306T111500Z,Crypto,False,0.026,investor,,0,0.4404,positive,low
"Bitcoin and Stocks Find a Floor , But Bond Market Says Risk - Off Isnt Over",https://www.coinspeaker.com/bitcoin-stocks-stabilize-bond-market-risk-off/,coinspeaker.com,20260306T110000Z,Crypto,True,0.051,"stock, market",,0,-0.3919,negative,low
Altcoin Season  Game Is Over : Matt Hougan,https://cointelegraph.com/news/altcoin-seasons-are-over-expect-non-traditional-cycles-ahead-bitwise-cio,cointelegraph.com,20260306T110000Z,Crypto,False,0.0,,,0,0.0,neutral,low
"Bybit and Tether Deepen Strategic Collaboration With  Golden Season , Bringing Gold - Backed Stability to Crypto Investors",https://www.prnewswire.com/news-releases/bybit-and-tether-deepen-strategic-collaboration-with-golden-season-bringing-gold-backed-stability-to-crypto-investors-302706545.html,prnewswire.com,20260306T104500Z,Crypto,False,0.026,investor,,0,0.0258,neutral,low
ANALİZ : Kripto para piyasasında  İran  uykusuzluğu,https://www.timeturk.com/ekonomi/analiz-kripto-para-piyasasinda-iran-uykusuzlugu-haber-1829572,timeturk.com,20260306T103000Z,Crypto,False,0.0,,,0,0.0,neutral,low
"Women hold just 25 % of mutual fund folios , start investing 5 years later than men : Report",https://economictimes.indiatimes.com/mf/mf-news/women-hold-just-25-of-mutual-fund-folios-start-investing-5-years-later-than-men-report/articleshow/129145500.cms,economictimes.indiatimes.com,20260306T101500Z,Crypto,False,0.0,,AAPL,1,0.0,neutral,low
"Crypto - Games . io - Your Premier Crypto Casino : Bitcoin , Ethereum & More ! ",https://crypto-games.io/en/casino?r=RepurposedWebsites_USA&clickId=fx_b147771_a6e62020ff10ecc9eeb14691df402594_1,crypto-games.io,20260306T101500Z,Crypto,False,0.0,,,0,0.0,neutral,low
How We Evaluate,https://www.ccenterdispatch.com/our-review-methodology/,ccenterdispatch.com,20260306T101500Z,Crypto,False,0.0,,TSLA,1,0.0,neutral,low
NFO Alert : Aditya Birla Sun Life Mutual Fund launches Apex SIF maiden strategy with Hybrid Long - Short Fund,https://economictimes.indiatimes.com/mf/mf-news/nfo-alert-aditya-birla-sun-life-mutual-fund-launches-apex-sifs-maiden-strategy-with-hybrid-long-short-fund/articleshow/129142811.cms,economictimes.indiatimes.com,20260306T094500Z,Crypto,False,0.0,,,0,0.296,positive,low
Crude eases as China negotiates safe passage through Hormuz ; US jobs awaits - Newsquawk EU Market Open,https://www.zerohedge.com/markets/crude-eases-china-negotiates-safe-passage-through-hormuz-us-jobs-awaits-newsquawk-eu-market,zerohedge.com,20260306T093000Z,Crypto,False,0.026,market,GE,1,0.2023,positive,low
Fineqia International Matteo Greco on crypto ETP outflows : market reset or bear phase ? ,https://www.proactiveinvestors.co.uk/companies/news/1088459/fineqia-internationals-matteo-greco-on-crypto-etp-outflows-market-reset-or-bear-phase.html,proactiveinvestors.co.uk,20260306T093000Z,Crypto,False,0.026,market,,0,0.0,neutral,low
Best Crypto to Buy in a Bear Market ? LiquidChain Cross - Chain Model Stands Out,https://www.newsbtc.com/sponsored/best-crypto-to-buy-in-a-bear-market-liquidchains-cross-chain-model-stands-out/,newsbtc.com,20260306T093000Z,Crypto,False,0.026,market,TSLA,1,0.6369,positive,low
Why Trump latest Truth should make TradFi twitchy,https://www.risk.net/our-take/7963191/why-trump%E2%80%99s-latest-truth-should-make-tradfi-twitchy,risk.net,20260306T084500Z,Crypto,False,0.0,,,0,0.3182,positive,low
Eddid Financial Awards Bitcoin and Cash in Innovative Bonus Scheme,https://www.thailand-business-news.com/pr-news/eddid-financial-awards-bitcoin-and-cash-in-innovative-bonus-scheme,thailand-business-news.com,20260306T084500Z,Crypto,False,0.0,,,0,0.8555,positive,low
Fineqia International Matteo Greco on crypto ETP outflows : market reset or bear phase ? ,https://www.proactiveinvestors.com/companies/news/1088459/fineqia-internationals-matteo-greco-on-crypto-etp-outflows-market-reset-or-bear-phase.html,proactiveinvestors.com,20260306T083000Z,Crypto,False,0.026,market,,0,0.0,neutral,low
Circle Internet Group ( NYSE : CRCL ) Price Target Raised to $100 . 00,https://www.tickerreport.com/banking-finance/13369284/circle-internet-group-nysecrcl-price-target-raised-to-100-00.html,tickerreport.com,20260306T081500Z,Crypto,False,0.0,,"GE, TGT",2,0.0,neutral,low
Bitcoin Roars Back : Here What Drove a 7 % Surge In the World Largest Cryptocurrency Today,https://finance.yahoo.com/news/bitcoin-roars-back-heres-drove-193948688.html,finance.yahoo.com,20260306T080000Z,Crypto,False,0.0,,GE,1,0.0,neutral,low
KuCoin Named Bitcoin Spot Growth Leader and Top Performer in CryptoQuant Annual Exchange Leader Report 2025,https://www.manilatimes.net/2026/03/06/tmt-newswire/pr-newswire/kucoin-named-bitcoin-spot-growth-leader-and-top-performer-in-cryptoquants-annual-exchange-leader-report-2025/2294633,manilatimes.net,20260306T074500Z,Crypto,False,0.026,growth,GE,1,0.5267,positive,low
"Bitcoin tops $73 , 000 as investors look for a hedge , crypto stocks surge after Kraken news",https://finance.yahoo.com/news/bitcoin-tops-73000-as-investors-look-for-a-hedge-crypto-stocks-surge-after-kraken-news-175357273.html,finance.yahoo.com,20260306T074500Z,Crypto,True,0.051,"stock, investor",GE,1,0.5106,positive,low
XRP Is Soaring Today -- Is the Cryptocurrency a Buy ? ,https://finance.yahoo.com/news/xrp-soaring-today-cryptocurrency-buy-190057011.html,finance.yahoo.com,20260306T071500Z,Crypto,False,0.0,,,0,0.0,neutral,low
KuCoin Named Bitcoin Spot Growth Leader and Top Performer in CryptoQuant Annual Exchange Leader Report 2025,https://www.finanznachrichten.de/nachrichten-2026-03/67872112-kucoin-named-bitcoin-spot-growth-leader-and-top-performer-in-cryptoquant-s-annual-exchange-leader-report-2025-008.htm,finanznachrichten.de,20260306T064500Z,Crypto,False,0.026,growth,GE,1,0.5267,positive,low
"Top Crypto Price Predictions : Lombard , Humanity Protocol , OKB",https://www.banklesstimes.com/articles/2026/03/06/top-crypto-price-predictions-lombard-humanity-protocol-okb/,banklesstimes.com,20260306T064500Z,Crypto,False,0.0,,,0,0.2023,positive,low
Arthur Hayes Says Rising Treasury Yields Could Trigger A Money - Printing Bailout And  Benefit  Bitcoin,https://www.benzinga.com/crypto/cryptocurrency/26/03/51088992/arthur-hayes-says-rising-treasury-yields-could-trigger-a-money-printing-bailout-and-benefit,benzinga.com,20260306T064500Z,Crypto,False,0.0,,GE,1,0.5267,positive,low
KuCoin Named Bitcoin Spot Growth Leader and Top Performer in CryptoQuant Annual Exchange Leader Report 2025,http://www.prnewswire.com/news-releases/kucoin-named-bitcoin-spot-growth-leader-and-top-performer-in-cryptoquants-annual-exchange-leader-report-2025-302706222.html,prnewswire.com,20260306T064500Z,Crypto,False,0.026,growth,GE,1,0.5267,positive,low
How Iran is fighting a war under sanctions : The secret Bitcoin mining keeping its economy afloat,https://www.moneycontrol.com/world/how-iran-is-fighting-a-war-under-sanctions-the-secret-bitcoin-mining-keeping-its-economy-afloat-article-13852652.html,moneycontrol.com,20260306T064500Z,Crypto,False,0.026,economy,,0,-0.7506,negative,low
Construction Begins at 1M Qubit Quantum Facility,https://cointelegraph.com/news/construction-quantum-facility-1m-qubits-begins,cointelegraph.com,20260306T060000Z,Crypto,False,0.0,,,0,0.0,neutral,low
Arthur Hayes Says Rising Treasury Yields Could Trigger A Money - Printing Bailout And  Benefit  Bitcoin,https://www.benzinga.com/crypto/cryptocurrency/26/03/51088992/arthur-hayes-says-rising-treasury-yields-could-trigger-a-money-printing-bailout-and-benefit-bitcoin,benzinga.com,20260306T060000Z,Crypto,False,0.0,,GE,1,0.5267,positive,low
"Bitcoin Price Faces  Make - or - Break  Support at $62 , 300 Amid $9B ETF Outflow Pressure",https://finance.yahoo.com/news/bitcoin-price-faces-break-support-175903252.html,finance.yahoo.com,20260306T060000Z,Crypto,False,0.0,,,0,0.128,positive,low
Lyn Alden Tips Bitcoin Outperforming Gold Through to 2029,https://cointelegraph.com/news/bitcoin-gold-outperform-prediction-macroeconomist-lyn-alden,cointelegraph.com,20260306T060000Z,Crypto,False,0.0,,,0,0.0,neutral,low
"Prediction Markets Are Pricing in Pennies for a $150 , 000 Bitcoin by March -- Here Why I Still Wouldnt Bet Against This Crypto Wild Card",https://finance.yahoo.com/news/prediction-markets-pricing-pennies-150-043500832.html,finance.yahoo.com,20260306T051500Z,Crypto,False,0.026,market,,0,0.0,neutral,low
"Prediction Markets Are Pricing in Pennies for a $150 , 000 Bitcoin by March -- Here Why I Still Wouldnt Bet Against This Crypto Wild Card",https://www.fool.com/investing/2026/03/05/prediction-markets-are-pricing-in-pennies-for-a-15/?source=iedfolrf0000001,fool.com,20260306T051500Z,Crypto,False,0.026,market,,0,0.0,neutral,low
"Bitcoin Prints A 2022 - Like Iran War Chart , But It Not",https://www.newsbtc.com/bitcoin-news/bitcoin-2022-like-iran-war-chart/,newsbtc.com,20260306T044500Z,Crypto,False,0.0,,,0,-0.1779,negative,low
Digital Currency & Blockchain Quarterly Litigation Update,https://www.mondaq.com:443/unitedstates/fintech/1753230/digital-currency-blockchain-quarterly-litigation-update,mondaq.com,20260306T034500Z,Crypto,False,0.026,quarter,,0,-0.2023,negative,low
"Bitcoin , Ethereum , XRP , Dogecoin Fall , While Oil Surges Amid Middle East War : Analytics Firm Says BTC Is  Still In A Bear Market  - Grayscale Bitcoin Mini Trust ( BTC ) ( ARCA : BTC ) ",https://www.benzinga.com/crypto/cryptocurrency/26/03/51088542/bitcoin-ethereum-xrp-dogecoin-fall-while-oil-surges-amid-middle-east-war-analytics-firm-say,benzinga.com,20260306T031500Z,Crypto,False,0.026,market,GE,1,-0.1531,negative,low
"Netflix Buys Affleck Secret AI Company , Claude Dethrones ChatGPT , Smart Glasses Lead MWC , AI Layoffs Hit Block",https://www.forbes.com/sites/charliefink/2026/03/05/claude-dethrones-chatgpt-smart-glasses-lead-mwc-ai-layoffs-hit-block/,forbes.com,20260306T030000Z,Crypto,False,0.026,layoff,NFLX,1,-0.0516,negative,low
Zcash ( ZEC ) Price Prediction : Social Activity Surges as $233 Support Reclaim Opens Path Towards $260,https://bravenewcoin.com/insights/zcash-zec-price-prediction-social-activity-surges-as-233-support-reclaim-opens-path-towards-260,bravenewcoin.com,20260306T021500Z,Crypto,False,0.0,,GE,1,0.4019,positive,low
Bitcoin stalls as Iran crisis lingers over crypto sentiments,https://economictimes.indiatimes.com/markets/cryptocurrency/bitcoin-stalls-as-iran-crisis-lingers-over-crypto-sentiments/articleshow/129123481.cms,economictimes.indiatimes.com,20260306T013000Z,Crypto,False,0.0,,GE,1,-0.6249,negative,low
"CleanSpark Sells Most February BTC Output , Generating $36 . 6M in Proceeds",https://cointelegraph.com/news/cleanspark-sells-most-february-bitcoin-output-generating-36-6m-in-proceeds,cointelegraph.com,20260306T010000Z,Crypto,False,0.0,,GE,1,0.0,neutral,low
3 Things Every Strategy Investor Needs to Know,https://www.fool.com/investing/2026/03/05/3-things-every-strategy-investor-needs-to-know/?source=iedfolrf0000001,fool.com,20260306T010000Z,Crypto,False,0.026,investor,TSLA,1,0.0,neutral,low
1 Cryptocurrency Set to Rebound in 2026,https://www.fool.com/investing/2026/03/05/1-cryptocurrency-set-to-rebound-in-2026/?source=iedfolrf0000001,fool.com,20260306T010000Z,Crypto,False,0.0,,,0,0.0,neutral,low
Aptos Crypto Slides Under $1 Again and XRP Current Price Stalls,https://www.openpr.com/news/4414610/aptos-crypto-slides-under-1-again-and-xrp-current-price-stalls,openpr.com,20260306T004500Z,Crypto,False,0.0,,,0,0.0,neutral,low
"Top Crypto Coins to Own in 2026 : XRP , Cardano ADA , Hedera HBAR Each",https://www.openpr.com/news/4414612/top-crypto-coins-to-own-in-2026-xrp-cardano-ada-hedera-hbar-each,openpr.com,20260306T004500Z,Crypto,False,0.0,,,0,0.2023,positive,low
The vision of an eToro investor betting on technology and discipline,https://www.bursa.ro/the-vision-of-an-etoro-investor-betting-on-technology-and-discipline-67675858,bursa.ro,20260306T000000Z,Crypto,False,0.026,investor,,0,0.25,positive,low
"Bitcoin Consolidates Near Key Support Band $77 , 000 Holds The Key To The Next Move",https://www.newsbtc.com/news/bitcoin/bitcoin-near-key-support-band/,newsbtc.com,20260305T234500Z,Crypto,False,0.0,,,0,0.4019,positive,low
"XRP To Pass Bitcoin , US Veteran Claims Amid War Forecast",https://www.newsbtc.com/news/bitcoin/xrp-to-pass-bitcoin-us-veteran-claims-amid-war-forecast/,newsbtc.com,20260305T234500Z,Crypto,False,0.0,,,0,-0.5994,negative,low
Indiana Governor Signs Bill Allowing Crypto In Retirement Plans,https://www.zerohedge.com/crypto/indiana-governor-signs-bill-allowing-crypto-retirement-plans,zerohedge.com,20260305T231500Z,Crypto,False,0.0,,,0,0.0,neutral,low
XRP Price Today and Bittensor Price Consolidate While Pepeto,https://www.openpr.com/news/4414551/xrp-price-today-and-bittensor-price-consolidate-while-pepeto,openpr.com,20260305T231500Z,Crypto,False,0.0,,,0,0.0,neutral,low
Crypto News : Pepeto Confirms Binance Listing Soon as XRP Price Prediction Targets $10 and Whales Move In,https://www.manilatimes.net/2026/03/06/tmt-newswire/globenewswire/crypto-news-pepeto-confirms-binance-listing-soon-as-xrp-price-prediction-targets-10-and-whales-move-in/2294516,manilatimes.net,20260305T224500Z,Crypto,False,0.0,,"GE, TGT",2,0.0,neutral,low
PlayAmo Local casino Comment 2026 A good santa surprise slot The - Round Casino,http://www.worldtechtoday.com/2026/03/05/132427/playamo-local-casino-comment-2026-a-good-santa-surprise-slot-the-round-casino.html,worldtechtoday.com,20260305T223000Z,Crypto,False,0.0,,,0,0.6124,positive,low
"Crypto Stocks Strategy , Coinbase , and Circle Jump in Premarket Trading Wednesday",https://finance.yahoo.com/news/crypto-stocks-strategy-coinbase-circle-134631649.html,finance.yahoo.com,20260305T220000Z,Crypto,True,0.077,"stock, market, trading",,0,0.0,neutral,low
Rumble Reports Fourth Quarter and Full Year 2025 Results,https://www.manilatimes.net/2026/03/06/tmt-newswire/globenewswire/rumble-reports-fourth-quarter-and-full-year-2025-results/2294473,manilatimes.net,20260305T220000Z,Crypto,False,0.026,quarter,,0,0.0,neutral,low
"Bitcoin , XRP , and other crypto prices are rising today . What Trump said on Truth Social to boost digital assets",https://finance.yahoo.com/news/bitcoin-xrp-other-crypto-prices-132200858.html,finance.yahoo.com,20260305T214500Z,Crypto,False,0.0,,,0,0.6908,positive,low
"Bitcoin Surges to $74 , 000 After President Trump Throws Support Behind Key Crypto Bill",https://www.investopedia.com/bitcoin-surges-after-president-trump-throws-support-behind-key-crypto-bill-11919161,investopedia.com,20260305T214500Z,Crypto,False,0.0,,GE,1,0.4019,positive,low
XRP Price Prediction : Harmonic Pattern Hints at $1 . 50 Breakout as XRP Attempts Market Recovery,https://bravenewcoin.com/insights/xrp-price-prediction-harmonic-pattern-hints-at-1-50-breakout-as-xrp-attempts-market-recovery,bravenewcoin.com,20260305T214500Z,Crypto,False,0.026,market,,0,0.4215,positive,low
Cryptohack Roundup : Ariomex Leak Flags Iran Sanction Risks,https://www.govinfosecurity.com/cryptohack-roundup-ariomex-leak-flags-iran-sanction-risks-a-30919,govinfosecurity.com,20260305T214500Z,Crypto,False,0.0,,,0,-0.5423,negative,low
Best Crypto Telegram Channels in 2026 : Ranked & Reviewed,https://www.directionsmag.com/crypto/best-crypto-telegram-channels-in-2026-ranked-reviewed-and-safe-to-use,directionsmag.com,20260305T213000Z,Crypto,False,0.0,,TSLA,1,0.6369,positive,low
"IRS 1099 - DA Reporting Gaps Could Cause Crypto Investors to Overpay Taxes by $14 , 500 , Summ Analysis Finds",https://www.cpapracticeadvisor.com/2026/03/05/irs-1099-da-reporting-gaps-could-cause-crypto-investors-to-overpay-taxes-by-14500-analysis-finds/179323/,cpapracticeadvisor.com,20260305T211500Z,Crypto,False,0.026,investor,,0,0.0,neutral,low
"Crypto Legislation Stalls As White House , Banks Clash",https://bitcoinmagazine.com/news/crypto-legislation-stalls-in-washington,bitcoinmagazine.com,20260305T211500Z,Crypto,False,0.0,,,0,0.0,neutral,low
Mike Selig Confirmed As A Bitcoin 2026 Speaker,https://bitcoinmagazine.com/conference/mike-selig-confirmed-as-a-bitcoin-2026-speaker,bitcoinmagazine.com,20260305T211500Z,Crypto,False,0.0,,,0,0.0,neutral,low
"Bitcoin Traders See Bleak Rebound Odds as $74 , 000 Fades",https://cointelegraph.com/news/bitcoin-trader-sees-lower-soon-btc-price-starts-erase-74k-breakout,cointelegraph.com,20260305T201500Z,Crypto,False,0.0,,,0,0.0,neutral,low
"Oil Hits $79 on Iran Crisis , Dow Drops 826 Points Thursday - U . S . Global Jets ETF ( ARCA : JETS ), State Street Energy Select Sector SPDR ETF ( ARCA : XLE ), State Street Health Care Select Sector SPDR ETF ( ARCA : XLV ) ",https://www.benzinga.com/markets/market-summary/26/03/51076630/stock-market-news-today-dow-jones-fall-treasury-yields-rise-iran-war-oil-prices-80-dollar,benzinga.com,20260305T193000Z,Crypto,False,0.0,,,0,0.0516,positive,low
Harvard Picks ETH USD After Trimming Bitcoin ETF Exposure,https://finance.yahoo.com/news/harvard-picks-eth-usd-trimming-084949386.html,finance.yahoo.com,20260305T191500Z,Crypto,False,0.0,,,0,0.0,neutral,low
"Bitcoin Surges Past $73 , 000 Amid South Korean Stock Exodus",https://www.el-balad.com/16869020,el-balad.com,20260305T173000Z,Crypto,False,0.026,stock,GE,1,0.0,neutral,low
"US govt contractor busted on ritzy Caribbean island for stealing $46M in crypto from US Marshals Service , FBI says",https://nypost.com/2026/03/05/us-news/us-govt-contractor-busted-on-ritzy-caribbean-island-for-stealing-46m-in-crypto-from-us-marshals-service-fbi-says/,nypost.com,20260305T170000Z,Crypto,False,0.0,,,0,-0.5719,negative,low
Broadcom Puts Heat On Nvidia With $100B AI Chip Projection ; Korea Warns of Disruption ; Oil Monkey Wrench - Apple ( NASDAQ : AAPL ) ,https://www.benzinga.com/Opinion/26/03/51072352/broadcom-puts-heat-on-nvidia-with-100b-ai-chip-projection-korea-warns-of-disruption-oil-monkey-wrench,benzinga.com,20260305T170000Z,Crypto,False,0.0,,"AAPL, NVDA",2,-0.4404,negative,low
"Bitcoin Dips Below $72 , 000 Amid Geopolitical Tensions and Macro Headwinds",https://www.ibtimes.com.au/bitcoin-dips-below-72000-amid-geopolitical-tensions-macro-headwinds-1862707,ibtimes.com.au,20260305T163000Z,Crypto,False,0.0,,"AAPL, GE",2,-0.4019,negative,low
"Morgan Stanley Files Bitcoin ETF , Backs Core Scientific With $500M",https://www.benzinga.com/crypto/cryptocurrency/26/03/51071902/morgan-stanley-files-bitcoin-etf-backs-core-scientific-with-500m,benzinga.com,20260305T163000Z,Crypto,False,0.0,,MS,1,-0.0516,negative,low
Nach 10 - Prozent - Sprung : Neue Rally bei Strategy ? ,https://www.deraktionaer.de/artikel/technischeanalyse/nach-10-prozent-sprung-neue-rally-bei-strategy-20396674.html,deraktionaer.de,20260305T163000Z,Crypto,False,0.0,,,0,0.0,neutral,low
American Bitcoin Adds BTC As Eric Trump Blasts Big Bank Crypto Lobbying,https://bitcoinmagazine.com/news/american-bitcoin-expands-treasury-to-6500,bitcoinmagazine.com,20260305T163000Z,Crypto,False,0.0,,,0,-0.0772,negative,low
How To Position Through A Shooting War,https://www.benzinga.com/Opinion/26/03/51068072/how-to-position-through-a-shooting-war,benzinga.com,20260305T153000Z,Crypto,False,0.0,,,0,-0.5994,negative,low
Bitcoin - Kurs hat gute Chancen auf ein Comeback,https://www.onvista.de/news/2026/03-05-bitcoin-kurs-hat-gute-chancen-auf-ein-comeback-41121433-19-26486452,onvista.de,20260305T153000Z,Crypto,False,0.0,,,0,0.0,neutral,low
Ripple price update : Why XRP is falling while top cryptos and utility protocol rebound,https://cyprus-mail.com/2026/03/05/ripple-price-update-why-xrp-is-falling-while-top-cryptos-and-utility-protocol-rebound,cyprus-mail.com,20260305T151500Z,Crypto,False,0.0,,,0,0.0516,positive,low
Rallye oder Dead Cat Bounce ?: Bitcoin : Short - Squeeze - oder droht eine Liquidationswelle ab 67 . 000 ? ,https://www.finanznachrichten.de/nachrichten-2026-03/67866877-rallye-oder-dead-cat-bounce-bitcoin-short-squeeze-oder-droht-eine-liquidationswelle-ab-67-000-049.htm,finanznachrichten.de,20260305T151500Z,Crypto,False,0.0,,,0,-0.6868,negative,low
Crypto Crash : Is Bitcoin a Buy After Its 40 % Slump ? ,https://www.fool.com/investing/2026/03/05/crypto-crash-is-bitcoin-a-buy-after-its-40-slump/?source=iedfolrf0000001,fool.com,20260305T141500Z,Crypto,False,0.0,,,0,-0.4019,negative,low
"Market rebound meets a fifth day of war : traders watch payrolls , oil , and a surge in bitcoin",https://www.el-balad.com/16868784,el-balad.com,20260305T134500Z,Crypto,False,0.026,market,GE,1,-0.5994,negative,low
BABB Hits One Day Trading Volume of $9 . 93 Thousand ( BAX ) ,https://www.dailypolitical.com/2026/03/05/babb-hits-one-day-trading-volume-of-9-93-thousand-bax.html,dailypolitical.com,20260305T134500Z,Crypto,False,0.026,trading,,0,0.0,neutral,low
Utrust Price Tops $0 . 0093 on Exchanges ( UTK ) ,https://www.themarketsdaily.com/2026/03/05/utrust-price-tops-0-0093-on-exchanges-utk.html,themarketsdaily.com,20260305T134500Z,Crypto,False,0.0,,GE,1,0.5106,positive,low
Komodo Price Up 1 . 8 % Over Last Week ( KMD ) ,https://www.dailypolitical.com/2026/03/05/komodo-price-up-1-8-over-last-week-kmd.html,dailypolitical.com,20260305T134500Z,Crypto,False,0.0,,,0,0.0,neutral,low
Thunder Brawl ( THB ) Price Up 20 % Over Last 7 Days,https://www.themarketsdaily.com/2026/03/05/thunder-brawl-thb-price-up-20-over-last-7-days.html,themarketsdaily.com,20260305T134500Z,Crypto,False,0.0,,,0,0.0,neutral,low
"Hashdex Names Bruno Caratori as Global CEO , Marcelo Sampaio as Executive Chairman and Mick McLaughlin as U . S . CEO",https://www.manilatimes.net/2026/03/05/tmt-newswire/globenewswire/hashdex-names-bruno-caratori-as-global-ceo-marcelo-sampaio-as-executive-chairman-and-mick-mclaughlin-as-us-ceo/2294006,manilatimes.net,20260305T134500Z,Crypto,False,0.026,executive,,0,0.0,neutral,low
Maiar DEX Price Reaches $0 . 0000 on Exchanges ( MEX ) ,https://www.tickerreport.com/banking-finance/13368529/maiar-dex-price-reaches-0-0000-on-exchanges-mex.html,tickerreport.com,20260305T134500Z,Crypto,False,0.0,,GE,1,0.0516,positive,low
"Ethereum ETFs Draw In $169M , Highest Level in Two Months",https://finance.yahoo.com/news/ethereum-etfs-draw-169m-highest-124435429.html,finance.yahoo.com,20260305T133000Z,Crypto,False,0.0,,TSLA,1,0.0,neutral,low
JT Stratford LLC Acquires 853 Shares of BlackRock $BLK,https://www.dailypolitical.com/2026/03/05/jt-stratford-llc-acquires-853-shares-of-blackrock-blk.html,dailypolitical.com,20260305T131500Z,Crypto,False,0.026,shares,BLK,1,0.5904,positive,low
Bitcoiva Price Tops $12 . 58 on Top Exchanges ( BCA ) ,https://www.dailypolitical.com/2026/03/05/bitcoiva-price-tops-12-58-on-top-exchanges-bca.html,dailypolitical.com,20260305T123000Z,Crypto,False,0.0,,GE,1,0.6249,positive,low
Zerohash Submits Application for National Trust Bank Charter With the OCC,https://www.banklesstimes.com/articles/2026/03/05/zerohash-submits-application-for-national-trust-bank-charter-with-the-occ/,banklesstimes.com,20260305T121500Z,Crypto,False,0.0,,,0,0.5106,positive,low
"AI Agents Love to Hodl Bitcoin and Spend Stablecoins , Study Finds",https://gizmodo.com/ai-agents-love-to-hodl-bitcoin-and-spend-stablecoins-study-finds-2000729877,gizmodo.com,20260305T120000Z,Crypto,False,0.0,,GE,1,0.6369,positive,low
Kryptokurse aktuell : Ihr Update am Mittag,https://www.finanzen.net/nachricht/devisen/aktueller-marktbericht-zu-bitcoin-co-15536520,finanzen.net,20260305T120000Z,Crypto,False,0.0,,,0,0.0,neutral,low
Crypto Crash : Is Bitcoin a Buy After Its 40 % Slump ? ,https://finance.yahoo.com/news/crypto-crash-bitcoin-buy-40-112000179.html,finance.yahoo.com,20260305T114500Z,Crypto,False,0.0,,,0,-0.4019,negative,low
Bitcoin Surges As Market Relief Rally Meets Trump Crypto Backing,https://memeburn.com/2026/03/bitcoin-price-surge/,memeburn.com,20260305T111500Z,Crypto,False,0.026,market,GE,1,0.4939,positive,low
US Bitcoin ETFs Post $462 Million Inflows as BTC Tops $73K,https://cointelegraph.com/news/spot-bitcoin-etfs-462-million-inflows-btc-surge-73k,cointelegraph.com,20260305T111500Z,Crypto,False,0.0,,,0,0.5106,positive,low
Bitcoinde fiyatlar yeniden artışa geçti ! ,https://www.haberhurriyeti.com/haber/27574583/bitcoinde-fiyatlar-yeniden-artisa-gecti,haberhurriyeti.com,20260305T111500Z,Crypto,False,0.0,,GE,1,0.0,neutral,low
"Short - Seller Jim Chanos Sounds Alarm On IREN $6 Billion Equity Filing , Questions Silence On $500 Million Revenue Guidance - IREN ( NASDAQ : IREN ) ",https://www.benzinga.com/markets/equities/26/03/51059378/short-seller-jim-chanos-sounds-alarm-on-irens-6-billion-equity-filing-questions-silence-on-500-m,benzinga.com,20260305T103000Z,Crypto,False,0.026,revenue,TSLA,1,-0.34,negative,low
Burgundy Asset Management Ltd . Reduces Stock Position in CME Group Inc . $CME,https://www.dailypolitical.com/2026/03/05/burgundy-asset-management-ltd-reduces-stock-position-in-cme-group-inc-cme.html,dailypolitical.com,20260305T101500Z,Crypto,False,0.026,stock,GE,1,0.3612,positive,low
Bitcoin 74 bin doları aştı kripto para piyasası ve şirket hisseleri değer kazandı,https://www.haberler.com/kripto-para/bitcoin-74-bin-dolari-asti-kripto-para-piyasasi-19626641-haberi/,haberler.com,20260305T094500Z,Crypto,False,0.0,,,0,0.0,neutral,low
"Bitcoin surges : Up 5 % in 24 hours , holds firm above $72 , 000 as ETF inflows boost sentiment – Firstpost",https://www.firstpost.com/business/bitcoin-surges-5-in-24-hours-holds-firm-above-72000-as-etf-inflows-boost-sentiment-13986436.html,firstpost.com,20260305T093000Z,Crypto,False,0.0,,GE,1,0.4019,positive,low
"Altın tedirgin , petrol ve doğal gaz krizi kapıda ! Emrah Lafçı  dan yatırımcılara kritik savaş uyarısı",https://www.tgrthaber.com/ekonomi/altin-tedirgin-petrol-ve-dogal-gaz-krizi-kapida-emrah-lafcidan-yatirimcilara-kritik-s-3286236,tgrthaber.com,20260305T091500Z,Crypto,False,0.0,,,0,0.0,neutral,low
Bitcoin Institutional Moment : Why the World Largest Cryptocurrency Is Surging Again : ,https://www.hedgeco.net/news/03/2026/bitcoins-institutional-moment-why-the-worlds-largest-cryptocurrency-is-surging-again.html,hedgeco.net,20260305T091500Z,Crypto,False,0.0,,GE,1,0.0,neutral,low
The Macro Pivot : Anthony Scaramucci and the New Frontier of Alternative Investments in 2026,https://www.hedgeco.net/news/03/2026/the-macro-pivot-anthony-scaramucci-and-the-new-frontier-of-alternative-investments-in-2026.html,hedgeco.net,20260305T091500Z,Crypto,False,0.0,,AAPL,1,0.0,neutral,low
"Jakie są fundamenty bitcoina ? Cyfrowe złoto , czy cyfrowy śmieć",https://www.bankier.pl/wiadomosc/Jakie-sa-fundamenty-bitcoina-Cyfrowe-zloto-czy-cyfrowy-smiec-9092766.html,bankier.pl,20260305T084500Z,Crypto,False,0.0,,,0,0.0,neutral,low
