Open,High,Low,Close,Volume,Dividends,Stock Splits,Ticker,Date
220.04097309502072,220.5188858867363,217.63147647971348,219.7721405029297,44299500,0.0,0.0,AAPL,2025-03-24 00:00:00-04:00
219.81195837594151,223.12750944589686,219.12495024533285,222.77902221679688,34493600,0.0,0.0,AAPL,2025-03-25 00:00:00-04:00
222.5400680439697,224.04352508950674,219.51326687455483,220.56866455078125,34466100,0.0,0.0,AAPL,2025-03-26 00:00:00-04:00
220.4292696466093,224.0136533961419,219.6028696378956,222.87860107421875,37094800,0.0,0.0,AAPL,2025-03-27 00:00:00-04:00
220.7080664246457,222.8387793372666,216.73537546649092,216.9544219970703,39818600,0.0,0.0,AAPL,2025-03-28 00:00:00-04:00
216.0682695484103,224.6409066608951,215.29165561007284,221.1660614013672,65299300,0.0,0.0,AAPL,2025-03-31 00:00:00-04:00
218.85612876373423,222.70932997882656,217.95007407622174,222.22146606445312,36412700,0.0,0.0,AAPL,2025-04-01 00:00:00-04:00
220.3595869543347,224.21278818927524,220.06088576879955,222.91842651367188,35905900,0.0,0.0,AAPL,2025-04-02 00:00:00-04:00
204.64806653552571,206.58961679788308,200.37668938200366,202.3082733154297,103419000,0.0,0.0,AAPL,2025-04-03 00:00:00-04:00
193.0486144227304,199.01262630823254,186.52703508606032,187.56253051757812,125910900,0.0,0.0,AAPL,2025-04-04 00:00:00-04:00
176.43103817745248,193.30748067285785,173.86223225537526,180.6725616455078,160466300,0.0,0.0,AAPL,2025-04-07 00:00:00-04:00
185.88983084847527,189.51403482217904,168.47573669018362,171.6717987060547,120859500,0.0,0.0,AAPL,2025-04-08 00:00:00-04:00
171.20381523449285,199.7394480269994,171.14407803694525,197.98709106445312,184395900,0.0,0.0,AAPL,2025-04-09 00:00:00-04:00
188.24954112448538,193.93475416517637,182.20587449762067,189.5936737060547,121880000,0.0,0.0,AAPL,2025-04-10 00:00:00-04:00
185.2924188893916,198.67408279715283,185.2525839628914,197.2901153564453,87435900,0.0,0.0,AAPL,2025-04-11 00:00:00-04:00
210.52244846919626,212.01593914767514,200.28706023476008,201.6411590576172,101352900,0.0,0.0,AAPL,2025-04-14 00:00:00-04:00
200.98403365195668,202.62686743682656,198.93297540670014,201.2628173828125,51343900,0.0,0.0,AAPL,2025-04-15 00:00:00-04:00
197.49920369317184,199.8290454554037,191.53519224238798,193.4269561767578,59732400,0.0,0.0,AAPL,2025-04-16 00:00:00-04:00
196.34424488667963,197.9671763411939,193.5763099497932,196.1251983642578,52164700,0.0,0.0,AAPL,2025-04-17 00:00:00-04:00
192.43130060162235,192.958999427942,188.98630873883343,192.32177734375,46742500,0.0,0.0,AAPL,2025-04-21 00:00:00-04:00
195.26892870764283,200.7151927551101,195.11958571249494,198.87322998046875,52976400,0.0,0.0,AAPL,2025-04-22 00:00:00-04:00
205.10606155750318,207.09738254349836,201.9199510184256,203.71214294433594,52929200,0.0,0.0,AAPL,2025-04-23 00:00:00-04:00
204.00086522918792,207.92376976062596,202.05933042602183,207.46575927734375,47311000,0.0,0.0,AAPL,2025-04-24 00:00:00-04:00
205.4744655458182,208.83980311072816,205.30520507319974,208.37184143066406,38222300,0.0,0.0,AAPL,2025-04-25 00:00:00-04:00
209.088696522261,210.5821872117057,206.55972563953335,209.22808837890625,38743100,0.0,0.0,AAPL,2025-04-28 00:00:00-04:00
207.78438836336602,211.31898611202763,207.46576971677675,210.29345703125,36827600,0.0,0.0,AAPL,2025-04-29 00:00:00-04:00
208.39175489829196,212.65318081121782,205.77316280594096,211.57786560058594,52286500,0.0,0.0,AAPL,2025-04-30 00:00:00-04:00
208.17271138967982,213.62892699621815,207.99348458901505,212.39431762695312,57365700,0.0,0.0,AAPL,2025-05-01 00:00:00-04:00
205.19567188008233,206.0917754590827,201.2827333487594,204.45889282226562,101010600,0.0,0.0,AAPL,2025-05-02 00:00:00-04:00
202.21865389928206,203.21431440062256,197.34987465543003,198.02691650390625,69018500,0.0,0.0,AAPL,2025-05-05 00:00:00-04:00
197.3498583398735,199.77925700053618,196.165020010421,197.64854431152344,51216500,0.0,0.0,AAPL,2025-05-06 00:00:00-04:00
198.30570335142838,198.574535944944,192.41139491378883,195.39837646484375,68536700,0.0,0.0,AAPL,2025-05-07 00:00:00-04:00
196.86199326420865,199.18188402861682,193.83517686729027,196.63299560546875,50478900,0.0,0.0,AAPL,2025-05-08 00:00:00-04:00
198.13644922219603,199.66975978270045,196.68277813613466,197.66848754882812,36453900,0.0,0.0,AAPL,2025-05-09 00:00:00-04:00
210.32994399020487,210.62903686932515,206.12274573806786,210.15048217773438,63775800,0.26,0.0,AAPL,2025-05-12 00:00:00-04:00
209.79158118866218,212.75257189298435,208.36592688565332,212.28399658203125,51909300,0.0,0.0,AAPL,2025-05-13 00:00:00-04:00
211.78550901932945,213.29093762104833,209.94113079478424,211.68582153320312,49325800,0.0,0.0,AAPL,2025-05-14 00:00:00-04:00
210.31001909194578,212.31393091132972,208.90429308394448,210.80850219726562,45029500,0.0,0.0,AAPL,2025-05-15 00:00:00-04:00
211.71574852428404,211.9251181254035,209.13360964796243,210.61907958984375,54737900,0.0,0.0,AAPL,2025-05-16 00:00:00-04:00
207.27923550566183,208.84446444770495,203.64029993754312,208.14659118652344,46140500,0.0,0.0,AAPL,2025-05-19 00:00:00-04:00
207.03996203611737,207.83753801206538,204.40797196423648,206.232421875,42496600,0.0,0.0,AAPL,2025-05-20 00:00:00-04:00
204.54755595275296,206.4118779017609,200.10109516487896,201.47689819335938,59211800,0.0,0.0,AAPL,2025-05-21 00:00:00-04:00
200.1010930441042,202.13489740214874,199.0941474443519,200.74911499023438,46742400,0.0,0.0,AAPL,2025-05-22 00:00:00-04:00
193.08241474951325,197.10018674879547,192.87306039619787,194.6775665283203,78432900,0.0,0.0,AAPL,2025-05-23 00:00:00-04:00
197.6983910952664,200.1309909415137,196.83102019804124,199.60260009765625,56288500,0.0,0.0,AAPL,2025-05-27 00:00:00-04:00
199.98144837254895,202.11495545301858,199.29353925378823,199.8119659423828,45339700,0.0,0.0,AAPL,2025-05-28 00:00:00-04:00
202.96236033905296,203.19165828241367,197.90773491315443,199.34336853027344,51396800,0.0,0.0,AAPL,2025-05-29 00:00:00-04:00
198.7651407343476,201.3472946799051,196.18300200128658,200.24066162109375,70819900,0.0,0.0,AAPL,2025-05-30 00:00:00-04:00
199.67238359256916,201.51677709467234,199.51286535414474,201.08807373046875,35423300,0.0,0.0,AAPL,2025-06-02 00:00:00-04:00
200.73914706631285,203.1518034040851,200.35033086337637,202.6533203125,46381600,0.0,0.0,AAPL,2025-06-03 00:00:00-04:00
202.29440469878628,205.6143037964219,201.48686455307688,202.20468139648438,43604000,0.0,0.0,AAPL,2025-06-04 00:00:00-04:00
202.8826044104843,204.12881205428334,199.54276184010462,200.0213165283203,55126100,0.0,0.0,AAPL,2025-06-05 00:00:00-04:00
202.3841235560851,205.07592905349443,201.4370087789868,203.30133056640625,46607700,0.0,0.0,AAPL,2025-06-06 00:00:00-04:00
203.76990423179717,205.3750202901374,199.41316716451473,200.8388214111328,72862600,0.0,0.0,AAPL,2025-06-09 00:00:00-04:00
199.99141796230995,203.73004106569937,199.96151019448254,202.0551300048828,54672600,0.0,0.0,AAPL,2025-06-10 00:00:00-04:00
202.88260699920767,203.8795731269679,197.80805305990708,198.1769256591797,60989900,0.0,0.0,AAPL,2025-06-11 00:00:00-04:00
198.47602627663701,199.07419684911244,196.7612432530472,198.5956573486328,43904600,0.0,0.0,AAPL,2025-06-12 00:00:00-04:00
199.12405177447246,199.76210952406473,195.1062792678608,195.85400390625,51447300,0.0,0.0,AAPL,2025-06-13 00:00:00-04:00
196.701426450214,198.08720880439395,195.96366601516638,197.81802368164062,43020700,0.0,0.0,AAPL,2025-06-16 00:00:00-04:00
196.60172782081946,197.7881200100286,194.61777485692886,195.0464630126953,38856200,0.0,0.0,AAPL,2025-06-17 00:00:00-04:00
195.34553910938874,196.97059871241268,194.4781834746436,195.9835968017578,45394700,0.0,0.0,AAPL,2025-06-18 00:00:00-04:00
197.63859168364695,201.0880863339216,196.26277341287403,200.3902130126953,96813500,0.0,0.0,AAPL,2025-06-20 00:00:00-04:00
201.01828233775666,201.686247808318,198.3563846401482,200.888671875,55814300,0.0,0.0,AAPL,2025-06-23 00:00:00-04:00
201.9753521214132,202.82277936444737,199.59260382672892,199.6923065185547,54064000,0.0,0.0,AAPL,2025-06-24 00:00:00-04:00
200.83881944772682,203.052085424857,200.01133575244882,200.948486328125,39525700,0.0,0.0,AAPL,2025-06-25 00:00:00-04:00
200.81890119127095,202.02523702778157,198.85489170599743,200.3902130126953,50799100,0.0,0.0,AAPL,2025-06-26 00:00:00-04:00
201.27751091280393,202.6034778198992,199.39324535272064,200.469970703125,73188600,0.0,0.0,AAPL,2025-06-27 00:00:00-04:00
201.39711462840114,206.76079706763053,198.65545787730727,204.5475311279297,91912800,0.0,0.0,AAPL,2025-06-30 00:00:00-04:00
206.04299395149746,209.55231908550664,205.51460310500556,207.18951416015625,78788900,0.0,0.0,AAPL,2025-07-01 00:00:00-04:00
208.2761972389462,212.69274987948137,207.5085290616707,211.7954864501953,67941800,0.0,0.0,AAPL,2025-07-02 00:00:00-04:00
211.50635319299207,213.99876845669687,211.16738836812712,212.90211486816406,34955800,0.0,0.0,AAPL,2025-07-03 00:00:00-04:00
212.03476276559877,215.57399579559095,208.16654427869605,209.31304931640625,50229000,0.0,0.0,AAPL,2025-07-07 00:00:00-04:00
209.46258702266434,210.78853856973336,207.81758380403343,209.3728485107422,42848900,0.0,0.0,AAPL,2025-07-08 00:00:00-04:00
208.8943192909964,210.6888614301138,206.59132988433592,210.4994354248047,48749400,0.0,0.0,AAPL,2025-07-09 00:00:00-04:00
209.87133445003573,212.83232507172787,209.39279496736208,211.7655792236328,44443600,0.0,0.0,AAPL,2025-07-10 00:00:00-04:00
209.931172276849,211.48643705736623,209.2233196075129,210.51937866210938,39765800,0.0,0.0,AAPL,2025-07-11 00:00:00-04:00
209.29308368901172,210.27012140888866,206.9103353456299,207.987060546875,38840100,0.0,0.0,AAPL,2025-07-14 00:00:00-04:00
208.5852528191871,211.24715053377864,208.28615994072268,208.4755859375,42296300,0.0,0.0,AAPL,2025-07-15 00:00:00-04:00
209.6619745482938,211.75559423754484,208.00700716596054,209.52239990234375,47490500,0.0,0.0,AAPL,2025-07-16 00:00:00-04:00
209.93116216460888,211.15742622671814,208.95412441878605,209.38282775878906,48068100,0.0,0.0,AAPL,2025-07-17 00:00:00-04:00
210.23024956462245,211.1474566075158,209.06380098140497,210.539306640625,48974600,0.0,0.0,AAPL,2025-07-18 00:00:00-04:00
211.45652088357517,215.12534891613055,210.98794558852114,211.83535766601562,51377400,0.0,0.0,AAPL,2025-07-21 00:00:00-04:00
212.49335516085276,214.29786137817433,211.58611235366487,213.74952697753906,46404100,0.0,0.0,AAPL,2025-07-22 00:00:00-04:00
214.3477172095632,214.4972560435483,211.76557859278188,213.5002899169922,46989300,0.0,0.0,AAPL,2025-07-23 00:00:00-04:00
213.25105536667797,215.03563331063384,212.8821827557749,213.11148071289062,46022600,0.0,0.0,AAPL,2025-07-24 00:00:00-04:00
214.0486138925591,214.58698409364732,212.75255494872997,213.23110961914062,40268800,0.0,0.0,AAPL,2025-07-25 00:00:00-04:00
213.38067592321022,214.1981955143971,212.41361748607306,213.40061950683594,37858000,0.0,0.0,AAPL,2025-07-28 00:00:00-04:00
213.53020352524888,214.1582970701604,210.18041185237743,210.62904357910156,51411700,0.0,0.0,AAPL,2025-07-29 00:00:00-04:00
211.2571312800854,211.74565019362484,207.08981987426867,208.41578674316406,45512500,0.0,0.0,AAPL,2025-07-30 00:00:00-04:00
207.85746883247032,209.2033639475293,206.5315020865265,206.9402618408203,80698400,0.0,0.0,AAPL,2025-07-31 00:00:00-04:00
210.23023901853355,212.93202387361222,200.88867142379772,201.76600646972656,104434500,0.0,0.0,AAPL,2025-08-01 00:00:00-04:00
203.8895472057539,207.24933356384108,201.06813110178,202.7330780029297,75109300,0.0,0.0,AAPL,2025-08-04 00:00:00-04:00
202.78290655256814,204.71702329589334,201.54667827641916,202.3043670654297,44155100,0.0,0.0,AAPL,2025-08-05 00:00:00-04:00
205.00615029681612,214.72657006985978,204.96626313259566,212.60302734375,108483100,0.0,0.0,AAPL,2025-08-06 00:00:00-04:00
218.2159523061407,220.1799768073744,215.92292715514498,219.36245727539062,90224800,0.0,0.0,AAPL,2025-08-07 00:00:00-04:00
220.16001960779298,230.29916273925562,218.58481138779996,228.6541748046875,113854000,0.0,0.0,AAPL,2025-08-08 00:00:00-04:00
227.48640043221798,229.12327986736793,224.3324083989562,226.747802734375,61806100,0.26,0.0,AAPL,2025-08-11 00:00:00-04:00
227.57622481823222,230.36092560837628,226.63802588155738,229.21310424804688,55626200,0.0,0.0,AAPL,2025-08-12 00:00:00-04:00
230.6304284784954,234.55294488479396,229.99163136972763,232.88612365722656,69878500,0.0,0.0,AAPL,2025-08-13 00:00:00-04:00
233.6147219132583,234.67270293292236,230.41083714463488,232.337158203125,51916300,0.0,0.0,AAPL,2025-08-14 00:00:00-04:00
233.5548328767578,233.834298979768,228.9036945156081,231.1494140625,56038700,0.0,0.0,AAPL,2025-08-15 00:00:00-04:00
231.25921652669462,232.67651332576617,229.672244959047,230.4507598876953,37476200,0.0,0.0,AAPL,2025-08-18 00:00:00-04:00
230.84001516813981,232.42698672077375,228.9136940815642,230.1213836669922,39402600,0.0,0.0,AAPL,2025-08-19 00:00:00-04:00
229.54248102593337,230.0315543310328,225.3404986724704,225.5800323486328,42263900,0.0,0.0,AAPL,2025-08-20 00:00:00-04:00
225.83955683035407,226.08908123987146,223.35428822884654,224.47215270996094,30621200,0.0,0.0,AAPL,2025-08-21 00:00:00-04:00
225.73973438952316,228.65417758009713,224.98118568943215,227.3267059326172,42477800,0.0,0.0,AAPL,2025-08-22 00:00:00-04:00
226.04912998143794,228.86377239669042,225.79960559269966,226.72784423828125,30983100,0.0,0.0,AAPL,2025-08-25 00:00:00-04:00
226.43840339540802,229.0534295301293,224.26255788237486,228.87376403808594,54575100,0.0,0.0,AAPL,2025-08-26 00:00:00-04:00
228.17510050695543,230.46073738560713,227.82576024347395,230.05152893066406,31259500,0.0,0.0,AAPL,2025-08-27 00:00:00-04:00
230.3809040856524,232.9659733126178,228.90370861616245,232.11758422851562,38074700,0.0,0.0,AAPL,2025-08-28 00:00:00-04:00
232.0676707602769,232.9360260407387,230.92984008944924,231.69837951660156,39418400,0.0,0.0,AAPL,2025-08-29 00:00:00-04:00
228.81388239599917,230.4108447009183,226.53822101083426,229.28298950195312,44075600,0.0,0.0,AAPL,2025-09-02 00:00:00-04:00
236.75874463665696,238.395624134605,233.9141603097862,238.01634216308594,66427800,0.0,0.0,AAPL,2025-09-03 00:00:00-04:00
237.99636566705198,239.44360411673358,236.28962732845326,239.32383728027344,47549400,0.0,0.0,AAPL,2025-09-04 00:00:00-04:00
239.54341659874092,240.86091270031892,238.03629475202086,239.2340087890625,54870400,0.0,0.0,AAPL,2025-09-05 00:00:00-04:00
238.84475646782593,239.69313028194867,235.89038089866295,237.42745971679688,48999500,0.0,0.0,AAPL,2025-09-08 00:00:00-04:00
236.54912730927947,238.3257397896772,232.9160527142261,233.9041748046875,66313900,0.0,0.0,AAPL,2025-09-09 00:00:00-04:00
231.7482872752143,231.97784546194652,225.52015268533836,226.35855102539062,83440800,0.0,0.0,AAPL,2025-09-10 00:00:00-04:00
226.44839058875493,230.01159113632517,226.21881717306923,229.59239196777344,50208600,0.0,0.0,AAPL,2025-09-11 00:00:00-04:00
228.78393068206054,234.06386022938602,228.58431421011397,233.6247100830078,55824200,0.0,0.0,AAPL,2025-09-12 00:00:00-04:00
236.54912714503797,237.7368657054393,234.58287368836292,236.24969482421875,42699500,0.0,0.0,AAPL,2025-09-15 00:00:00-04:00
236.72878926810645,240.76111223381088,235.87043992435724,237.6969451904297,63421100,0.0,0.0,AAPL,2025-09-16 00:00:00-04:00
238.5153883976145,239.6432435766681,237.27774187166392,238.5353546142578,46508000,0.0,0.0,AAPL,2025-09-17 00:00:00-04:00
239.5134800259323,240.74113579799257,236.199788714976,237.42745971679688,44249600,0.0,0.0,AAPL,2025-09-18 00:00:00-04:00
240.77107799962133,245.83144010441063,239.7530294205925,245.032958984375,163741300,0.0,0.0,AAPL,2025-09-19 00:00:00-04:00
247.82763635806887,256.15178189089505,247.64797087114997,255.5928192138672,105517400,0.0,0.0,AAPL,2025-09-22 00:00:00-04:00
255.39322235208516,256.8504363399061,253.0975947938589,253.9459686279297,60275200,0.0,0.0,AAPL,2025-09-23 00:00:00-04:00
254.73446948849343,255.2534845023776,250.56241362070242,251.8300018310547,42303700,0.0,0.0,AAPL,2025-09-24 00:00:00-04:00
252.72829161839874,256.6807646844572,251.2311452680336,256.3813171386719,55202100,0.0,0.0,AAPL,2025-09-25 00:00:00-04:00
253.61660096533106,257.10994249251326,253.2972024297037,254.97401428222656,46076300,0.0,0.0,AAPL,2025-09-26 00:00:00-04:00
254.0757261912774,254.5148915782133,252.52867184357527,253.9459686279297,40127700,0.0,0.0,AAPL,2025-09-29 00:00:00-04:00
254.37515755125318,255.4331385813304,252.6284867333586,254.14559936523438,37704300,0.0,0.0,AAPL,2025-09-30 00:00:00-04:00
254.55481135314994,258.29769267334166,254.44502000530687,254.9640350341797,48713900,0.0,0.0,AAPL,2025-10-01 00:00:00-04:00
256.09186667190835,257.68882891050583,253.66649683440303,256.6408386230469,42630200,0.0,0.0,AAPL,2025-10-02 00:00:00-04:00
254.18552630266564,258.7468246365968,253.46689477740222,257.5291442871094,49155600,0.0,0.0,AAPL,2025-10-03 00:00:00-04:00
257.49917477533796,258.57713717661323,254.56478079871025,256.20166015625,44664100,0.0,0.0,AAPL,2025-10-06 00:00:00-04:00
256.32145476920215,256.9103287268919,254.94407514023973,255.99209594726562,31955800,0.0,0.0,AAPL,2025-10-07 00:00:00-04:00
256.03201279963565,258.0282082133661,255.62278908467795,257.569091796875,36496900,0.0,0.0,AAPL,2025-10-08 00:00:00-04:00
257.3195337882977,257.50917476461467,252.65841993311406,253.55670166015625,38322000,0.0,0.0,AAPL,2025-10-09 00:00:00-04:00
254.45500785015722,255.8922708493858,243.53581752909898,244.80340576171875,61999100,0.0,0.0,AAPL,2025-10-10 00:00:00-04:00
248.90558714178317,249.2149949644775,245.09284695690994,247.18885803222656,38142900,0.0,0.0,AAPL,2025-10-13 00:00:00-04:00
246.13087266264282,248.37659224814226,244.23447809703134,247.29864501953125,35478000,0.0,0.0,AAPL,2025-10-14 00:00:00-04:00
249.01538540478128,251.3409547309234,246.99922390992754,248.86566162109375,33893600,0.0,0.0,AAPL,2025-10-15 00:00:00-04:00
247.77774448085987,248.56623493239263,244.66368465033412,246.97926330566406,39777000,0.0,0.0,AAPL,2025-10-16 00:00:00-04:00
247.5481624372989,252.89796599708643,246.79958926324147,251.81002807617188,49147000,0.0,0.0,AAPL,2025-10-17 00:00:00-04:00
255.4032084113237,263.87706298772724,255.14370850365398,261.7411193847656,90483000,0.0,0.0,AAPL,2025-10-20 00:00:00-04:00
261.3817895915523,264.7853058703715,261.3318664386604,262.27008056640625,46695900,0.0,0.0,AAPL,2025-10-21 00:00:00-04:00
262.15033525743416,262.349966966352,254.94406918261987,257.9583435058594,45015300,0.0,0.0,AAPL,2025-10-22 00:00:00-04:00
259.4454820834593,260.12418111371363,257.51916110368444,259.0861511230469,32754900,0.0,0.0,AAPL,2025-10-23 00:00:00-04:00
260.69313376057823,263.62754335723145,258.68694768993146,262.3200378417969,38253700,0.0,0.0,AAPL,2025-10-24 00:00:00-04:00
264.37609822840903,268.60802232244004,264.1465248140549,268.2986145019531,44888200,0.0,0.0,AAPL,2025-10-27 00:00:00-04:00
268.4782600095115,269.3765722048576,267.63986169210665,268.4882507324219,41534800,0.0,0.0,AAPL,2025-10-28 00:00:00-04:00
268.76770579477784,270.8936584399069,266.6018207191691,269.1869201660156,51086700,0.0,0.0,AAPL,2025-10-29 00:00:00-04:00
271.4725408872279,273.6184749716116,267.969239224885,270.8836669921875,69886500,0.0,0.0,AAPL,2025-10-30 00:00:00-04:00
276.4630533049319,276.79244258078194,268.647962249571,269.85565185546875,86167100,0.0,0.0,AAPL,2025-10-31 00:00:00-04:00
269.90556627002525,270.33474092754267,265.74348587775046,268.53814697265625,50194600,0.0,0.0,AAPL,2025-11-03 00:00:00-05:00
267.8195068636227,270.9734988318123,267.11086611942017,269.5262756347656,49274800,0.0,0.0,AAPL,2025-11-04 00:00:00-05:00
268.0989800730272,271.18312844251227,266.4221834255846,269.6260986328125,43683100,0.0,0.0,AAPL,2025-11-05 00:00:00-05:00
267.38037702601645,272.8798740142925,267.38037702601645,269.25677490234375,51204000,0.0,0.0,AAPL,2025-11-06 00:00:00-05:00
269.28671541495146,271.7719991063764,266.26248096015127,267.9592590332031,48227400,0.0,0.0,AAPL,2025-11-07 00:00:00-05:00
268.7085692371889,273.4741297822401,267.20997142836535,269.1781311035156,41312400,0.26,0.0,AAPL,2025-11-10 00:00:00-05:00
269.55775905965567,275.65206242273547,269.5477586519058,274.99267578125,46208300,0.0,0.0,AAPL,2025-11-11 00:00:00-05:00
274.74292397164845,275.4722525277038,271.4460210796085,273.21435546875,48398000,0.0,0.0,AAPL,2025-11-12 00:00:00-05:00
273.85374352181776,276.4413491841305,271.83564282199285,272.6948547363281,49602800,0.0,0.0,AAPL,2025-11-13 00:00:00-05:00
270.7965900477885,275.70200347225597,269.3479639093673,272.15533447265625,47431300,0.0,0.0,AAPL,2025-11-14 00:00:00-05:00
268.5687054184609,270.2371271729127,265.48159771217263,267.2099609375,45018300,0.0,0.0,AAPL,2025-11-17 00:00:00-05:00
269.7376065335732,270.4569347049811,265.0719890725528,267.19000244140625,45677300,0.0,0.0,AAPL,2025-11-18 00:00:00-05:00
265.2817633125939,271.9555110777923,265.2517925781922,268.3089294433594,40424500,0.0,0.0,AAPL,2025-11-19 00:00:00-05:00
270.5768036466949,275.17250947675234,265.67142054546326,266.0010986328125,45823600,0.0,0.0,AAPL,2025-11-20 00:00:00-05:00
265.70137680880595,273.0744516711978,265.4216397990326,271.2361755371094,59030800,0.0,0.0,AAPL,2025-11-21 00:00:00-05:00
270.64675212306133,276.7410558404627,270.64675212306133,275.6620788574219,65585800,0.0,0.0,AAPL,2025-11-24 00:00:00-05:00
275.012667049666,280.1179060838009,274.9926967216935,276.7110900878906,46914200,0.0,0.0,AAPL,2025-11-25 00:00:00-05:00
276.70108254872224,279.26868736786383,276.3714044558947,277.29052734375,33431400,0.0,0.0,AAPL,2025-11-26 00:00:00-05:00
277.0008150112318,278.73917862681736,275.73198274965245,278.5893249511719,20135600,0.0,0.0,AAPL,2025-11-28 00:00:00-05:00
277.75011957449965,283.1550658399818,275.88187257202503,282.8353576660156,46587700,0.0,0.0,AAPL,2025-12-01 00:00:00-05:00
282.7354345985028,287.1313151163589,282.36578537497866,285.9224548339844,53669500,0.0,0.0,AAPL,2025-12-02 00:00:00-05:00
285.9324708384744,288.35019153510143,283.0351573834178,283.8843688964844,43538700,0.0,0.0,AAPL,2025-12-03 00:00:00-05:00
283.83440686502166,284.46382276925783,278.32954829392816,280.4375915527344,43989100,0.0,0.0,AAPL,2025-12-04 00:00:00-05:00
280.27774306596746,280.8771882481053,277.79005013345267,278.5193786621094,47265800,0.0,0.0,AAPL,2025-12-05 00:00:00-05:00
277.86998437615557,279.4085531850005,275.8918244790692,277.6302185058594,38211800,0.0,0.0,AAPL,2025-12-08 00:00:00-05:00
277.8999627322321,279.7682096639769,276.6611317163261,276.9208679199219,32193300,0.0,0.0,AAPL,2025-12-09 00:00:00-05:00
277.490342786908,279.48847306800184,276.1815698919154,278.5193786621094,33038300,0.0,0.0,AAPL,2025-12-10 00:00:00-05:00
278.83908758708685,279.3286197507982,273.5540244422053,277.77008056640625,33248000,0.0,0.0,AAPL,2025-12-11 00:00:00-05:00
277.64021728323,278.9589906850317,276.5612402656973,278.0198669433594,39532900,0.0,0.0,AAPL,2025-12-12 00:00:00-05:00
279.8880911943856,279.8880911943856,272.5849275039148,273.8537292480469,50409100,0.0,0.0,AAPL,2025-12-15 00:00:00-05:00
272.5649667835892,275.2424541197232,271.53593087885605,274.353271484375,37648600,0.0,0.0,AAPL,2025-12-16 00:00:00-05:00
274.75292651919426,275.90184538512057,271.38608172110213,271.58587646484375,50138700,0.0,0.0,AAPL,2025-12-17 00:00:00-05:00
273.35420232069225,273.374203136776,266.7004552212896,271.935546875,51630700,0.0,0.0,AAPL,2025-12-18 00:00:00-05:00
271.8955859651445,274.34330788170604,269.64768928264715,273.4141845703125,144632000,0.0,0.0,AAPL,2025-12-19 00:00:00-05:00
272.6048920133635,273.62395794129594,270.25711338978425,270.7166748046875,36571800,0.0,0.0,AAPL,2025-12-22 00:00:00-05:00
270.5868091030317,272.2452609569047,269.30800689497966,272.1053771972656,29642000,0.0,0.0,AAPL,2025-12-23 00:00:00-05:00
272.085389177814,275.17249671786806,271.9455359163183,273.55401611328125,17910600,0.0,0.0,AAPL,2025-12-24 00:00:00-05:00
273.9037084592662,275.1125687682936,272.6049054553,273.1444091796875,21521800,0.0,0.0,AAPL,2025-12-26 00:00:00-05:00
272.4350823114352,274.10350406329195,272.0954038139857,273.50408935546875,23715200,0.0,0.0,AAPL,2025-12-29 00:00:00-05:00
272.5549704076282,273.82377221524894,272.02546707967076,272.82470703125,22139600,0.0,0.0,AAPL,2025-12-30 00:00:00-05:00
272.80472532736104,273.42414083736213,271.49595243002375,271.6058349609375,27293600,0.0,0.0,AAPL,2025-12-31 00:00:00-05:00
272.0054842546519,277.58025431004916,268.7485221479618,270.75665283203125,37838100,0.0,0.0,AAPL,2026-01-02 00:00:00-05:00
270.38700744645297,271.25618925068443,265.89121426121545,267.0101623535156,45647200,0.0,0.0,AAPL,2026-01-05 00:00:00-05:00
266.7503924619391,267.2998660934885,261.8749496989937,262.1147155761719,52352100,0.0,0.0,AAPL,2026-01-06 00:00:00-05:00
262.95395138764474,263.4334831315393,259.56710600115036,260.08660888671875,48309800,0.0,0.0,AAPL,2026-01-07 00:00:00-05:00
256.7797203952787,259.0476178563403,255.46096229095477,258.7978515625,50419300,0.0,0.0,AAPL,2026-01-08 00:00:00-05:00
258.8377955175017,259.9667440583015,255.98048371428257,259.1275329589844,39997000,0.0,0.0,AAPL,2026-01-09 00:00:00-05:00
258.9177364764393,261.05572011368304,256.5599267903311,260.0067138671875,45263800,0.0,0.0,AAPL,2026-01-12 00:00:00-05:00
258.4781303943212,261.56523797230057,258.148452318208,260.8059387207031,45730800,0.0,0.0,AAPL,2026-01-13 00:00:00-05:00
259.247418118488,261.57525710051715,256.4700180914029,259.71697998046875,40019400,0.0,0.0,AAPL,2026-01-14 00:00:00-05:00
260.40631875644857,260.7959687899761,256.8096782083212,257.9685974121094,39388600,0.0,0.0,AAPL,2026-01-15 00:00:00-05:00
257.6589020182799,258.6579671912775,254.69167723491495,255.29112243652344,72142800,0.0,0.0,AAPL,2026-01-16 00:00:00-05:00
252.49373739571587,254.55180921698133,243.19244305608962,246.46937561035156,80267500,0.0,0.0,AAPL,2026-01-20 00:00:00-05:00
248.46750904444812,251.3248360900433,244.9507953165175,247.41848754882812,54641700,0.0,0.0,AAPL,2026-01-21 00:00:00-05:00
248.96703988447874,250.76536025794266,247.9180183962477,248.1178436279297,39708300,0.0,0.0,AAPL,2026-01-22 00:00:00-05:00
247.08880782235642,249.17685039145397,244.45126111041233,247.80812072753906,41689000,0.0,0.0,AAPL,2026-01-23 00:00:00-05:00
251.24490015634893,256.32015295784896,249.5664780183616,255.17123413085938,55969200,0.0,0.0,AAPL,2026-01-26 00:00:00-05:00
258.92771692213245,261.70511669708895,257.96859246831417,258.0285339355469,49648300,0.0,0.0,AAPL,2026-01-27 00:00:00-05:00
257.409147241713,258.61800761819165,254.27208306792676,256.2002868652344,41288000,0.0,0.0,AAPL,2026-01-28 00:00:00-05:00
257.75880668092503,259.4072580677027,254.17216647920577,258.0385437011719,67253000,0.0,0.0,AAPL,2026-01-29 00:00:00-05:00
254.93144331105526,261.6551472598355,251.94423313215475,259.2374267578125,92443400,0.0,0.0,AAPL,2026-01-30 00:00:00-05:00
259.7869174093499,270.2371306501278,258.9676766447768,269.7575988769531,73913400,0.0,0.0,AAPL,2026-02-02 00:00:00-05:00
268.9483513556569,271.6258386480508,267.3598109321867,269.22808837890625,64394700,0.0,0.0,AAPL,2026-02-03 00:00:00-05:00
272.03545112075,278.68922850453845,272.03545112075,276.23150634765625,90545700,0.0,0.0,AAPL,2026-02-04 00:00:00-05:00
277.86999494352693,279.2387093202658,272.97458180817284,275.6520690917969,52977400,0.0,0.0,AAPL,2026-02-05 00:00:00-05:00
276.8609202349588,280.6473855638201,276.67109542368036,277.8599853515625,50453400,0.0,0.0,AAPL,2026-02-06 00:00:00-05:00
277.9100036621094,278.20001220703125,271.70001220703125,274.6199951171875,44623400,0.26,0.0,AAPL,2026-02-09 00:00:00-05:00
274.8900146484375,275.3699951171875,272.94000244140625,273.67999267578125,34376900,0.0,0.0,AAPL,2026-02-10 00:00:00-05:00
274.70001220703125,280.17999267578125,274.45001220703125,275.5,51931300,0.0,0.0,AAPL,2026-02-11 00:00:00-05:00
275.5899963378906,275.7200012207031,260.17999267578125,261.7300109863281,81077200,0.0,0.0,AAPL,2026-02-12 00:00:00-05:00
262.010009765625,262.2300109863281,255.4499969482422,255.77999877929688,56290700,0.0,0.0,AAPL,2026-02-13 00:00:00-05:00
258.04998779296875,266.2900085449219,255.5399932861328,263.8800048828125,58469100,0.0,0.0,AAPL,2026-02-17 00:00:00-05:00
263.6000061035156,266.82000732421875,262.45001220703125,264.3500061035156,34203300,0.0,0.0,AAPL,2026-02-18 00:00:00-05:00
262.6000061035156,264.4800109863281,260.04998779296875,260.5799865722656,30845300,0.0,0.0,AAPL,2026-02-19 00:00:00-05:00
258.9700012207031,264.75,258.1600036621094,264.5799865722656,42070500,0.0,0.0,AAPL,2026-02-20 00:00:00-05:00
263.489990234375,269.42999267578125,263.3800048828125,266.17999267578125,37308200,0.0,0.0,AAPL,2026-02-23 00:00:00-05:00
267.8599853515625,274.8900146484375,267.7099914550781,272.1400146484375,47014600,0.0,0.0,AAPL,2026-02-24 00:00:00-05:00
271.7799987792969,274.94000244140625,271.04998779296875,274.2300109863281,33714300,0.0,0.0,AAPL,2026-02-25 00:00:00-05:00
274.95001220703125,276.1099853515625,270.79998779296875,272.95001220703125,32345100,0.0,0.0,AAPL,2026-02-26 00:00:00-05:00
272.80999755859375,272.80999755859375,262.8900146484375,264.17999267578125,72366500,0.0,0.0,AAPL,2026-02-27 00:00:00-05:00
262.4100036621094,266.5299987792969,260.20001220703125,264.7200012207031,41827900,0.0,0.0,AAPL,2026-03-02 00:00:00-05:00
263.4800109863281,265.55999755859375,260.1300048828125,263.75,38568900,0.0,0.0,AAPL,2026-03-03 00:00:00-05:00
264.6499938964844,266.1499938964844,261.4200134277344,262.5199890136719,39803100,0.0,0.0,AAPL,2026-03-04 00:00:00-05:00
260.7900085449219,261.55999755859375,257.25,260.2900085449219,49658600,0.0,0.0,AAPL,2026-03-05 00:00:00-05:00
258.6300048828125,258.7699890136719,254.3699951171875,257.4599914550781,41120000,0.0,0.0,AAPL,2026-03-06 00:00:00-05:00
255.69000244140625,261.1499938964844,253.67999267578125,259.8800048828125,38218500,0.0,0.0,AAPL,2026-03-09 00:00:00-04:00
257.6499938964844,262.4800109863281,256.95001220703125,260.8299865722656,30590800,0.0,0.0,AAPL,2026-03-10 00:00:00-04:00
261.0899963378906,262.1300048828125,259.54998779296875,260.80999755859375,26218900,0.0,0.0,AAPL,2026-03-11 00:00:00-04:00
258.6600036621094,258.95001220703125,254.17999267578125,255.75999450683594,40794000,0.0,0.0,AAPL,2026-03-12 00:00:00-04:00
255.47999572753906,256.3299865722656,249.52000427246094,250.1199951171875,36930000,0.0,0.0,AAPL,2026-03-13 00:00:00-04:00
252.11000061035156,253.88999938964844,249.8800048828125,252.82000732421875,32074200,0.0,0.0,AAPL,2026-03-16 00:00:00-04:00
252.9600067138672,255.1300048828125,252.17999267578125,254.22999572753906,32361600,0.0,0.0,AAPL,2026-03-17 00:00:00-04:00
252.6300048828125,254.94000244140625,249.0,249.94000244140625,35757900,0.0,0.0,AAPL,2026-03-18 00:00:00-04:00
249.39999389648438,251.8300018310547,247.3000030517578,248.9600067138672,34864100,0.0,0.0,AAPL,2026-03-19 00:00:00-04:00
247.97999572753906,249.1999969482422,246.0,247.99000549316406,88331100,0.0,0.0,AAPL,2026-03-20 00:00:00-04:00
253.99000549316406,254.55999755859375,250.27999877929688,251.49000549316406,37465587,0.0,0.0,AAPL,2026-03-23 00:00:00-04:00
392.39594799568545,392.39594799568545,386.8484215764684,390.09356689453125,21004500,0.0,0.0,MSFT,2025-03-24 00:00:00-04:00
390.9272368910712,393.34867131877104,389.65696280253144,392.1578063964844,15775000,0.0,0.0,MSFT,2025-03-25 00:00:00-04:00
391.99901639757354,392.30665877239477,385.61787512073846,387.0072326660156,16108400,0.0,0.0,MSFT,2025-03-26 00:00:00-04:00
387.1659858818112,389.2599405856522,384.4567161979595,387.612548828125,13766800,0.0,0.0,MSFT,2025-03-27 00:00:00-04:00
385.13158343812927,386.1736243280803,374.0663006272135,375.9220886230469,21632000,0.0,0.0,MSFT,2025-03-28 00:00:00-04:00
369.7096714477169,374.2052539943911,364.44991951956155,372.53802490234375,35184700,0.0,0.0,MSFT,2025-03-31 00:00:00-04:00
371.80359254811333,379.9413052057438,370.39439795061145,379.28631591796875,19689500,0.0,0.0,MSFT,2025-04-01 00:00:00-04:00
375.0983928958324,382.1543604865691,373.7586433966847,379.2367248535156,16092600,0.0,0.0,MSFT,2025-04-02 00:00:00-04:00
371.9425583652147,374.61212363444304,366.54388609690864,370.2752990722656,30198000,0.0,0.0,MSFT,2025-04-03 00:00:00-04:00
361.363555677575,371.74407816646067,356.74888974568233,357.10614013671875,49209900,0.0,0.0,MSFT,2025-04-04 00:00:00-04:00
348.2142236601539,368.1813588125757,342.17049555544185,355.14117431640625,50425000,0.0,0.0,MSFT,2025-04-07 00:00:00-04:00
365.46220003690814,370.8112344321485,347.5890190857086,351.86627197265625,35868900,0.0,0.0,MSFT,2025-04-08 00:00:00-04:00
350.854026698487,390.2424886537646,350.4173671278774,387.5232849121094,50199700,0.0,0.0,MSFT,2025-04-09 00:00:00-04:00
379.1572950457799,380.983312003396,365.00562576710445,378.45269775390625,38024400,0.0,0.0,MSFT,2025-04-10 00:00:00-04:00
377.7481178718862,387.0865991344375,376.0114134245454,385.498779296875,23839200,0.0,0.0,MSFT,2025-04-11 00:00:00-04:00
390.23254912743425,391.651677567929,381.29099206627785,384.8636474609375,19251200,0.0,0.0,MSFT,2025-04-14 00:00:00-04:00
385.558347033726,388.91267269542334,381.24138963056953,382.7994689941406,17199900,0.0,0.0,MSFT,2025-04-15 00:00:00-04:00
377.7779079921512,378.71073856569086,365.2041538267982,368.7867126464844,21967800,0.0,0.0,MSFT,2025-04-16 00:00:00-04:00
370.9104847853966,371.47616155585064,364.10261724728616,364.98583984375,21120200,0.0,0.0,MSFT,2025-04-17 00:00:00-04:00
360.06353397111536,361.7109259917268,352.9678611353571,356.3916320800781,20807300,0.0,0.0,MSFT,2025-04-21 00:00:00-04:00
360.6192443688487,364.9758758256959,357.12596800122816,364.0331115722656,19485000,0.0,0.0,MSFT,2025-04-22 00:00:00-04:00
373.20288850682186,377.50000836988784,370.1859763720142,371.54559326171875,20545500,0.0,0.0,MSFT,2025-04-23 00:00:00-04:00
372.8456379358323,385.49877003384853,372.33950296048084,384.35748291015625,22232300,0.0,0.0,MSFT,2025-04-24 00:00:00-04:00
384.05982691311567,389.18062823957763,381.67806660180736,388.87298583984375,18973200,0.0,0.0,MSFT,2025-04-25 00:00:00-04:00
388.9821118643913,389.7561846754867,383.7025530868883,388.1882019042969,16579400,0.0,0.0,MSFT,2025-04-28 00:00:00-04:00
388.32712198825146,392.0982700078575,387.41412856396244,391.04632568359375,14974000,0.0,0.0,MSFT,2025-04-29 00:00:00-04:00
387.3347110069874,393.6464071015826,381.5192464831796,392.2570495605469,36461100,0.0,0.0,MSFT,2025-04-30 00:00:00-04:00
427.8346397458207,433.669971462135,421.67182852064957,422.16802978515625,58938100,0.0,0.0,MSFT,2025-05-01 00:00:00-04:00
428.4598783453456,436.1013902925972,426.7231738378541,431.9729919433594,30757400,0.0,0.0,MSFT,2025-05-02 00:00:00-04:00
429.58128511716615,436.1609188409604,428.827049490993,432.8562316894531,20136100,0.0,0.0,MSFT,2025-05-05 00:00:00-04:00
428.91639204817295,434.4043769104007,427.8942186382879,430.0179443359375,15104200,0.0,0.0,MSFT,2025-05-06 00:00:00-04:00
430.54391525930873,434.79139692835327,427.83464541633373,430.0576477050781,23295300,0.0,0.0,MSFT,2025-05-07 00:00:00-04:00
434.60283673184324,440.29924790125443,432.3500938706748,434.8410339355469,23491300,0.0,0.0,MSFT,2025-05-08 00:00:00-04:00
436.6570993033328,437.3914674607305,432.5684058555715,435.3967590332031,15324200,0.0,0.0,MSFT,2025-05-09 00:00:00-04:00
442.551987565255,445.9559209816134,436.43878433354007,445.8467712402344,22821900,0.0,0.0,MSFT,2025-05-12 00:00:00-04:00
444.37803887168343,447.24609694771215,441.9764112331301,445.72772216796875,23618800,0.0,0.0,MSFT,2025-05-13 00:00:00-04:00
444.73528972695,450.45150777480933,444.73528972695,449.4988098144531,19902800,0.0,0.0,MSFT,2025-05-14 00:00:00-04:00
448.1665235651595,453.5552331837817,447.8284909088357,450.5129089355469,21992300,0.83,0.0,MSFT,2025-05-15 00:00:00-04:00
449.4391826540583,451.735838870633,446.13838030321216,451.6463623046875,23849800,0.0,0.0,MSFT,2025-05-16 00:00:00-04:00
448.27591363294266,456.9355998797858,448.1963586877965,456.2197570800781,21336500,0.0,0.0,MSFT,2025-05-19 00:00:00-04:00
452.9587181303489,455.69283539558984,451.69606398891386,455.5238342285156,15441800,0.0,0.0,MSFT,2025-05-20 00:00:00-04:00
451.944595050179,455.1360468945702,449.2005259832327,449.9561462402344,19216900,0.0,0.0,MSFT,2025-05-21 00:00:00-04:00
452.32244757902833,457.5918252828005,451.27849365115543,452.2329406738281,18025600,0.0,0.0,MSFT,2025-05-22 00:00:00-04:00
447.3811293692874,451.06969358680703,446.3173019248347,447.5799560546875,16883500,0.0,0.0,MSFT,2025-05-23 00:00:00-04:00
453.8435596609756,458.2877438900054,453.48562310372705,458.02923583984375,20974300,0.0,0.0,MSFT,2025-05-27 00:00:00-04:00
458.55619745791415,459.84867709346275,454.2909661144885,454.7184753417969,17086300,0.0,0.0,MSFT,2025-05-28 00:00:00-04:00
458.884303233251,459.05333474747385,452.68035209769624,456.0308837890625,13974800,0.0,0.0,MSFT,2025-05-29 00:00:00-04:00
457.0648535034259,459.0135248792732,452.90900269221845,457.7011413574219,34770500,0.0,0.0,MSFT,2025-05-30 00:00:00-04:00
454.49978904014216,459.44105553120437,454.2512329224997,459.3018798828125,16626500,0.0,0.0,MSFT,2025-06-02 00:00:00-04:00
458.8047449110186,461.4593374660713,458.19825223653834,460.29608154296875,15743800,0.0,0.0,MSFT,2025-06-03 00:00:00-04:00
461.32011095722316,463.0003525817652,460.3457601448262,461.19085693359375,14162700,0.0,0.0,MSFT,2025-06-04 00:00:00-04:00
462.27455978783877,466.937474562979,461.34993839523827,464.9788513183594,20131700,0.0,0.0,MSFT,2025-06-05 00:00:00-04:00
467.3749354769993,470.60616471423765,466.0725039656027,467.66326904296875,15285600,0.0,0.0,MSFT,2025-06-06 00:00:00-04:00
466.98725027602023,470.69568816704816,465.9134708467471,470.0196228027344,16469900,0.0,0.0,MSFT,2025-06-09 00:00:00-04:00
468.4686249933991,470.06931180763127,464.26304461137784,468.2001953125,15375900,0.0,0.0,MSFT,2025-06-10 00:00:00-04:00
467.30536072753216,472.72389606625393,466.9474544926898,469.8903503417969,16399200,0.0,0.0,MSFT,2025-06-11 00:00:00-04:00
472.276508194471,477.6453447348738,470.78517145354215,476.1042785644531,18950600,0.0,0.0,MSFT,2025-06-12 00:00:00-04:00
473.6584649544854,476.4124557062983,470.0295518485209,472.2168273925781,16814500,0.0,0.0,MSFT,2025-06-13 00:00:00-04:00
472.4653860858625,477.91374692205306,472.25660744971805,476.3727111816406,15626100,0.0,0.0,MSFT,2025-06-16 00:00:00-04:00
472.65428568792316,475.97499162724574,471.3419021646973,475.279052734375,15414100,0.0,0.0,MSFT,2025-06-17 00:00:00-04:00
475.2392860574369,478.2219594008936,471.71972301658775,477.4663391113281,17526500,0.0,0.0,MSFT,2025-06-18 00:00:00-04:00
479.4448516392065,480.6677282539423,474.11579298541653,474.6427307128906,37576200,0.0,0.0,MSFT,2025-06-20 00:00:00-04:00
475.44806772339973,484.932977511559,469.7810065395394,483.1930847167969,24864000,0.0,0.0,MSFT,2025-06-23 00:00:00-04:00
486.1260232932434,489.0092679302753,483.9884166007436,487.279296875,22305600,0.0,0.0,MSFT,2025-06-24 00:00:00-04:00
489.1982276680394,491.7036624656625,486.56353883181055,489.4268798828125,17495100,0.0,0.0,MSFT,2025-06-25 00:00:00-04:00
490.13278082199906,495.1635541172166,489.9637493151316,494.57696533203125,21578900,0.0,0.0,MSFT,2025-06-26 00:00:00-04:00
494.6763704185467,496.4162632322767,490.1824867596744,493.07568359375,34539200,0.0,0.0,MSFT,2025-06-27 00:00:00-04:00
494.1693427257206,497.86785899517616,492.4691970236715,494.5372009277344,28369000,0.0,0.0,MSFT,2025-06-30 00:00:00-04:00
493.602615314542,495.17347659984546,488.14433277768,489.2081298828125,19945400,0.0,0.0,MSFT,2025-07-01 00:00:00-04:00
487.1600396387865,490.6497772469701,485.87751191483574,488.2536926269531,16319600,0.0,0.0,MSFT,2025-07-02 00:00:00-04:00
490.95797554637323,497.2414813819725,490.59011735274714,495.95892333984375,13984800,0.0,0.0,MSFT,2025-07-03 00:00:00-04:00
494.50736527479916,495.8694479262707,492.36978876052433,494.84539794921875,13981600,0.0,0.0,MSFT,2025-07-07 00:00:00-04:00
494.36812324816447,495.3226005030518,491.2561960700141,493.751708984375,11846600,0.0,0.0,MSFT,2025-07-08 00:00:00-04:00
497.41047691930333,503.8530622357068,496.85371365827956,500.6019592285156,18659500,0.0,0.0,MSFT,2025-07-09 00:00:00-04:00
500.14458849842043,501.52657502305914,494.87521114411277,498.58367919921875,16492100,0.0,0.0,MSFT,2025-07-10 00:00:00-04:00
495.59106078877636,502.1131707269345,494.9249170598048,500.4130554199219,16459500,0.0,0.0,MSFT,2025-07-11 00:00:00-04:00
498.6234399223271,501.05930198422453,498.1362796464767,500.1147766113281,12058800,0.0,0.0,MSFT,2025-07-14 00:00:00-04:00
500.11477392946824,505.36427783294863,499.88612172349406,502.89862060546875,14927200,0.0,0.0,MSFT,2025-07-15 00:00:00-04:00
502.2623068754336,503.793421043838,498.99133023831314,502.69976806640625,15154400,0.0,0.0,MSFT,2025-07-16 00:00:00-04:00
502.75940886082554,510.40499725185873,502.6997578215743,508.7446594238281,17503100,0.0,0.0,MSFT,2025-07-17 00:00:00-04:00
511.50859420333654,511.6677041033988,504.499323712682,507.10418701171875,21209700,0.0,0.0,MSFT,2025-07-18 00:00:00-04:00
503.7834473494323,509.132409924825,502.630143381304,507.1141052246094,14066800,0.0,0.0,MSFT,2025-07-21 00:00:00-04:00
508.01886761548803,508.2475501614973,502.3517761230469,502.3517761230469,13868600,0.0,0.0,MSFT,2025-07-22 00:00:00-04:00
503.8232255681408,503.8630030405687,497.80817995491657,502.94830322265625,16396600,0.0,0.0,MSFT,2025-07-23 00:00:00-04:00
505.83155299665924,510.70324664183266,504.370041868975,507.92938232421875,16107000,0.0,0.0,MSFT,2025-07-24 00:00:00-04:00
509.51018319793565,515.2965768746373,507.41238413754473,510.7430725097656,19125700,0.0,0.0,MSFT,2025-07-25 00:00:00-04:00
511.1109000989904,512.0255695622142,507.1737496018482,509.5400085449219,14308000,0.0,0.0,MSFT,2025-07-28 00:00:00-04:00
512.5525452747698,514.6304403339567,508.6054427654301,509.609619140625,16469200,0.0,0.0,MSFT,2025-07-29 00:00:00-04:00
512.1945721471376,512.9700963143614,506.4976856980785,510.2757263183594,26380400,0.0,0.0,MSFT,2025-07-30 00:00:00-04:00
552.0231773044421,552.2419382207228,528.8279664536001,530.418701171875,51617300,0.0,0.0,MSFT,2025-07-31 00:00:00-04:00
531.9100652869249,532.7054326872741,517.8517174087783,521.0829467773438,28977600,0.0,0.0,MSFT,2025-08-01 00:00:00-04:00
525.2190177406763,535.1413592423181,525.0798117410876,532.5464477539062,25349000,0.0,0.0,MSFT,2025-08-04 00:00:00-04:00
534.0774948252555,534.196796907337,524.1949011418618,524.7019653320312,19171600,0.0,0.0,MSFT,2025-08-05 00:00:00-04:00
527.8338028961505,528.6291703469228,521.0034855448089,521.908203125,21355700,0.0,0.0,MSFT,2025-08-06 00:00:00-04:00
523.757448292983,525.0400367197672,514.5608717763297,517.8319091796875,16079100,0.0,0.0,MSFT,2025-08-07 00:00:00-04:00
519.5816656001966,521.6297655095517,516.4100872243725,519.02490234375,15531000,0.0,0.0,MSFT,2025-08-08 00:00:00-04:00
519.2833770884752,524.542862850504,516.7182612189127,518.7564697265625,20194400,0.0,0.0,MSFT,2025-08-11 00:00:00-04:00
520.7250669698358,527.9132904806338,519.6811434112465,526.183349609375,18667000,0.0,0.0,MSFT,2025-08-12 00:00:00-04:00
529.0368026236954,529.6234217995657,516.3703917601634,517.5734252929688,19619200,0.0,0.0,MSFT,2025-08-13 00:00:00-04:00
519.5419572956574,522.9123929469488,517.13595097363,519.46240234375,20269100,0.0,0.0,MSFT,2025-08-14 00:00:00-04:00
519.7507304052322,523.0614541020369,516.0820397908819,517.1657104492188,25213300,0.0,0.0,MSFT,2025-08-15 00:00:00-04:00
518.5775217659684,519.8003983365775,511.0512359172718,514.1134033203125,23760600,0.0,0.0,MSFT,2025-08-18 00:00:00-04:00
512.0256106523992,512.1846598699071,505.61285057663105,506.8258056640625,21481000,0.0,0.0,MSFT,2025-08-19 00:00:00-04:00
506.92525053820776,508.0487290990465,501.526618683124,502.7992248535156,27723000,0.0,0.0,MSFT,2025-08-20 00:00:00-04:00
501.6041452591809,505.5278315490841,500.6381609615915,502.15185546875,18443300,0.83,0.0,MSFT,2025-08-21 00:00:00-04:00
502.1618461633245,508.6150227226763,500.32946944945456,505.1295166015625,24324200,0.0,0.0,MSFT,2025-08-22 00:00:00-04:00
504.5319946732823,506.0855321115255,502.0323791323648,502.17181396484375,21638600,0.0,0.0,MSFT,2025-08-25 00:00:00-04:00
502.2713680297872,502.88882606141556,496.4456179190968,499.96099853515625,30835700,0.0,0.0,MSFT,2025-08-26 00:00:00-04:00
499.92117896114246,505.18928116929357,497.82986914621193,504.64154052734375,17277900,0.0,0.0,MSFT,2025-08-27 00:00:00-04:00
504.99008260275673,508.9735181763212,503.406670609209,507.529541015625,18015600,0.0,0.0,MSFT,2025-08-28 00:00:00-04:00
506.5535790393771,507.4896888132377,502.40083415821226,504.59173583984375,20961600,0.0,0.0,MSFT,2025-08-29 00:00:00-04:00
498.3974910813857,503.90458943006223,494.75264396148896,503.0282287597656,18128000,0.0,0.0,MSFT,2025-09-02 00:00:00-04:00
501.70375627159575,505.68719181229375,500.2398424947412,503.2572937011719,16345100,0.0,0.0,MSFT,2025-09-03 00:00:00-04:00
502.2116394820944,506.04570238922344,501.0664078062513,505.866455078125,15509500,0.0,0.0,MSFT,2025-09-04 00:00:00-04:00
506.9619070760115,509.8498918622262,490.3310509759443,492.9501647949219,31994800,0.0,0.0,MSFT,2025-09-05 00:00:00-04:00
496.04724781279185,499.1244784694731,492.9800158612091,496.13690185546875,16771000,0.0,0.0,MSFT,2025-09-08 00:00:00-04:00
499.3534910580183,500.17010260105087,495.6389570336189,496.34600830078125,14410500,0.0,0.0,MSFT,2025-09-09 00:00:00-04:00
500.8971201283455,501.1460848531792,494.6630336933239,498.29791259765625,21611800,0.0,0.0,MSFT,2025-09-10 00:00:00-04:00
500.17012751524385,501.08633106619584,495.8182290284252,498.9352722167969,18881600,0.0,0.0,MSFT,2025-09-11 00:00:00-04:00
504.55191069082485,510.42747218178897,501.7635178992086,507.7884521484375,23624900,0.0,0.0,MSFT,2025-09-12 00:00:00-04:00
506.68306017742736,513.3353599697668,504.9004642300766,513.225830078125,17143800,0.0,0.0,MSFT,2025-09-15 00:00:00-04:00
514.7395367165727,515.0880630075219,506.4938265025834,506.9320068359375,19711900,0.0,0.0,MSFT,2025-09-16 00:00:00-04:00
508.5054498653079,509.1726886784055,503.8348693472275,507.9079284667969,15816600,0.0,0.0,MSFT,2025-09-17 00:00:00-04:00
509.37184097126715,510.9453149965379,505.55771489166153,506.3444519042969,18913700,0.0,0.0,MSFT,2025-09-18 00:00:00-04:00
508.44574170609144,517.1495391803752,508.19677696926453,515.7852172851562,52474100,0.0,0.0,MSFT,2025-09-19 00:00:00-04:00
513.4549348866175,515.5959951267806,510.41751650985566,512.3196411132812,20009300,0.0,0.0,MSFT,2025-09-22 00:00:00-04:00
511.67229848312854,512.4590659268906,505.2091838485409,507.1212463378906,19799600,0.0,0.0,MSFT,2025-09-23 00:00:00-04:00
508.26644250853604,510.35772177145367,504.82077941210207,508.0373840332031,13533700,0.0,0.0,MSFT,2025-09-24 00:00:00-04:00
506.1950582100621,507.89799878212006,502.94857891661616,504.9303283691406,15786500,0.0,0.0,MSFT,2025-09-25 00:00:00-04:00
507.9477531769938,511.8116903059077,504.52199636524745,509.3419494628906,16213100,0.0,0.0,MSFT,2025-09-26 00:00:00-04:00
509.3817950243417,514.7096154882738,506.77264973451184,512.4689331054688,17617800,0.0,0.0,MSFT,2025-09-29 00:00:00-04:00
511.11459757878936,516.0142062084105,507.54943619028296,515.8051147460938,19728200,0.0,0.0,MSFT,2025-09-30 00:00:00-04:00
512.6680995330014,518.3544751787417,509.5709932440202,517.5578002929688,22632300,0.0,0.0,MSFT,2025-10-01 00:00:00-04:00
515.4963429681408,519.4399047558908,508.56514411884206,513.6041870117188,21222900,0.0,0.0,MSFT,2025-10-02 00:00:00-04:00
514.9585548343116,518.3345307125708,512.8672756929882,515.20751953125,15112300,0.0,0.0,MSFT,2025-10-03 00:00:00-04:00
516.4623876768178,528.8309994124726,516.0541122577388,526.3811645507812,21388600,0.0,0.0,MSFT,2025-10-06 00:00:00-04:00
526.1022689962125,527.6060256392368,519.2806599401652,521.8101196289062,14615200,0.0,0.0,MSFT,2025-10-07 00:00:00-04:00
521.1130687043808,524.7678538085896,520.923853084141,522.676513671875,13363400,0.0,0.0,MSFT,2025-10-08 00:00:00-04:00
520.1769452354545,522.158694647609,515.2574000210162,520.2366943359375,18343600,0.0,0.0,MSFT,2025-10-09 00:00:00-04:00
517.4881335274953,521.4118200258811,507.5195762105422,508.84405517578125,24133800,0.0,0.0,MSFT,2025-10-10 00:00:00-04:00
514.2714771071726,514.2714771071726,509.56108387533754,511.9212646484375,14284200,0.0,0.0,MSFT,2025-10-13 00:00:00-04:00
508.1170420708167,513.146147202046,503.9045484424133,511.4432067871094,14684300,0.0,0.0,MSFT,2025-10-14 00:00:00-04:00
512.8275263160849,515.0482722356254,507.88804423946306,511.3038330078125,14694700,0.0,0.0,MSFT,2025-10-15 00:00:00-04:00
510.4573477017149,514.7096236704256,506.02576365101777,509.4913330078125,15559600,0.0,0.0,MSFT,2025-10-16 00:00:00-04:00
506.9320087638593,513.3453119402852,505.20916197429216,511.4532165527344,19867800,0.0,0.0,MSFT,2025-10-17 00:00:00-04:00
512.4788764440519,516.5519656323323,511.30377036778043,514.6498413085938,14665600,0.0,0.0,MSFT,2025-10-20 00:00:00-04:00
515.3569857054445,516.5420602391357,510.91543308707116,515.5162963867188,15586200,0.0,0.0,MSFT,2025-10-21 00:00:00-04:00
518.9918584655633,523.0549187669818,515.566101626736,518.3843383789062,18962700,0.0,0.0,MSFT,2025-10-22 00:00:00-04:00
520.2964530626382,521.7802730707533,516.4623598997719,518.404296875,14023500,0.0,0.0,MSFT,2025-10-23 00:00:00-04:00
520.6250388201142,523.1744351060786,518.5536961256696,521.441650390625,15532400,0.0,0.0,MSFT,2025-10-24 00:00:00-04:00
529.577902779321,532.3662956890146,526.819354031342,529.3189697265625,18734700,0.0,0.0,MSFT,2025-10-27 00:00:00-04:00
547.722348424072,551.4269140414981,538.5305910090683,539.8251953125,29986700,0.0,0.0,MSFT,2025-10-28 00:00:00-04:00
542.6832878753321,544.0077970763692,534.5072653816836,539.3073120117188,36023000,0.0,0.0,MSFT,2025-10-29 00:00:00-04:00
528.2831883129468,532.7545848667123,519.9578228356851,523.582763671875,41023100,0.0,0.0,MSFT,2025-10-30 00:00:00-04:00
526.6898137654194,527.1279940743384,512.9668501497666,515.6656494140625,34006400,0.0,0.0,MSFT,2025-10-31 00:00:00-04:00
517.657371934483,522.7860691817526,512.4590180581705,514.888916015625,22374700,0.0,0.0,MSFT,2025-11-03 00:00:00-05:00
509.6407695643784,513.4150529816625,505.73698923396887,512.2001342773438,20958700,0.0,0.0,MSFT,2025-11-04 00:00:00-05:00
511.17434154282535,512.6980347767452,504.4821687767013,505.0597839355469,23024300,0.0,0.0,MSFT,2025-11-05 00:00:00-05:00
503.5659922381216,503.6058351018555,493.75677643867937,495.04144287109375,27406500,0.0,0.0,MSFT,2025-11-06 00:00:00-05:00
494.89207027354036,497.31199999791255,491.2073803526309,494.7626037597656,24019800,0.0,0.0,MSFT,2025-11-07 00:00:00-05:00
497.96929153220975,504.7510881917551,496.73440583349895,503.90460205078125,26101500,0.0,0.0,MSFT,2025-11-10 00:00:00-05:00
502.70954902224156,507.48968986721945,500.26971300797675,506.573486328125,17980000,0.0,0.0,MSFT,2025-11-11 00:00:00-05:00
507.2506574723947,509.5511194130969,497.05307240824305,509.0233154296875,26574900,0.0,0.0,MSFT,2025-11-12 00:00:00-05:00
508.1967287528611,511.3735209246628,499.2140928412288,501.205810546875,25273100,0.0,0.0,MSFT,2025-11-13 00:00:00-05:00
496.16679552350377,509.48142428367663,495.3800584752997,508.0672912597656,28505700,0.0,0.0,MSFT,2025-11-14 00:00:00-05:00
506.34447416817187,509.9992593431845,502.8191251226507,505.388427734375,19092800,0.0,0.0,MSFT,2025-11-17 00:00:00-05:00
493.31862192366924,500.89712400975867,484.76419755903834,491.74517822265625,33815100,0.0,0.0,MSFT,2025-11-18 00:00:00-05:00
488.070453670226,493.13937183157236,480.8305400064438,485.102783203125,23245300,0.0,0.0,MSFT,2025-11-19 00:00:00-05:00
491.5879641710541,492.4460215630244,474.41716428973194,477.3404846191406,26802500,0.91,0.0,MSFT,2025-11-20 00:00:00-05:00
477.4103368698009,477.8293938228302,467.20362215472323,471.04486083984375,31769200,0.0,0.0,MSFT,2025-11-21 00:00:00-05:00
473.9183160323131,475.8139832068258,466.9542001322548,472.92059326171875,34421000,0.0,0.0,MSFT,2025-11-24 00:00:00-05:00
472.9904142849383,478.0588322743821,463.8313270788984,475.90374755859375,28019800,0.0,0.0,MSFT,2025-11-25 00:00:00-05:00
485.2025316262965,487.1979770584782,480.10418316215106,484.3943786621094,25709100,0.0,0.0,MSFT,2025-11-26 00:00:00-05:00
486.48962635446395,491.5081706450152,485.54177754838196,490.88958740234375,14386700,0.0,0.0,MSFT,2025-11-28 00:00:00-05:00
487.32770213243884,488.7444513856018,483.5463243869077,485.6315612792969,23964000,0.0,0.0,MSFT,2025-12-01 00:00:00-05:00
485.6116258193264,492.3761849539621,485.2125428025972,488.8841552734375,19562700,0.0,0.0,MSFT,2025-12-02 00:00:00-05:00
475.23529714339696,483.13724409881166,474.1178525596479,476.64208984375,34615100,0.0,0.0,MSFT,2025-12-03 00:00:00-05:00
478.6674679630734,480.2239129901724,475.40489514051177,479.7449951171875,22318200,0.0,0.0,MSFT,2025-12-04 00:00:00-05:00
481.4211657314621,482.299166614698,477.78947078944657,482.0597229003906,22608700,0.0,0.0,MSFT,2025-12-05 00:00:00-05:00
483.7858099301447,491.17890888246444,483.2769615726175,489.9018249511719,21965900,0.0,0.0,MSFT,2025-12-08 00:00:00-05:00
487.9862027558801,490.99931449735556,487.3875630167038,490.8995361328125,14696100,0.0,0.0,MSFT,2025-12-09 00:00:00-05:00
482.92772884397027,483.14722906115725,473.99809828560024,477.4701843261719,35756200,0.0,0.0,MSFT,2025-12-10 00:00:00-05:00
475.5445986070271,484.92318635563356,474.7763326037194,482.3690185546875,24669200,0.0,0.0,MSFT,2025-12-11 00:00:00-05:00
478.72734800157895,481.3513637649093,475.2552617920193,477.4402770996094,21248100,0.0,0.0,MSFT,2025-12-12 00:00:00-05:00
479.0066832317436,479.6252664455081,471.44392797474177,473.73870849609375,23727700,0.0,0.0,MSFT,2025-12-15 00:00:00-05:00
470.8353364785088,476.80172935648005,469.8076832860371,475.3051452636719,20705600,0.0,0.0,MSFT,2025-12-16 00:00:00-05:00
475.8239455574328,478.9069051052783,473.9182915104317,475.0357360839844,24527200,0.0,0.0,MSFT,2025-12-17 00:00:00-05:00
477.10104539067044,488.4850656489584,476.8017407441929,482.87786865234375,28573500,0.0,0.0,MSFT,2025-12-18 00:00:00-05:00
486.2501387748106,486.73904362092316,481.39123391446003,484.8134460449219,70836100,0.0,0.0,MSFT,2025-12-19 00:00:00-05:00
485.01298390813173,487.6170561484318,481.5908021440126,483.81573486328125,16963000,0.0,0.0,MSFT,2025-12-22 00:00:00-05:00
483.8755963136496,486.71908182827985,483.63612214595605,485.7413330078125,14683600,0.0,0.0,MSFT,2025-12-23 00:00:00-05:00
484.5739628623746,488.04604888584674,483.7258924615979,486.90863037109375,5855900,0.0,0.0,MSFT,2025-12-24 00:00:00-05:00
485.601642461088,487.00843522519267,484.85335038112265,486.599365234375,8842200,0.0,0.0,MSFT,2025-12-26 00:00:00-05:00
483.7558335295542,487.23790659993216,483.0773893732932,485.9907531738281,10893400,0.0,0.0,MSFT,2025-12-29 00:00:00-05:00
484.82341501264875,488.56487537463653,484.39440153201394,486.3699035644531,13944500,0.0,0.0,MSFT,2025-12-30 00:00:00-05:00
486.7290680267604,487.0284031238816,482.1993981667827,482.5186767578125,15601600,0.0,0.0,MSFT,2025-12-31 00:00:00-05:00
483.2869444224563,483.5563186075122,469.0893385249197,471.8630065917969,25571600,0.0,0.0,MSFT,2026-01-02 00:00:00-05:00
472.98042932285466,474.9858617296903,468.4308161640092,471.773193359375,25250300,0.0,0.0,MSFT,2026-01-05 00:00:00-05:00
472.72102257015473,477.64977534720424,468.68025764779384,477.4203186035156,23037700,0.0,0.0,MSFT,2026-01-06 00:00:00-05:00
478.6674756822987,488.5848422406915,476.86159994291296,482.3690185546875,25564200,0.0,0.0,MSFT,2026-01-07 00:00:00-05:00
480.14408679814625,481.5608665012806,474.7763335277468,477.0212097167969,18162600,0.0,0.0,MSFT,2026-01-08 00:00:00-05:00
472.9804540365218,478.72734693664125,471.1247042989064,478.1885681152344,18491000,0.0,0.0,MSFT,2026-01-09 00:00:00-05:00
475.5845048686955,479.89464390147504,474.59673866594744,476.09332275390625,23519900,0.0,0.0,MSFT,2026-01-12 00:00:00-05:00
473.5990225282599,474.6965236309785,464.888922501957,469.5981750488281,28545800,0.0,0.0,MSFT,2026-01-13 00:00:00-05:00
465.39775666549855,467.13381499707015,456.1289340170423,458.3338928222656,28184300,0.0,0.0,MSFT,2026-01-14 00:00:00-05:00
463.0630900555096,463.1927988881192,454.8618076165624,455.6200866699219,23225800,0.0,0.0,MSFT,2026-01-15 00:00:00-05:00
456.78739866953146,462.13520850615447,455.4404972994736,458.8127746582031,34246700,0.0,0.0,MSFT,2026-01-16 00:00:00-05:00
450.1924514863621,455.7597309230742,448.2568669541529,453.48492431640625,26130000,0.0,0.0,MSFT,2026-01-20 00:00:00-05:00
451.56931960591265,451.65911099901973,437.68100562513575,443.0986328125,37980500,0.0,0.0,MSFT,2026-01-21 00:00:00-05:00
446.600636936346,451.8087507279656,443.6873036586902,450.1126403808594,25349400,0.0,0.0,MSFT,2026-01-22 00:00:00-05:00
450.8409629929935,470.0271819611143,449.50401819491054,464.888916015625,38000200,0.0,0.0,MSFT,2026-01-23 00:00:00-05:00
464.25036221183507,473.1700058760031,460.94790240319116,469.20904541015625,29291200,0.0,0.0,MSFT,2026-01-26 00:00:00-05:00
472.62128861771004,481.7703893732875,472.0825097961169,479.485595703125,29213900,0.0,0.0,MSFT,2026-01-27 00:00:00-05:00
482.10959164059926,482.63838346935967,476.9114647448887,480.533203125,36875400,0.0,0.0,MSFT,2026-01-28 00:00:00-05:00
438.98802836564175,441.49232224197124,420.06122635013605,432.5128173828125,128855300,0.0,0.0,MSFT,2026-01-29 00:00:00-05:00
438.1699022937122,438.5989157576861,425.47886802078926,429.31011962890625,58566800,0.0,0.0,MSFT,2026-01-30 00:00:00-05:00
429.2602343395754,429.7590957240154,421.28843915961005,422.4058837890625,42219900,0.0,0.0,MSFT,2026-02-02 00:00:00-05:00
421.0489834358989,421.0888704228976,407.6296003977664,410.2735595703125,61424100,0.0,0.0,MSFT,2026-02-03 00:00:00-05:00
410.0640575889883,418.84400576689177,408.3080557741746,413.2467956542969,45012400,0.0,0.0,MSFT,2026-02-04 00:00:00-05:00
406.51216038211834,407.37018733348754,391.4265972483441,392.7735290527344,66289200,0.0,0.0,MSFT,2026-02-05 00:00:00-05:00
398.2609865133262,400.87501513504304,392.0252195920243,400.22650146484375,53515300,0.0,0.0,MSFT,2026-02-06 00:00:00-05:00
403.9280678877113,413.94521298339265,399.9571203178888,412.65814208984375,45480500,0.0,0.0,MSFT,2026-02-09 00:00:00-05:00
418.66440278178237,422.7151545880433,411.76017861216997,412.328857421875,44857900,0.0,0.0,MSFT,2026-02-10 00:00:00-05:00
415.2322299614449,415.51159110220135,400.096793508188,403.4491271972656,42491000,0.0,0.0,MSFT,2026-02-11 00:00:00-05:00
404.07770370563327,405.2749831551046,397.1036315998776,400.9248962402344,40802400,0.0,0.0,MSFT,2026-02-12 00:00:00-05:00
403.528974460687,404.61648859375555,397.1435245648219,400.4060974121094,34091600,0.0,0.0,MSFT,2026-02-13 00:00:00-05:00
398.31087932693146,399.60790672873594,393.6315571718042,395.95623779296875,32078800,0.0,0.0,MSFT,2026-02-17 00:00:00-05:00
397.2233488345012,401.6432531481791,395.41747315874426,398.69000244140625,23223400,0.0,0.0,MSFT,2026-02-18 00:00:00-05:00
400.69000244140625,404.42999267578125,396.6700134277344,398.4599914550781,28234000,0.91,0.0,MSFT,2026-02-19 00:00:00-05:00
396.1099853515625,400.1199951171875,395.1600036621094,397.2300109863281,34015200,0.0,0.0,MSFT,2026-02-20 00:00:00-05:00
395.0,395.3599853515625,383.1000061035156,384.4700012207031,43238300,0.0,0.0,MSFT,2026-02-23 00:00:00-05:00
384.1400146484375,389.3599853515625,381.7099914550781,389.0,33884700,0.0,0.0,MSFT,2026-02-24 00:00:00-05:00
390.5299987792969,401.4700012207031,390.1600036621094,400.6000061035156,43625500,0.0,0.0,MSFT,2026-02-25 00:00:00-05:00
404.7099914550781,407.489990234375,398.739990234375,401.7200012207031,34405900,0.0,0.0,MSFT,2026-02-26 00:00:00-05:00
390.8800048828125,396.82000732421875,389.8800048828125,392.739990234375,51367200,0.0,0.0,MSFT,2026-02-27 00:00:00-05:00
392.8599853515625,401.19000244140625,390.6300048828125,398.54998779296875,35474900,0.0,0.0,MSFT,2026-03-02 00:00:00-05:00
393.1400146484375,406.70001220703125,392.6700134277344,403.92999267578125,38199200,0.0,0.0,MSFT,2026-03-03 00:00:00-05:00
401.2699890136719,411.0299987792969,400.30999755859375,405.20001220703125,35808000,0.0,0.0,MSFT,2026-03-04 00:00:00-05:00
404.4200134277344,411.6099853515625,404.3999938964844,410.67999267578125,39001300,0.0,0.0,MSFT,2026-03-05 00:00:00-05:00
409.20001220703125,413.04998779296875,408.510009765625,408.9599914550781,31123900,0.0,0.0,MSFT,2026-03-06 00:00:00-05:00
404.9200134277344,410.2099914550781,403.5,409.4100036621094,30131900,0.0,0.0,MSFT,2026-03-09 00:00:00-04:00
410.0299987792969,410.20001220703125,402.92999267578125,405.760009765625,31706400,0.0,0.0,MSFT,2026-03-10 00:00:00-04:00
405.57000732421875,409.010009765625,401.5899963378906,404.8800048828125,25512100,0.0,0.0,MSFT,2026-03-11 00:00:00-04:00
404.6300048828125,406.1199951171875,401.7099914550781,401.8599853515625,27263900,0.0,0.0,MSFT,2026-03-12 00:00:00-04:00
401.0,404.79998779296875,394.25,395.54998779296875,26848000,0.0,0.0,MSFT,2026-03-13 00:00:00-04:00
398.07000732421875,400.6300048828125,394.7900085449219,399.95001220703125,27733700,0.0,0.0,MSFT,2026-03-16 00:00:00-04:00
400.2699890136719,404.3999938964844,397.75,399.4100036621094,26228300,0.0,0.0,MSFT,2026-03-17 00:00:00-04:00
397.1300048828125,398.0,391.0,391.7900085449219,25908500,0.0,0.0,MSFT,2026-03-18 00:00:00-04:00
390.1000061035156,392.489990234375,387.05999755859375,389.0199890136719,25138800,0.0,0.0,MSFT,2026-03-19 00:00:00-04:00
386.7900085449219,387.0,380.1199951171875,381.8699951171875,50853200,0.0,0.0,MSFT,2026-03-20 00:00:00-04:00
383.9949951171875,387.2099914550781,381.67999267578125,383.0,28357488,0.0,0.0,MSFT,2026-03-23 00:00:00-04:00
166.492708348571,167.7383890591239,164.56936942432435,167.1005859375,30879100,0.0,0.0,GOOGL,2025-03-24 00:00:00-04:00
168.3960847024039,170.04039224469534,167.7383768915496,169.9706268310547,24174400,0.0,0.0,GOOGL,2025-03-25 00:00:00-04:00
168.41602720143118,169.0239199788623,164.27039826701778,164.48963928222656,28901600,0.0,0.0,GOOGL,2025-03-26 00:00:00-04:00
164.06113851285755,164.84840203770966,161.44022141043914,161.6793975830078,24508300,0.0,0.0,GOOGL,2025-03-27 00:00:00-04:00
159.93545636481977,161.26086257414812,153.09915945705842,153.79673767089844,48669300,0.0,0.0,GOOGL,2025-03-28 00:00:00-04:00
152.58092477046202,155.0025205393741,150.13939385440554,154.1056365966797,54603500,0.0,0.0,GOOGL,2025-03-31 00:00:00-04:00
153.08917642482464,157.55370717648853,153.08917642482464,156.5272674560547,30672900,0.0,0.0,GOOGL,2025-04-01 00:00:00-04:00
154.61386135810304,157.86260591341835,154.16541940835015,156.49732971191406,25041700,0.0,0.0,GOOGL,2025-04-02 00:00:00-04:00
150.58783997911712,152.25206746912303,149.87032672274708,150.19918823242188,46883400,0.0,0.0,GOOGL,2025-04-03 00:00:00-04:00
147.49855413182192,150.54799324363788,144.8776522919314,145.09689331054688,62259500,0.0,0.0,GOOGL,2025-04-04 00:00:00-04:00
141.06087632952463,152.3218321659185,140.04439668677543,146.24290466308594,76794100,0.0,0.0,GOOGL,2025-04-07 00:00:00-04:00
150.69745588802078,151.7139355045659,142.5357542501846,144.19998168945312,52200200,0.0,0.0,GOOGL,2025-04-08 00:00:00-04:00
143.9209605893895,158.99868434001036,143.41272834835817,158.16159057617188,70406200,0.0,0.0,GOOGL,2025-04-09 00:00:00-04:00
155.99906254121734,157.17499290712513,149.41190307502956,152.29193115234375,48022000,0.0,0.0,GOOGL,2025-04-10 00:00:00-04:00
152.37166086891528,157.12518279409443,152.29195068350106,156.59701538085938,33636200,0.0,0.0,GOOGL,2025-04-11 00:00:00-04:00
159.44711904636745,161.16117679260088,157.0155480479404,158.5203399658203,30333000,0.0,0.0,GOOGL,2025-04-14 00:00:00-04:00
158.58014524074957,159.09833747842598,154.6736922783896,155.76988220214844,27551500,0.0,0.0,GOOGL,2025-04-15 00:00:00-04:00
152.57096991980188,155.35132240030543,150.98645259897873,152.8001708984375,28187400,0.0,0.0,GOOGL,2025-04-16 00:00:00-04:00
153.75683862644127,154.14549035907424,147.98685287180376,150.63766479492188,33046600,0.0,0.0,GOOGL,2025-04-17 00:00:00-04:00
148.36555457655837,148.43530478654532,145.59516199807078,147.15972900390625,26049100,0.0,0.0,GOOGL,2025-04-21 00:00:00-04:00
148.37550764431742,151.66410748339032,148.02671099242252,150.94659423828125,26971800,0.0,0.0,GOOGL,2025-04-22 00:00:00-04:00
155.07229801307963,156.98566172409713,153.27851478210604,154.81320190429688,31128800,0.0,0.0,GOOGL,2025-04-23 00:00:00-04:00
155.6104249592094,159.03854063446718,155.2516683139833,158.7296142578125,45894000,0.0,0.0,GOOGL,2025-04-24 00:00:00-04:00
164.49961422965615,165.52605388757996,160.4835257508864,161.40036010742188,56034000,0.0,0.0,GOOGL,2025-04-25 00:00:00-04:00
161.86871096281394,162.58622419769722,158.05195902405725,160.0550079345703,29745800,0.0,0.0,GOOGL,2025-04-28 00:00:00-04:00
159.76603342291708,160.18458031932272,156.97570557414937,159.60658264160156,26809000,0.0,0.0,GOOGL,2025-04-29 00:00:00-04:00
157.43410788690483,158.71965890557001,154.86302105563792,158.25128173828125,34981100,0.0,0.0,GOOGL,2025-04-30 00:00:00-04:00
159.8955611021286,161.39037784388623,158.36088927125815,160.7426300048828,30203200,0.0,0.0,GOOGL,2025-05-01 00:00:00-04:00
162.84534306658284,164.39995007912242,161.3106559960053,163.46319580078125,25715000,0.0,0.0,GOOGL,2025-05-02 00:00:00-04:00
162.436752596043,164.81849332954616,162.15772135408076,163.642578125,21341800,0.0,0.0,GOOGL,2025-05-05 00:00:00-04:00
161.60963501178307,164.23055216038995,160.63302556719455,162.6659698486328,21277200,0.0,0.0,GOOGL,2025-05-06 00:00:00-04:00
163.5130144970414,164.4298335624806,147.32912722252786,150.85690307617188,127490100,0.0,0.0,GOOGL,2025-05-07 00:00:00-04:00
154.464415807346,155.3911950032793,152.37166602688535,153.7469024658203,57498700,0.0,0.0,GOOGL,2025-05-08 00:00:00-04:00
153.63725929306102,154.51422329361623,151.674065468403,152.22216796875,32435300,0.0,0.0,GOOGL,2025-05-09 00:00:00-04:00
156.94579570580373,158.55023292762746,155.7100750758197,157.91244506835938,44138800,0.0,0.0,GOOGL,2025-05-12 00:00:00-04:00
158.24131128306263,160.0151746711756,155.62040930962155,158.978759765625,42382100,0.0,0.0,GOOGL,2025-05-13 00:00:00-04:00
159.4072742222668,166.4229412214118,159.0584775444673,164.79856872558594,48755900,0.0,0.0,GOOGL,2025-05-14 00:00:00-04:00
165.26694125278715,165.6356730691148,161.80893051621783,163.39344787597656,33146700,0.0,0.0,GOOGL,2025-05-15 00:00:00-04:00
167.15039440077075,168.76480673115492,165.04768502743337,165.61572265625,42846900,0.0,0.0,GOOGL,2025-05-16 00:00:00-04:00
163.94152401470697,166.06416858529283,163.65253281131433,165.96450805664062,30426100,0.0,0.0,GOOGL,2025-05-19 00:00:00-04:00
165.8548915457752,167.91774593119885,162.337090725838,163.41336059570312,46607700,0.0,0.0,GOOGL,2025-05-20 00:00:00-04:00
163.12438701474937,172.54173038625467,162.99483135159699,167.97755432128906,73416000,0.0,0.0,GOOGL,2025-05-21 00:00:00-04:00
171.25618084668935,176.15917803179707,170.12012070875053,170.27955627441406,74864400,0.0,0.0,GOOGL,2025-05-22 00:00:00-04:00
168.47582079984258,169.37272002705043,167.30986548992928,167.8878631591797,35211400,0.0,0.0,GOOGL,2025-05-23 00:00:00-04:00
169.5720138436325,172.5716072803838,169.41256307598843,172.3025360107422,37995700,0.0,0.0,GOOGL,2025-05-27 00:00:00-04:00
172.56165823831284,174.66436785084326,171.31597754856884,171.76441955566406,34784000,0.0,0.0,GOOGL,2025-05-28 00:00:00-04:00
173.39874848808273,173.81729536660228,170.04039828273065,171.26614379882812,29317300,0.0,0.0,GOOGL,2025-05-29 00:00:00-04:00
170.75790891590938,171.61493780799663,166.86141620850907,171.1465606689453,52639900,0.0,0.0,GOOGL,2025-05-30 00:00:00-04:00
167.26003241267054,169.28301661805224,166.81159040962694,168.4459228515625,38612300,0.0,0.0,GOOGL,2025-06-02 00:00:00-04:00
166.91124474262,167.89781407143477,164.70887469424017,165.6057586669922,45084900,0.0,0.0,GOOGL,2025-06-03 00:00:00-04:00
166.1638436483944,167.63872532387313,165.78515185366567,167.4693145751953,26900800,0.0,0.0,GOOGL,2025-06-04 00:00:00-04:00
169.75139851627495,170.33935616350743,167.01090094696792,167.62876892089844,36379100,0.0,0.0,GOOGL,2025-06-05 00:00:00-04:00
170.239706414102,173.897023068816,170.239706414102,173.07984924316406,35731800,0.0,0.0,GOOGL,2025-06-06 00:00:00-04:00
174.14743750903665,176.07310468622353,173.97782168090652,175.69395446777344,28935900,0.21,0.0,GOOGL,2025-06-09 00:00:00-04:00
175.80372221831115,180.70268325607967,174.5166301339373,178.19833374023438,61766100,0.0,0.0,GOOGL,2025-06-10 00:00:00-04:00
179.36569688795734,179.96433833777158,176.352484683136,176.95114135742188,31646800,0.0,0.0,GOOGL,2025-06-11 00:00:00-04:00
175.7837409838909,176.32253497944023,174.3569645474145,175.30482482910156,20941900,0.0,0.0,GOOGL,2025-06-12 00:00:00-04:00
172.05218023736916,176.73163473712606,172.00228964381978,174.27716064453125,27663100,0.0,0.0,GOOGL,2025-06-13 00:00:00-04:00
174.33701609632743,176.5420523549515,174.25719419482596,176.3724365234375,27389200,0.0,0.0,GOOGL,2025-06-16 00:00:00-04:00
175.30483777675101,176.96110799729416,174.1873615915514,175.5542755126953,24973000,0.0,0.0,GOOGL,2025-06-17 00:00:00-04:00
175.6141436330853,176.16290971424257,172.81046582918458,172.93020629882812,28707500,0.0,0.0,GOOGL,2025-06-18 00:00:00-04:00
173.55878574385125,173.94790803011588,165.08788938336605,166.26522827148438,75659900,0.0,0.0,GOOGL,2025-06-20 00:00:00-04:00
165.89603893694584,166.96362443515676,161.63563852290417,164.81846618652344,57671000,0.0,0.0,GOOGL,2025-06-23 00:00:00-04:00
166.5445998017471,167.84167918331357,165.75638318822968,166.3949432373047,40524300,0.0,0.0,GOOGL,2025-06-24 00:00:00-04:00
167.25299905707695,171.97235685648238,167.17317715297744,170.29612731933594,35479000,0.0,0.0,GOOGL,2025-06-25 00:00:00-04:00
172.0421997468365,173.29937576602373,169.5578094698184,173.1497039794922,31796700,0.0,0.0,GOOGL,2025-06-26 00:00:00-04:00
173.14969619543672,178.27813555923768,171.3437693802371,178.12847900390625,108140200,0.0,0.0,GOOGL,2025-06-27 00:00:00-04:00
180.37340297441276,180.82238782578247,174.18735055967244,175.83363342285156,63378900,0.0,0.0,GOOGL,2025-06-30 00:00:00-04:00
175.3447530851258,175.6939567742825,173.139716841545,175.44451904296875,35904500,0.0,0.0,GOOGL,2025-07-01 00:00:00-04:00
175.14518633422566,178.4577266308603,174.67625741761273,178.23822021484375,29128900,0.0,0.0,GOOGL,2025-07-02 00:00:00-04:00
178.09853847776557,179.265905222364,176.65180269468908,179.126220703125,21689700,0.0,0.0,GOOGL,2025-07-03 00:00:00-04:00
178.65727862884938,178.89674433224096,175.28487562232132,176.3923797607422,34175600,0.0,0.0,GOOGL,2025-07-07 00:00:00-04:00
177.4500058972594,177.54977185383785,172.42133277200756,173.9678497314453,40442500,0.0,0.0,GOOGL,2025-07-08 00:00:00-04:00
174.85584916951822,179.03642797074187,172.38143114455036,176.22276306152344,43025600,0.0,0.0,GOOGL,2025-07-09 00:00:00-04:00
175.2350053597822,178.02869585837095,173.98781666417247,177.22052001953125,29252400,0.0,0.0,GOOGL,2025-07-10 00:00:00-04:00
176.39239690386106,181.02196104807066,176.08309652221448,179.78475952148438,34282900,0.0,0.0,GOOGL,2025-07-11 00:00:00-04:00
180.60289104600895,183.2569121837853,179.27588047712075,181.1516571044922,32536600,0.0,0.0,GOOGL,2025-07-14 00:00:00-04:00
182.3988435351607,183.80567598843865,181.1915734457722,181.59066772460938,33448300,0.0,0.0,GOOGL,2025-07-15 00:00:00-04:00
182.82789923086935,183.91544417003013,181.62061381873355,182.55850219726562,33104200,0.0,0.0,GOOGL,2025-07-16 00:00:00-04:00
181.73035050857078,183.64603043273615,180.07408034072432,183.1671142578125,31992600,0.0,0.0,GOOGL,2025-07-17 00:00:00-04:00
184.9830305164638,186.00074080595235,183.2968441040249,184.643798828125,34014500,0.0,0.0,GOOGL,2025-07-18 00:00:00-04:00
185.83112267520195,189.86202999312056,185.73134148599024,189.67247009277344,45803100,0.0,0.0,GOOGL,2025-07-21 00:00:00-04:00
191.0693117786785,191.21896833519165,187.03840453704987,190.90966796875,44660200,0.0,0.0,GOOGL,2025-07-22 00:00:00-04:00
191.06931784155387,192.09700016081177,188.75452819755446,189.8021697998047,58681900,0.0,0.0,GOOGL,2025-07-23 00:00:00-04:00
196.5868474168703,197.5047763656739,190.57041105035847,191.73777770996094,74881700,0.0,0.0,GOOGL,2025-07-24 00:00:00-04:00
191.54821586623893,193.8929365997576,190.82983399147875,192.74551391601562,39785900,0.0,0.0,GOOGL,2025-07-25 00:00:00-04:00
193.21445136708732,193.61356085282932,190.41077383680673,192.14686584472656,38139500,0.0,0.0,GOOGL,2025-07-28 00:00:00-04:00
191.99721287217557,195.47936925683575,191.64800916549822,195.30975341796875,41389200,0.0,0.0,GOOGL,2025-07-29 00:00:00-04:00
195.1600963397073,197.155598285003,194.2521393007246,196.08799743652344,32445400,0.0,0.0,GOOGL,2025-07-30 00:00:00-04:00
195.26984291287636,195.54921195775628,190.66022322341527,191.46839904785156,51329200,0.0,0.0,GOOGL,2025-07-31 00:00:00-04:00
188.6048544387261,190.40080913246982,187.39758435603645,188.7046356201172,34832200,0.0,0.0,GOOGL,2025-08-01 00:00:00-04:00
189.86201672672937,194.830827292421,189.69240089649873,194.60133361816406,31547400,0.0,0.0,GOOGL,2025-08-04 00:00:00-04:00
194.27208103659058,197.41499022677854,193.45391800516853,194.23216247558594,31602300,0.0,0.0,GOOGL,2025-08-05 00:00:00-04:00
194.0625664055758,196.18778087351924,193.23443126184418,195.64898681640625,21562900,0.0,0.0,GOOGL,2025-08-06 00:00:00-04:00
196.6167969951023,197.09571318148866,193.8929412029117,196.07801818847656,26321800,0.0,0.0,GOOGL,2025-08-07 00:00:00-04:00
196.7764442791972,202.15432130991044,196.72655368662487,200.9669952392578,39161800,0.0,0.0,GOOGL,2025-08-08 00:00:00-04:00
200.48808049350347,201.02685931355308,198.62229106869012,200.54794311523438,25832400,0.0,0.0,GOOGL,2025-08-11 00:00:00-04:00
200.91710457512625,204.04006993048975,200.1388600495838,202.88267517089844,30397900,0.0,0.0,GOOGL,2025-08-12 00:00:00-04:00
203.6709007567403,204.06999503609887,197.06577929471834,201.5057830810547,28342900,0.0,0.0,GOOGL,2025-08-13 00:00:00-04:00
201.0468177297292,203.98020797768137,200.77742070862897,202.48358154296875,25230400,0.0,0.0,GOOGL,2025-08-14 00:00:00-04:00
203.39153088363753,205.97570210941166,200.82730371462006,203.44140625,34931400,0.0,0.0,GOOGL,2025-08-15 00:00:00-04:00
203.74073522255918,204.80833601681928,202.0345896716843,203.0423126220703,18526600,0.0,0.0,GOOGL,2025-08-18 00:00:00-04:00
202.57337657986534,202.98245812812408,199.51028904350812,201.11666870117188,24240200,0.0,0.0,GOOGL,2025-08-19 00:00:00-04:00
200.27853657760338,200.82730262485018,196.15783565803162,198.87171936035156,28955500,0.0,0.0,GOOGL,2025-08-20 00:00:00-04:00
199.30075073242188,202.02460654215824,198.9814631231269,199.30075073242188,19774600,0.0,0.0,GOOGL,2025-08-21 00:00:00-04:00
202.27405146693474,208.07098221204853,200.8472748764244,205.62649536132812,42827000,0.0,0.0,GOOGL,2025-08-22 00:00:00-04:00
205.96570803332725,210.046520726557,204.8183006045268,208.02108764648438,29928900,0.0,0.0,GOOGL,2025-08-25 00:00:00-04:00
207.04328099820484,207.38252787024734,205.23735432936843,206.6741180419922,28464100,0.0,0.0,GOOGL,2025-08-26 00:00:00-04:00
205.2373711930947,208.4401585010209,205.18748059977113,207.01336669921875,23022900,0.0,0.0,GOOGL,2025-08-27 00:00:00-04:00
206.7838755896793,211.74269881815906,206.43465668224866,211.16400146484375,32339300,0.0,0.0,GOOGL,2025-08-28 00:00:00-04:00
210.0365560843286,214.16724458693432,209.72725571237183,212.43116760253906,39728400,0.0,0.0,GOOGL,2025-08-29 00:00:00-04:00
207.9712205067108,211.20392399730977,205.73625278986853,210.8746795654297,47523000,0.0,0.0,GOOGL,2025-09-02 00:00:00-04:00
225.70126168023373,230.78978267421618,224.28444185471682,230.14125061035156,103336100,0.0,0.0,GOOGL,2025-09-03 00:00:00-04:00
229.13349303754427,231.84737676203946,225.60146147412655,231.7775421142578,51684200,0.0,0.0,GOOGL,2025-09-04 00:00:00-04:00
231.677775522156,235.22976659054154,231.37844718195538,234.4714813232422,46588900,0.0,0.0,GOOGL,2025-09-05 00:00:00-04:00
235.15054099905157,237.8069358559837,233.3529799966882,233.72247314453125,32474700,0.21,0.0,GOOGL,2025-09-08 00:00:00-04:00
233.85230194861487,240.14375784585562,232.91357479962468,239.30490112304688,38061000,0.0,0.0,GOOGL,2025-09-09 00:00:00-04:00
238.5758820575914,241.33214736167037,237.5273187664355,238.84552001953125,35141100,0.0,0.0,GOOGL,2025-09-10 00:00:00-04:00
239.55457404217233,241.9213539288796,235.92949376965038,240.0438995361328,30599300,0.0,0.0,GOOGL,2025-09-11 00:00:00-04:00
240.04388783032,241.75157459718335,237.67710805902945,240.4733123779297,26771600,0.0,0.0,GOOGL,2025-09-12 00:00:00-04:00
244.32807821701437,252.06756394348793,244.32807821701437,251.26864624023438,58383800,0.0,0.0,GOOGL,2025-09-15 00:00:00-04:00
251.73800966841424,252.696698721273,249.13154999644232,250.8192596435547,34109700,0.0,0.0,GOOGL,2025-09-16 00:00:00-04:00
250.87917693990602,251.25866627901078,245.94587648389523,249.19146728515625,34108000,0.0,0.0,GOOGL,2025-09-17 00:00:00-04:00
251.338548569648,253.64542748570952,249.46110945180462,251.68807983398438,31239500,0.0,0.0,GOOGL,2025-09-18 00:00:00-04:00
252.90642848071656,255.65269769422878,251.4683796180924,254.3744354248047,55571400,0.0,0.0,GOOGL,2025-09-19 00:00:00-04:00
254.08482475081846,255.4329993925613,249.96043800377367,252.18740844726562,32290500,0.0,0.0,GOOGL,2025-09-22 00:00:00-04:00
252.69670571321294,254.01492224497756,250.1401811840686,251.31858825683594,26628000,0.0,0.0,GOOGL,2025-09-23 00:00:00-04:00
251.31859024650916,252.00765659919705,246.1056707170572,246.80471801757812,28201000,0.0,0.0,GOOGL,2025-09-24 00:00:00-04:00
244.0684141454478,246.15559020390248,240.41339128252798,245.45652770996094,31020400,0.0,0.0,GOOGL,2025-09-25 00:00:00-04:00
246.73481561544992,249.08161830530747,245.63630185383965,246.2055206298828,18503200,0.0,0.0,GOOGL,2025-09-26 00:00:00-04:00
247.51375020937843,250.80926093832198,242.4406403715287,243.71890258789062,32505800,0.0,0.0,GOOGL,2025-09-29 00:00:00-04:00
242.48058753408858,242.9599320717839,238.92541967317948,242.77020263671875,34724300,0.0,0.0,GOOGL,2025-09-30 00:00:00-04:00
240.42338523813993,245.96585884887978,238.2862890899911,244.5677490234375,31658200,0.0,0.0,GOOGL,2025-10-01 00:00:00-04:00
244.8174135056227,246.4751651396655,241.97128907367482,245.356689453125,25483300,0.0,0.0,GOOGL,2025-10-02 00:00:00-04:00
244.15830178707057,245.96584369150784,241.33213946713911,245.0171356201172,30249600,0.0,0.0,GOOGL,2025-10-03 00:00:00-04:00
244.44791178946252,250.97904766602093,244.24818617214953,250.09024047851562,28894700,0.0,0.0,GOOGL,2025-10-06 00:00:00-04:00
247.93317917084852,250.1002333278666,245.18691006468788,245.42657470703125,23181300,0.0,0.0,GOOGL,2025-10-07 00:00:00-04:00
244.62768203424937,245.67624536262252,243.48922922331397,244.2881317138672,21307100,0.0,0.0,GOOGL,2025-10-08 00:00:00-04:00
244.13833003954065,244.42792989328805,238.82554034163272,241.2023162841797,27892100,0.0,0.0,GOOGL,2025-10-09 00:00:00-04:00
241.10244578834048,243.75884063652228,235.52003337107624,236.24905395507812,33180300,0.0,0.0,GOOGL,2025-10-10 00:00:00-04:00
239.8841293059291,244.16830263513637,239.38480762364867,243.8187713623047,24995000,0.0,0.0,GOOGL,2025-10-13 00:00:00-04:00
240.9027282868883,246.78473694130554,240.18370386409978,245.11700439453125,22111600,0.0,0.0,GOOGL,2025-10-14 00:00:00-04:00
246.91456723829836,251.76797450819856,245.6562821083569,250.68943786621094,27007700,0.0,0.0,GOOGL,2025-10-15 00:00:00-04:00
251.42842769264908,256.6113736152233,249.76069521164578,251.1188507080078,27997200,0.0,0.0,GOOGL,2025-10-16 00:00:00-04:00
250.41979725844868,253.87510990312921,247.4738024671156,252.95635986328125,29671600,0.0,0.0,GOOGL,2025-10-17 00:00:00-04:00
254.3444728441902,256.98087539491434,253.88509020638818,256.2019348144531,22350200,0.0,0.0,GOOGL,2025-10-20 00:00:00-04:00
254.39440086428343,254.53421031738455,243.81875668908756,250.12020874023438,47312100,0.0,0.0,GOOGL,2025-10-21 00:00:00-04:00
254.02489806023604,256.01218852739623,248.95178813355238,251.34854125976562,35029400,0.0,0.0,GOOGL,2025-10-22 00:00:00-04:00
252.6367781341903,254.69398089708358,251.50832156545113,252.7366485595703,19901400,0.0,0.0,GOOGL,2025-10-23 00:00:00-04:00
256.23191746004557,261.32500504033385,254.97364746401067,259.5674133300781,28655100,0.0,0.0,GOOGL,2025-10-24 00:00:00-04:00
264.4607188078389,269.7735083332291,263.92144290721717,268.9046630859375,35235200,0.0,0.0,GOOGL,2025-10-27 00:00:00-04:00
269.3241367489819,270.3627344019799,266.1384619149823,267.1071472167969,29738600,0.0,0.0,GOOGL,2025-10-28 00:00:00-04:00
267.38675485794886,274.96645416764926,267.3068768000952,274.197509765625,43580300,0.0,0.0,GOOGL,2025-10-29 00:00:00-04:00
291.1944142933695,291.1944142933695,279.6800575475708,281.09814453125,74876000,0.0,0.0,GOOGL,2025-10-30 00:00:00-04:00
282.8257813584811,285.6120049046921,276.6541726227251,280.80853271484375,39267900,0.0,0.0,GOOGL,2025-10-31 00:00:00-04:00
281.797163766903,285.14262497278366,279.42038779718166,283.3350830078125,29786000,0.0,0.0,GOOGL,2025-11-03 00:00:00-05:00
276.3745458896769,280.88840284028174,275.88522040271835,277.1634826660156,30078400,0.0,0.0,GOOGL,2025-11-04 00:00:00-05:00
278.4916636746374,286.03143918614273,276.96374058170124,283.9242858886719,31010300,0.0,0.0,GOOGL,2025-11-05 00:00:00-05:00
284.9429082592804,287.9588308357049,280.7586204462715,284.36370849609375,37173600,0.0,0.0,GOOGL,2025-11-06 00:00:00-05:00
282.82575309004056,283.39498707048995,274.816645004158,278.4516906738281,34479600,0.0,0.0,GOOGL,2025-11-07 00:00:00-05:00
284.03413439651047,290.40545290698407,282.47622284552773,289.7064208984375,29557300,0.0,0.0,GOOGL,2025-11-10 00:00:00-05:00
287.3595968518003,291.5239526379353,286.9301875660949,290.9147644042969,19842100,0.0,0.0,GOOGL,2025-11-11 00:00:00-05:00
291.2842728658537,291.613842224268,283.30512258449664,286.3210144042969,24829900,0.0,0.0,GOOGL,2025-11-12 00:00:00-05:00
281.9569519907634,282.45627365196606,276.8638649512614,278.19207763671875,29494000,0.0,0.0,GOOGL,2025-11-13 00:00:00-05:00
271.04178706348836,278.1820807042813,270.3327588398133,276.0350036621094,31647200,0.0,0.0,GOOGL,2025-11-14 00:00:00-05:00
285.392279437324,293.55120856159544,283.1852862901624,284.63330078125,52670200,0.0,0.0,GOOGL,2025-11-17 00:00:00-05:00
287.52939388700526,288.4081743957296,277.8225797399186,283.8943176269531,49158700,0.0,0.0,GOOGL,2025-11-18 00:00:00-05:00
286.77042153983126,303.39782684502376,286.2411417953812,292.4127502441406,68198900,0.0,0.0,GOOGL,2025-11-19 00:00:00-05:00
304.1268355762142,306.0042898345543,288.2783714658303,289.05731201171875,62025200,0.0,0.0,GOOGL,2025-11-20 00:00:00-05:00
296.0178540164301,303.50767860502685,293.4513334764558,299.2534484863281,74137700,0.0,0.0,GOOGL,2025-11-21 00:00:00-05:00
310.70789188393536,319.0465694557707,309.17996886834777,318.14776611328125,85165100,0.0,0.0,GOOGL,2025-11-24 00:00:00-05:00
325.767421144808,328.3838617048627,317.2190369667809,323.0011901855469,88632100,0.0,0.0,GOOGL,2025-11-25 00:00:00-05:00
320.2449508538883,324.0597758686898,316.36024396458464,319.5159606933594,51373400,0.0,0.0,GOOGL,2025-11-26 00:00:00-05:00
322.9312800436979,326.40656970987055,316.3602205188893,319.74560546875,26018600,0.0,0.0,GOOGL,2025-11-28 00:00:00-05:00
317.26898426885936,319.41606123931075,313.46415578589995,314.4627990722656,41183000,0.0,0.0,GOOGL,2025-12-01 00:00:00-05:00
316.3102616947243,317.948051296999,313.4841146313127,315.38153076171875,35854700,0.0,0.0,GOOGL,2025-12-02 00:00:00-05:00
315.4614642178001,321.14371687287894,313.67388407801036,319.1963806152344,41838300,0.0,0.0,GOOGL,2025-12-03 00:00:00-05:00
321.7928484740126,321.92264650582644,314.27306548179905,317.1890869140625,31240900,0.0,0.0,GOOGL,2025-12-04 00:00:00-05:00
319.05652267664885,322.72155681925386,318.73697999805336,320.8341064453125,28851700,0.0,0.0,GOOGL,2025-12-05 00:00:00-05:00
319.82486263347363,320.21460294317257,311.0010871288888,313.49932861328125,33909400,0.21,0.0,GOOGL,2025-12-08 00:00:00-05:00
312.15025542764414,317.7662971049956,311.6805848338384,316.85693359375,30194000,0.0,0.0,GOOGL,2025-12-09 00:00:00-05:00
315.6078174223929,321.0839735202244,314.45863248382005,319.9847412109375,33428900,0.0,0.0,GOOGL,2025-12-10 00:00:00-05:00
319.85481737290655,320.8940942947929,308.3829128168011,312.210205078125,42353700,0.0,0.0,GOOGL,2025-12-11 00:00:00-05:00
313.47935032153816,314.6485102459599,305.34506149685063,309.07244873046875,35940200,0.0,0.0,GOOGL,2025-12-12 00:00:00-05:00
311.1009991314403,311.2009348824072,304.66552711937686,308.003173828125,29151900,0.0,0.0,GOOGL,2025-12-15 00:00:00-05:00
304.7354841263937,310.5513666605185,302.37712849550337,306.3543395996094,30585000,0.0,0.0,GOOGL,2025-12-16 00:00:00-05:00
307.7933270972379,307.87325739956634,295.9116769824828,296.5112609863281,43930400,0.0,0.0,GOOGL,2025-12-17 00:00:00-05:00
301.50775321966603,303.7461677101471,299.0195145942255,302.2472229003906,33518000,0.0,0.0,GOOGL,2025-12-18 00:00:00-05:00
301.5177661333593,307.03387224107576,300.7582909786616,306.9439392089844,59943200,0.0,0.0,GOOGL,2025-12-19 00:00:00-05:00
309.66200850448513,309.9118326328777,305.0852133945127,309.56207275390625,26429900,0.0,0.0,GOOGL,2025-12-22 00:00:00-05:00
309.41219480947996,314.7184570357758,309.1024153195162,314.1288757324219,25478700,0.0,0.0,GOOGL,2025-12-23 00:00:00-05:00
314.5485634057752,314.8583428959372,311.70059264113144,313.8690490722656,10097400,0.0,0.0,GOOGL,2025-12-24 00:00:00-05:00
314.25877806497726,314.86833429915043,312.0603135401851,313.2894592285156,10899000,0.0,0.0,GOOGL,2025-12-26 00:00:00-05:00
311.15095467052413,313.79908436732376,310.4014822754237,313.33941650390625,19621800,0.0,0.0,GOOGL,2025-12-29 00:00:00-05:00
312.28018544302313,316.72706748217655,312.24020504037514,313.6292419433594,17380900,0.0,0.0,GOOGL,2025-12-30 00:00:00-05:00
312.62992729269524,314.3586907819443,311.22091551782626,312.7798156738281,16377700,0.0,0.0,GOOGL,2025-12-31 00:00:00-05:00
316.67708324131615,322.2731502440002,310.11169732658084,314.9283142089844,32009400,0.0,0.0,GOOGL,2026-01-02 00:00:00-05:00
317.4365596004392,318.79558832967825,314.4086921415047,316.3173522949219,30195600,0.0,0.0,GOOGL,2026-01-05 00:00:00-05:00
316.17741436833177,320.71422913013345,311.5606693028291,314.1188659667969,31212100,0.0,0.0,GOOGL,2026-01-06 00:00:00-05:00
314.13884430323384,325.9205589972494,313.96898096999803,321.7535095214844,35104400,0.0,0.0,GOOGL,2026-01-07 00:00:00-05:00
328.7385750407063,330.0876314322289,321.2738288701313,325.2110595703125,31896100,0.0,0.0,GOOGL,2026-01-08 00:00:00-05:00
326.8598973489763,330.5972566011106,325.5707962902668,328.3388671875,26214200,0.0,0.0,GOOGL,2026-01-09 00:00:00-05:00
325.57079145505844,333.80501545240315,324.77136644379436,331.62652587890625,33923900,0.0,0.0,GOOGL,2026-01-12 00:00:00-05:00
334.7144015630273,340.25048265726696,333.38532003422745,335.7336730957031,33517600,0.0,0.0,GOOGL,2026-01-13 00:00:00-05:00
334.8243096530742,336.2832741209541,330.2475447349911,335.603759765625,28525600,0.0,0.0,GOOGL,2026-01-14 00:00:00-05:00
337.4124676651339,337.4524480652932,330.507324974913,332.5458984375,28442400,0.0,0.0,GOOGL,2026-01-15 00:00:00-05:00
334.1747541117482,334.4145755186536,327.46948297740045,329.7678527832031,40341600,0.0,0.0,GOOGL,2026-01-16 00:00:00-05:00
320.6442885211675,327.49947891315526,320.20459558658575,321.77349853515625,35361000,0.0,0.0,GOOGL,2026-01-20 00:00:00-05:00
320.6942733516965,332.24613943011235,319.12537039479025,328.1490173339844,35386600,0.0,0.0,GOOGL,2026-01-21 00:00:00-05:00
334.2147483456718,334.9142376434696,328.5187457270175,330.3074951171875,26253600,0.0,0.0,GOOGL,2026-01-22 00:00:00-05:00
332.25610013077164,333.45526818914374,327.21966747627397,327.6993103027344,27280000,0.0,0.0,GOOGL,2026-01-23 00:00:00-05:00
327.5793954045391,335.60374537803585,326.7699676491338,333.02557373046875,26042100,0.0,0.0,GOOGL,2026-01-26 00:00:00-05:00
335.1340666902067,337.6722883721735,333.2454121385867,334.31463623046875,21636200,0.0,0.0,GOOGL,2026-01-27 00:00:00-05:00
335.82360375323316,337.30257365930305,331.7065067534381,335.7736511230469,27434400,0.0,0.0,GOOGL,2026-01-28 00:00:00-05:00
340.06060015063264,342.0492210013424,326.3103005061971,338.0120544433594,39785600,0.0,0.0,GOOGL,2026-01-29 00:00:00-05:00
339.76083067041884,339.76083067041884,332.0562627255977,337.7622375488281,31024000,0.0,0.0,GOOGL,2026-01-30 00:00:00-05:00
335.983495554882,344.5874244246442,335.3939142353609,343.4482421875,32006100,0.0,0.0,GOOGL,2026-02-02 00:00:00-05:00
347.09564553860224,348.7544814019383,337.2325938809106,339.47100830078125,36506700,0.0,0.0,GOOGL,2026-02-03 00:00:00-05:00
342.7187296036167,343.0684894885568,328.2888852617291,332.80572509765625,70618400,0.0,0.0,GOOGL,2026-02-04 00:00:00-05:00
312.0003564748562,332.45595718246585,306.24439883874277,331.0169677734375,88205800,0.0,0.0,GOOGL,2026-02-05 00:00:00-05:00
326.94984200428365,330.147603202773,319.694969697787,322.63287353515625,56380500,0.0,0.0,GOOGL,2026-02-06 00:00:00-05:00
320.70422803551696,327.4694850607409,317.03682684844796,324.09185791015625,39640100,0.0,0.0,GOOGL,2026-02-09 00:00:00-05:00
320.7441987510988,321.4437184993816,314.38865715458337,318.3558654785156,39170000,0.0,0.0,GOOGL,2026-02-10 00:00:00-05:00
318.7456164455411,320.8341425405983,309.44216816023624,310.7412414550781,45406400,0.0,0.0,GOOGL,2026-02-11 00:00:00-05:00
311.87044586439265,316.0175203045161,306.9839017615506,308.7826232910156,47761300,0.0,0.0,GOOGL,2026-02-12 00:00:00-05:00
307.5135396808651,308.41290048065196,303.4963480144474,305.50494384765625,38499700,0.0,0.0,GOOGL,2026-02-13 00:00:00-05:00
299.82893803190484,304.22583664461854,296.04159566157676,301.8075256347656,39247600,0.0,0.0,GOOGL,2026-02-17 00:00:00-05:00
301.87748970860525,305.1651838815364,301.0380842700908,303.1166076660156,28482100,0.0,0.0,GOOGL,2026-02-18 00:00:00-05:00
301.6076886754516,305.25511494304027,299.828942056139,302.636962890625,25834400,0.0,0.0,GOOGL,2026-02-19 00:00:00-05:00
304.1059184917761,316.2773425544253,303.68620054308417,314.7584228515625,53210800,0.0,0.0,GOOGL,2026-02-20 00:00:00-05:00
318.82555353627805,319.29522413676915,309.65201848441603,311.2708740234375,31423000,0.0,0.0,GOOGL,2026-02-23 00:00:00-05:00
310.3015673465962,312.05033638585,305.71479964031533,310.6813049316406,25615600,0.0,0.0,GOOGL,2026-02-24 00:00:00-05:00
311.84046520002283,313.4193707572093,309.22231323387047,312.67987060546875,29963600,0.0,0.0,GOOGL,2026-02-25 00:00:00-05:00
312.42009761480955,312.9197459051382,302.1373272609355,307.1637878417969,36431200,0.0,0.0,GOOGL,2026-02-26 00:00:00-05:00
303.92607541564644,312.1502667227519,303.5862877430576,311.54071044921875,44640600,0.0,0.0,GOOGL,2026-02-27 00:00:00-05:00
303.0166882830762,308.27296712894787,301.088022863519,306.3043518066406,34790200,0.0,0.0,GOOGL,2026-03-02 00:00:00-05:00
298.37994467731505,303.72618716624237,296.5012623376298,303.3664245605469,35497000,0.0,0.0,GOOGL,2026-03-03 00:00:00-05:00
302.6769571429086,305.2551289128473,300.5384478137644,302.9167785644531,29536200,0.0,0.0,GOOGL,2026-03-04 00:00:00-05:00
302.82681905445145,303.08661540637286,297.78035344585857,300.6683349609375,35752300,0.0,0.0,GOOGL,2026-03-05 00:00:00-05:00
295.88171424137005,300.31859339921897,294.97235071392555,298.30999755859375,25576900,0.0,0.0,GOOGL,2026-03-06 00:00:00-05:00
294.3599853515625,306.79998779296875,294.0799865722656,306.3599853515625,29312100,0.21,0.0,GOOGL,2026-03-09 00:00:00-04:00
306.1700134277344,309.510009765625,305.57000732421875,307.0400085449219,23239700,0.0,0.0,GOOGL,2026-03-10 00:00:00-04:00
306.75,311.4200134277344,305.9200134277344,308.70001220703125,24125700,0.0,0.0,GOOGL,2026-03-11 00:00:00-04:00
306.82000732421875,308.94000244140625,301.0299987792969,303.54998779296875,24928300,0.0,0.0,GOOGL,2026-03-12 00:00:00-04:00
307.010009765625,307.69000244140625,300.44000244140625,302.2799987792969,23693100,0.0,0.0,GOOGL,2026-03-13 00:00:00-04:00
304.3500061035156,306.489990234375,303.0199890136719,305.55999755859375,23519700,0.0,0.0,GOOGL,2026-03-16 00:00:00-04:00
305.8599853515625,311.4200134277344,305.5,310.9200134277344,21955200,0.0,0.0,GOOGL,2026-03-17 00:00:00-04:00
309.2699890136719,312.4700012207031,306.92999267578125,307.69000244140625,20009800,0.0,0.0,GOOGL,2026-03-18 00:00:00-04:00
304.010009765625,308.05999755859375,302.3500061035156,307.1300048828125,25075800,0.0,0.0,GOOGL,2026-03-19 00:00:00-04:00
305.4599914550781,306.0,298.2699890136719,301.0,44364100,0.0,0.0,GOOGL,2026-03-20 00:00:00-04:00
302.1099853515625,305.9700012207031,300.92999267578125,302.05999755859375,27375734,0.0,0.0,GOOGL,2026-03-23 00:00:00-04:00
258.0799865722656,278.6400146484375,256.3299865722656,278.3900146484375,169079900,0.0,0.0,TSLA,2025-03-24 00:00:00-04:00
283.6000061035156,288.20001220703125,271.2799987792969,288.1400146484375,150361500,0.0,0.0,TSLA,2025-03-25 00:00:00-04:00
282.6600036621094,284.8999938964844,266.510009765625,272.05999755859375,153629800,0.0,0.0,TSLA,2025-03-26 00:00:00-04:00
272.4800109863281,291.8500061035156,271.82000732421875,273.1300048828125,162572100,0.0,0.0,TSLA,2025-03-27 00:00:00-04:00
275.5799865722656,276.1000061035156,260.57000732421875,263.54998779296875,123809400,0.0,0.0,TSLA,2025-03-28 00:00:00-04:00
249.30999755859375,260.55999755859375,243.36000061035156,259.1600036621094,134008900,0.0,0.0,TSLA,2025-03-31 00:00:00-04:00
263.79998779296875,277.45001220703125,259.25,268.4599914550781,146486900,0.0,0.0,TSLA,2025-04-01 00:00:00-04:00
254.60000610351562,284.989990234375,251.27000427246094,282.760009765625,212787800,0.0,0.0,TSLA,2025-04-02 00:00:00-04:00
265.2900085449219,276.29998779296875,261.510009765625,267.2799987792969,136174300,0.0,0.0,TSLA,2025-04-03 00:00:00-04:00
255.3800048828125,261.0,236.0,239.42999267578125,181229400,0.0,0.0,TSLA,2025-04-04 00:00:00-04:00
223.77999877929688,252.0,214.25,233.2899932861328,183453800,0.0,0.0,TSLA,2025-04-07 00:00:00-04:00
245.0,250.44000244140625,217.8000030517578,221.86000061035156,171603500,0.0,0.0,TSLA,2025-04-08 00:00:00-04:00
224.69000244140625,274.69000244140625,223.8800048828125,272.20001220703125,219433400,0.0,0.0,TSLA,2025-04-09 00:00:00-04:00
260.0,262.489990234375,239.3300018310547,252.39999389648438,181722600,0.0,0.0,TSLA,2025-04-10 00:00:00-04:00
251.83999633789062,257.739990234375,241.36000061035156,252.30999755859375,128948100,0.0,0.0,TSLA,2025-04-11 00:00:00-04:00
258.3599853515625,261.79998779296875,245.92999267578125,252.35000610351562,100135200,0.0,0.0,TSLA,2025-04-14 00:00:00-04:00
249.91000366210938,258.75,247.5399932861328,254.11000061035156,79594300,0.0,0.0,TSLA,2025-04-15 00:00:00-04:00
247.61000061035156,251.97000122070312,233.88999938964844,241.5500030517578,112378700,0.0,0.0,TSLA,2025-04-16 00:00:00-04:00
243.47000122070312,244.33999633789062,237.67999267578125,241.3699951171875,83404800,0.0,0.0,TSLA,2025-04-17 00:00:00-04:00
230.25999450683594,232.2100067138672,222.7899932861328,227.5,97768000,0.0,0.0,TSLA,2025-04-21 00:00:00-04:00
230.9600067138672,242.7899932861328,229.85000610351562,237.97000122070312,120858500,0.0,0.0,TSLA,2025-04-22 00:00:00-04:00
254.86000061035156,259.45001220703125,244.42999267578125,250.74000549316406,150381900,0.0,0.0,TSLA,2025-04-23 00:00:00-04:00
250.5,259.5400085449219,249.1999969482422,259.510009765625,94464200,0.0,0.0,TSLA,2025-04-24 00:00:00-04:00
261.69000244140625,286.8500061035156,259.6300048828125,284.95001220703125,167560700,0.0,0.0,TSLA,2025-04-25 00:00:00-04:00
288.9800109863281,294.8599853515625,272.4200134277344,285.8800048828125,151731800,0.0,0.0,TSLA,2025-04-28 00:00:00-04:00
285.5,293.32000732421875,279.4700012207031,292.0299987792969,108906600,0.0,0.0,TSLA,2025-04-29 00:00:00-04:00
279.8999938964844,284.45001220703125,270.7799987792969,282.1600036621094,128961100,0.0,0.0,TSLA,2025-04-30 00:00:00-04:00
280.010009765625,290.8699951171875,279.80999755859375,280.5199890136719,99659000,0.0,0.0,TSLA,2025-05-01 00:00:00-04:00
284.8999938964844,294.7799987792969,279.80999755859375,287.2099914550781,114454700,0.0,0.0,TSLA,2025-05-02 00:00:00-04:00
284.57000732421875,284.8500061035156,274.3999938964844,280.260009765625,94618900,0.0,0.0,TSLA,2025-05-05 00:00:00-04:00
273.1099853515625,277.7300109863281,271.3500061035156,275.3500061035156,76715800,0.0,0.0,TSLA,2025-05-06 00:00:00-04:00
276.8800048828125,277.9200134277344,271.0,276.2200012207031,71592600,0.0,0.0,TSLA,2025-05-07 00:00:00-04:00
279.6300048828125,289.79998779296875,279.4100036621094,284.82000732421875,97539400,0.0,0.0,TSLA,2025-05-08 00:00:00-04:00
290.2099914550781,307.0400085449219,290.0,298.260009765625,132387800,0.0,0.0,TSLA,2025-05-09 00:00:00-04:00
321.989990234375,322.2099914550781,311.5,318.3800048828125,112826700,0.0,0.0,TSLA,2025-05-12 00:00:00-04:00
320.0,337.5899963378906,316.79998779296875,334.07000732421875,136992600,0.0,0.0,TSLA,2025-05-13 00:00:00-04:00
342.5,350.0,337.0,347.67999267578125,136997300,0.0,0.0,TSLA,2025-05-14 00:00:00-04:00
340.3399963378906,346.1400146484375,334.7200012207031,342.82000732421875,97882600,0.0,0.0,TSLA,2025-05-15 00:00:00-04:00
346.239990234375,351.6199951171875,342.3299865722656,349.9800109863281,95895700,0.0,0.0,TSLA,2025-05-16 00:00:00-04:00
336.29998779296875,343.0,333.3699951171875,342.0899963378906,88869900,0.0,0.0,TSLA,2025-05-19 00:00:00-04:00
347.8699951171875,354.989990234375,341.6300048828125,343.82000732421875,131715500,0.0,0.0,TSLA,2025-05-20 00:00:00-04:00
344.42999267578125,347.3500061035156,332.20001220703125,334.6199951171875,102354800,0.0,0.0,TSLA,2025-05-21 00:00:00-04:00
331.8999938964844,347.2699890136719,331.3900146484375,341.0400085449219,97113400,0.0,0.0,TSLA,2025-05-22 00:00:00-04:00
337.9200134277344,343.17999267578125,333.2099914550781,339.3399963378906,84654800,0.0,0.0,TSLA,2025-05-23 00:00:00-04:00
347.3500061035156,363.7900085449219,347.32000732421875,362.8900146484375,120146400,0.0,0.0,TSLA,2025-05-27 00:00:00-04:00
364.8399963378906,365.0,355.9100036621094,356.8999938964844,91404300,0.0,0.0,TSLA,2025-05-28 00:00:00-04:00
365.2900085449219,367.7099914550781,356.0,358.42999267578125,88087800,0.0,0.0,TSLA,2025-05-29 00:00:00-04:00
355.5199890136719,363.67999267578125,345.2900085449219,346.4599914550781,123474900,0.0,0.0,TSLA,2025-05-30 00:00:00-04:00
343.5,348.0199890136719,333.3299865722656,342.69000244140625,81873800,0.0,0.0,TSLA,2025-06-02 00:00:00-04:00
346.6000061035156,355.3999938964844,343.0400085449219,344.2699890136719,99324500,0.0,0.0,TSLA,2025-06-03 00:00:00-04:00
345.1000061035156,345.6000061035156,327.3299865722656,332.04998779296875,98912100,0.0,0.0,TSLA,2025-06-04 00:00:00-04:00
322.489990234375,324.54998779296875,273.2099914550781,284.70001220703125,287499800,0.0,0.0,TSLA,2025-06-05 00:00:00-04:00
298.8299865722656,305.5,291.1400146484375,295.1400146484375,164747700,0.0,0.0,TSLA,2025-06-06 00:00:00-04:00
285.9599914550781,309.8299865722656,281.8500061035156,308.5799865722656,140908900,0.0,0.0,TSLA,2025-06-09 00:00:00-04:00
314.94000244140625,327.8299865722656,310.6700134277344,326.0899963378906,151256500,0.0,0.0,TSLA,2025-06-10 00:00:00-04:00
334.3999938964844,335.5,322.5,326.42999267578125,122611400,0.0,0.0,TSLA,2025-06-11 00:00:00-04:00
323.0799865722656,332.55999755859375,316.8599853515625,319.1099853515625,105127500,0.0,0.0,TSLA,2025-06-12 00:00:00-04:00
313.9700012207031,332.989990234375,313.29998779296875,325.30999755859375,128964300,0.0,0.0,TSLA,2025-06-13 00:00:00-04:00
331.2900085449219,332.04998779296875,326.4100036621094,329.1300048828125,83925900,0.0,0.0,TSLA,2025-06-16 00:00:00-04:00
326.0899963378906,327.260009765625,314.739990234375,316.3500061035156,88282700,0.0,0.0,TSLA,2025-06-17 00:00:00-04:00
317.30999755859375,329.32000732421875,315.45001220703125,322.04998779296875,95137700,0.0,0.0,TSLA,2025-06-18 00:00:00-04:00
327.95001220703125,332.3599853515625,317.7799987792969,322.1600036621094,108688000,0.0,0.0,TSLA,2025-06-20 00:00:00-04:00
327.5400085449219,357.5400085449219,327.4800109863281,348.67999267578125,190716800,0.0,0.0,TSLA,2025-06-23 00:00:00-04:00
356.1700134277344,356.260009765625,340.44000244140625,340.4700012207031,114736200,0.0,0.0,TSLA,2025-06-24 00:00:00-04:00
342.70001220703125,343.0,320.3999938964844,327.54998779296875,119845100,0.0,0.0,TSLA,2025-06-25 00:00:00-04:00
324.6099853515625,331.04998779296875,323.6099853515625,325.7799987792969,80440900,0.0,0.0,TSLA,2025-06-26 00:00:00-04:00
324.510009765625,329.3399963378906,317.5,323.6300048828125,89067000,0.0,0.0,TSLA,2025-06-27 00:00:00-04:00
319.8999938964844,325.5799865722656,316.6000061035156,317.6600036621094,76695100,0.0,0.0,TSLA,2025-06-30 00:00:00-04:00
298.4599914550781,305.8900146484375,293.2099914550781,300.7099914550781,145085700,0.0,0.0,TSLA,2025-07-01 00:00:00-04:00
312.6300048828125,316.8299865722656,303.82000732421875,315.6499938964844,119483700,0.0,0.0,TSLA,2025-07-02 00:00:00-04:00
317.989990234375,318.45001220703125,312.760009765625,315.3500061035156,58042300,0.0,0.0,TSLA,2025-07-03 00:00:00-04:00
291.3699951171875,296.1499938964844,288.7699890136719,293.94000244140625,131177900,0.0,0.0,TSLA,2025-07-07 00:00:00-04:00
297.0,304.04998779296875,294.3500061035156,297.80999755859375,103246700,0.0,0.0,TSLA,2025-07-08 00:00:00-04:00
297.54998779296875,300.1499938964844,293.54998779296875,295.8800048828125,75586800,0.0,0.0,TSLA,2025-07-09 00:00:00-04:00
300.04998779296875,310.4800109863281,300.0,309.8699951171875,104365300,0.0,0.0,TSLA,2025-07-10 00:00:00-04:00
307.8900146484375,314.0899963378906,305.6499938964844,313.510009765625,79236400,0.0,0.0,TSLA,2025-07-11 00:00:00-04:00
317.7300109863281,322.6000061035156,312.6700134277344,316.8999938964844,78043400,0.0,0.0,TSLA,2025-07-14 00:00:00-04:00
319.67999267578125,321.20001220703125,310.5,310.7799987792969,77556300,0.0,0.0,TSLA,2025-07-15 00:00:00-04:00
312.79998779296875,323.5,312.6199951171875,321.6700134277344,97284800,0.0,0.0,TSLA,2025-07-16 00:00:00-04:00
323.1499938964844,324.3399963378906,317.05999755859375,319.4100036621094,73922900,0.0,0.0,TSLA,2025-07-17 00:00:00-04:00
321.6600036621094,330.8999938964844,321.4200134277344,329.6499938964844,94255000,0.0,0.0,TSLA,2025-07-18 00:00:00-04:00
334.3999938964844,338.0,326.8800048828125,328.489990234375,75768800,0.0,0.0,TSLA,2025-07-21 00:00:00-04:00
329.739990234375,335.4100036621094,321.54998779296875,332.1099853515625,77370400,0.0,0.0,TSLA,2025-07-22 00:00:00-04:00
330.8999938964844,336.20001220703125,328.6700134277344,332.55999755859375,92553800,0.0,0.0,TSLA,2025-07-23 00:00:00-04:00
310.0,310.1499938964844,300.4100036621094,305.29998779296875,156966000,0.0,0.0,TSLA,2025-07-24 00:00:00-04:00
308.739990234375,323.6300048828125,308.010009765625,316.05999755859375,148227000,0.0,0.0,TSLA,2025-07-25 00:00:00-04:00
318.45001220703125,330.489990234375,315.69000244140625,325.5899963378906,112673800,0.0,0.0,TSLA,2025-07-28 00:00:00-04:00
325.54998779296875,326.25,318.25,321.20001220703125,87358900,0.0,0.0,TSLA,2025-07-29 00:00:00-04:00
322.17999267578125,324.45001220703125,311.6199951171875,319.0400085449219,83931900,0.0,0.0,TSLA,2025-07-30 00:00:00-04:00
319.6099853515625,321.3699951171875,306.1000061035156,308.2699890136719,85270900,0.0,0.0,TSLA,2025-07-31 00:00:00-04:00
306.2099914550781,309.30999755859375,297.82000732421875,302.6300048828125,89121400,0.0,0.0,TSLA,2025-08-01 00:00:00-04:00
309.0799865722656,312.1199951171875,303.0,309.260009765625,78683900,0.0,0.0,TSLA,2025-08-04 00:00:00-04:00
308.95001220703125,312.45001220703125,305.5,308.7200012207031,57961300,0.0,0.0,TSLA,2025-08-05 00:00:00-04:00
307.8900146484375,320.4700012207031,306.92999267578125,319.9100036621094,78523600,0.0,0.0,TSLA,2025-08-06 00:00:00-04:00
319.7900085449219,322.3999938964844,316.1600036621094,322.2699890136719,66658700,0.0,0.0,TSLA,2025-08-07 00:00:00-04:00
321.42999267578125,335.1499938964844,320.9800109863281,329.6499938964844,91200300,0.0,0.0,TSLA,2025-08-08 00:00:00-04:00
335.0,346.6400146484375,334.1499938964844,339.0299987792969,105320200,0.0,0.0,TSLA,2025-08-11 00:00:00-04:00
345.0,345.260009765625,332.94000244140625,340.8399963378906,80522100,0.0,0.0,TSLA,2025-08-12 00:00:00-04:00
341.5,348.9800109863281,338.20001220703125,339.3800048828125,67838900,0.0,0.0,TSLA,2025-08-13 00:00:00-04:00
335.760009765625,340.4700012207031,330.3999938964844,335.5799865722656,75000700,0.0,0.0,TSLA,2025-08-14 00:00:00-04:00
337.6600036621094,339.29998779296875,327.0199890136719,330.55999755859375,74319800,0.0,0.0,TSLA,2025-08-15 00:00:00-04:00
329.6199951171875,336.2699890136719,329.5899963378906,335.1600036621094,56956600,0.0,0.0,TSLA,2025-08-18 00:00:00-04:00
335.7900085449219,340.54998779296875,327.8500061035156,329.30999755859375,75956000,0.0,0.0,TSLA,2025-08-19 00:00:00-04:00
329.2200012207031,331.3699951171875,314.6000061035156,323.8999938964844,77481800,0.0,0.0,TSLA,2025-08-20 00:00:00-04:00
322.0799865722656,324.8999938964844,318.67999267578125,320.1099853515625,55744400,0.0,0.0,TSLA,2025-08-21 00:00:00-04:00
321.6600036621094,340.25,319.69000244140625,340.010009765625,94016300,0.0,0.0,TSLA,2025-08-22 00:00:00-04:00
338.8999938964844,349.5299987792969,335.0299987792969,346.6000061035156,86670000,0.0,0.0,TSLA,2025-08-25 00:00:00-04:00
344.92999267578125,351.8999938964844,343.7200012207031,351.6700134277344,76651600,0.0,0.0,TSLA,2025-08-26 00:00:00-04:00
351.94000244140625,355.3900146484375,349.1600036621094,349.6000061035156,65519000,0.0,0.0,TSLA,2025-08-27 00:00:00-04:00
350.9100036621094,353.54998779296875,340.260009765625,345.9800109863281,67903200,0.0,0.0,TSLA,2025-08-28 00:00:00-04:00
347.2300109863281,348.75,331.70001220703125,333.8699951171875,81145700,0.0,0.0,TSLA,2025-08-29 00:00:00-04:00
328.2300109863281,333.3299865722656,325.6000061035156,329.3599853515625,58392000,0.0,0.0,TSLA,2025-09-02 00:00:00-04:00
335.20001220703125,343.3299865722656,328.510009765625,334.0899963378906,88733300,0.0,0.0,TSLA,2025-09-03 00:00:00-04:00
336.1499938964844,338.8900146484375,331.4800109863281,338.5299987792969,60711000,0.0,0.0,TSLA,2025-09-04 00:00:00-04:00
348.0,355.8699951171875,344.67999267578125,350.8399963378906,108989800,0.0,0.0,TSLA,2025-09-05 00:00:00-04:00
354.6400146484375,358.44000244140625,344.8399963378906,346.3999938964844,75208300,0.0,0.0,TSLA,2025-09-08 00:00:00-04:00
348.44000244140625,350.7699890136719,343.82000732421875,346.9700012207031,53816000,0.0,0.0,TSLA,2025-09-09 00:00:00-04:00
350.54998779296875,356.3299865722656,346.07000732421875,347.7900085449219,72121700,0.0,0.0,TSLA,2025-09-10 00:00:00-04:00
350.1700134277344,368.989990234375,347.6000061035156,368.80999755859375,103756000,0.0,0.0,TSLA,2025-09-11 00:00:00-04:00
370.94000244140625,396.69000244140625,370.239990234375,395.94000244140625,168156400,0.0,0.0,TSLA,2025-09-12 00:00:00-04:00
423.1300048828125,425.70001220703125,402.42999267578125,410.0400085449219,163823700,0.0,0.0,TSLA,2025-09-15 00:00:00-04:00
414.5,423.25,411.42999267578125,421.6199951171875,104285700,0.0,0.0,TSLA,2025-09-16 00:00:00-04:00
415.75,428.30999755859375,409.6700134277344,425.8599853515625,106133500,0.0,0.0,TSLA,2025-09-17 00:00:00-04:00
428.8699951171875,432.2200012207031,416.55999755859375,416.8500061035156,90454500,0.0,0.0,TSLA,2025-09-18 00:00:00-04:00
421.82000732421875,429.4700012207031,421.7200012207031,426.07000732421875,93131000,0.0,0.0,TSLA,2025-09-19 00:00:00-04:00
431.1099853515625,444.9800109863281,429.1300048828125,434.2099914550781,97108800,0.0,0.0,TSLA,2025-09-22 00:00:00-04:00
439.8800048828125,440.9700012207031,423.7200012207031,425.8500061035156,83422700,0.0,0.0,TSLA,2025-09-23 00:00:00-04:00
429.8299865722656,444.2099914550781,429.0299987792969,442.7900085449219,93133600,0.0,0.0,TSLA,2025-09-24 00:00:00-04:00
435.239990234375,435.3500061035156,419.0799865722656,423.3900146484375,96746400,0.0,0.0,TSLA,2025-09-25 00:00:00-04:00
428.29998779296875,440.4700012207031,421.0199890136719,440.3999938964844,101628200,0.0,0.0,TSLA,2025-09-26 00:00:00-04:00
444.3500061035156,450.9800109863281,439.5,443.2099914550781,79491500,0.0,0.0,TSLA,2025-09-29 00:00:00-04:00
441.5199890136719,445.0,433.1199951171875,444.7200012207031,74358000,0.0,0.0,TSLA,2025-09-30 00:00:00-04:00
443.79998779296875,462.2900085449219,440.75,459.4599914550781,98122300,0.0,0.0,TSLA,2025-10-01 00:00:00-04:00
470.5400085449219,470.75,435.57000732421875,436.0,137009000,0.0,0.0,TSLA,2025-10-02 00:00:00-04:00
443.2900085449219,446.7699890136719,416.5799865722656,429.8299865722656,133188200,0.0,0.0,TSLA,2025-10-03 00:00:00-04:00
440.75,453.54998779296875,436.69000244140625,453.25,85324900,0.0,0.0,TSLA,2025-10-06 00:00:00-04:00
447.82000732421875,452.67999267578125,432.45001220703125,433.0899963378906,102296100,0.0,0.0,TSLA,2025-10-07 00:00:00-04:00
437.57000732421875,441.3299865722656,425.2300109863281,438.69000244140625,71192100,0.0,0.0,TSLA,2025-10-08 00:00:00-04:00
431.80999755859375,436.3500061035156,426.17999267578125,435.5400085449219,69339900,0.0,0.0,TSLA,2025-10-09 00:00:00-04:00
436.5400085449219,443.1300048828125,411.45001220703125,413.489990234375,112107900,0.0,0.0,TSLA,2025-10-10 00:00:00-04:00
423.5299987792969,436.8900146484375,419.70001220703125,435.8999938964844,79552800,0.0,0.0,TSLA,2025-10-13 00:00:00-04:00
426.7900085449219,434.20001220703125,417.8599853515625,429.239990234375,72669400,0.0,0.0,TSLA,2025-10-14 00:00:00-04:00
434.8999938964844,440.510009765625,426.3299865722656,435.1499938964844,71558200,0.0,0.0,TSLA,2025-10-15 00:00:00-04:00
434.7300109863281,439.3500061035156,421.30999755859375,428.75,77189900,0.0,0.0,TSLA,2025-10-16 00:00:00-04:00
425.5,441.4599914550781,423.6000061035156,439.30999755859375,89331600,0.0,0.0,TSLA,2025-10-17 00:00:00-04:00
443.8699951171875,449.79998779296875,440.6099853515625,447.42999267578125,63719000,0.0,0.0,TSLA,2025-10-20 00:00:00-04:00
445.760009765625,449.29998779296875,442.04998779296875,442.6000061035156,54412200,0.0,0.0,TSLA,2025-10-21 00:00:00-04:00
443.45001220703125,445.5400085449219,429.0,438.9700012207031,84023500,0.0,0.0,TSLA,2025-10-22 00:00:00-04:00
420.0,449.3999938964844,413.8999938964844,448.9800109863281,126709800,0.0,0.0,TSLA,2025-10-23 00:00:00-04:00
446.8299865722656,451.67999267578125,430.1700134277344,433.7200012207031,94727800,0.0,0.0,TSLA,2025-10-24 00:00:00-04:00
439.9800109863281,460.1600036621094,438.69000244140625,452.4200134277344,105867500,0.0,0.0,TSLA,2025-10-27 00:00:00-04:00
454.7799987792969,467.0,451.6000061035156,460.54998779296875,80185700,0.0,0.0,TSLA,2025-10-28 00:00:00-04:00
462.5,465.70001220703125,452.6499938964844,461.510009765625,67983500,0.0,0.0,TSLA,2025-10-29 00:00:00-04:00
451.04998779296875,455.05999755859375,439.6099853515625,440.1000061035156,72447900,0.0,0.0,TSLA,2025-10-30 00:00:00-04:00
446.75,458.0,443.69000244140625,456.55999755859375,83135800,0.0,0.0,TSLA,2025-10-31 00:00:00-04:00
455.989990234375,474.07000732421875,453.79998779296875,468.3699951171875,84595200,0.0,0.0,TSLA,2025-11-03 00:00:00-05:00
454.4599914550781,460.2200012207031,443.6000061035156,444.260009765625,87756600,0.0,0.0,TSLA,2025-11-04 00:00:00-05:00
452.04998779296875,466.3299865722656,440.7099914550781,462.07000732421875,85573000,0.0,0.0,TSLA,2025-11-05 00:00:00-05:00
461.9599914550781,467.45001220703125,435.0899963378906,445.9100036621094,109622900,0.0,0.0,TSLA,2025-11-06 00:00:00-05:00
437.9200134277344,439.3599853515625,421.8800048828125,429.5199890136719,103471500,0.0,0.0,TSLA,2025-11-07 00:00:00-05:00
439.6000061035156,449.6700134277344,433.3599853515625,445.2300109863281,76515900,0.0,0.0,TSLA,2025-11-10 00:00:00-05:00
439.3999938964844,442.489990234375,432.3599853515625,439.6199951171875,60533200,0.0,0.0,TSLA,2025-11-11 00:00:00-05:00
442.1499938964844,442.3299865722656,426.55999755859375,430.6000061035156,58513500,0.0,0.0,TSLA,2025-11-12 00:00:00-05:00
423.1300048828125,424.5,396.3399963378906,401.989990234375,118948000,0.0,0.0,TSLA,2025-11-13 00:00:00-05:00
386.29998779296875,412.19000244140625,382.7799987792969,404.3500061035156,105506700,0.0,0.0,TSLA,2025-11-14 00:00:00-05:00
398.739990234375,423.9599914550781,398.739990234375,408.9200134277344,102214300,0.0,0.0,TSLA,2025-11-17 00:00:00-05:00
405.3800048828125,408.8999938964844,393.7099914550781,401.25,80688600,0.0,0.0,TSLA,2025-11-18 00:00:00-05:00
406.17999267578125,411.7799987792969,398.5,403.989990234375,72047700,0.0,0.0,TSLA,2025-11-19 00:00:00-05:00
414.6300048828125,428.94000244140625,394.739990234375,395.2300109863281,113548800,0.0,0.0,TSLA,2025-11-20 00:00:00-05:00
402.32000732421875,402.79998779296875,383.760009765625,391.0899963378906,100460600,0.0,0.0,TSLA,2025-11-21 00:00:00-05:00
402.1700134277344,421.7200012207031,401.0899963378906,417.7799987792969,96806400,0.0,0.0,TSLA,2025-11-24 00:00:00-05:00
414.4200134277344,420.4800109863281,405.95001220703125,419.3999938964844,71915600,0.0,0.0,TSLA,2025-11-25 00:00:00-05:00
423.95001220703125,426.94000244140625,416.8900146484375,426.5799865722656,63463000,0.0,0.0,TSLA,2025-11-26 00:00:00-05:00
426.5899963378906,432.92999267578125,426.20001220703125,430.1700134277344,36252900,0.0,0.0,TSLA,2025-11-28 00:00:00-05:00
425.32000732421875,433.6600036621094,425.2900085449219,430.1400146484375,57463600,0.0,0.0,TSLA,2025-12-01 00:00:00-05:00
430.80999755859375,436.79998779296875,422.1199951171875,429.239990234375,69336600,0.0,0.0,TSLA,2025-12-02 00:00:00-05:00
432.1000061035156,447.9200134277344,431.1099853515625,446.739990234375,87483000,0.0,0.0,TSLA,2025-12-03 00:00:00-05:00
449.94000244140625,454.6300048828125,445.3900146484375,454.5299987792969,71906500,0.0,0.0,TSLA,2025-12-04 00:00:00-05:00
453.0299987792969,458.8699951171875,451.6600036621094,455.0,56427500,0.0,0.0,TSLA,2025-12-05 00:00:00-05:00
447.45001220703125,449.75,435.25,439.5799865722656,69165800,0.0,0.0,TSLA,2025-12-08 00:00:00-05:00
437.5400085449219,452.3900146484375,435.70001220703125,445.1700134277344,62367400,0.0,0.0,TSLA,2025-12-09 00:00:00-05:00
446.07000732421875,456.8800048828125,443.6099853515625,451.45001220703125,63257500,0.0,0.0,TSLA,2025-12-10 00:00:00-05:00
448.95001220703125,449.2699890136719,440.3299865722656,446.8900146484375,55979500,0.0,0.0,TSLA,2025-12-11 00:00:00-05:00
448.0899963378906,463.010009765625,441.6700134277344,458.9599914550781,95656700,0.0,0.0,TSLA,2025-12-12 00:00:00-05:00
469.44000244140625,481.7699890136719,467.6600036621094,475.30999755859375,114542200,0.0,0.0,TSLA,2025-12-15 00:00:00-05:00
472.2099914550781,491.5,465.8299865722656,489.8800048828125,107608100,0.0,0.0,TSLA,2025-12-16 00:00:00-05:00
488.2200012207031,495.2799987792969,466.20001220703125,467.260009765625,106490400,0.0,0.0,TSLA,2025-12-17 00:00:00-05:00
478.1600036621094,490.8599853515625,473.1199951171875,483.3699951171875,95168400,0.0,0.0,TSLA,2025-12-18 00:00:00-05:00
488.1199951171875,490.489990234375,474.7200012207031,481.20001220703125,103305400,0.0,0.0,TSLA,2025-12-19 00:00:00-05:00
489.8800048828125,498.8299865722656,485.3299865722656,488.7300109863281,86916100,0.0,0.0,TSLA,2025-12-22 00:00:00-05:00
489.3999938964844,491.9700012207031,482.8399963378906,485.55999755859375,58223600,0.0,0.0,TSLA,2025-12-23 00:00:00-05:00
488.4800109863281,490.8999938964844,476.79998779296875,485.3999938964844,41285400,0.0,0.0,TSLA,2025-12-24 00:00:00-05:00
485.2300109863281,489.0899963378906,473.82000732421875,475.19000244140625,58780700,0.0,0.0,TSLA,2025-12-26 00:00:00-05:00
469.0,469.3999938964844,459.0,459.6400146484375,66263000,0.0,0.0,TSLA,2025-12-29 00:00:00-05:00
461.0899963378906,463.1199951171875,453.8299865722656,454.42999267578125,59238500,0.0,0.0,TSLA,2025-12-30 00:00:00-05:00
456.1000061035156,456.54998779296875,449.29998779296875,449.7200012207031,49078000,0.0,0.0,TSLA,2025-12-31 00:00:00-05:00
457.79998779296875,458.3399963378906,435.29998779296875,438.07000732421875,85535400,0.0,0.0,TSLA,2026-01-02 00:00:00-05:00
447.989990234375,457.54998779296875,444.57000732421875,451.6700134277344,67940800,0.0,0.0,TSLA,2026-01-05 00:00:00-05:00
446.3800048828125,448.25,428.7799987792969,432.9599914550781,89093800,0.0,0.0,TSLA,2026-01-06 00:00:00-05:00
435.8999938964844,438.3699951171875,431.2900085449219,431.4100036621094,59828800,0.0,0.0,TSLA,2026-01-07 00:00:00-05:00
427.8900146484375,436.8900146484375,424.3699951171875,435.79998779296875,57041100,0.0,0.0,TSLA,2026-01-08 00:00:00-05:00
435.95001220703125,449.04998779296875,430.3900146484375,445.010009765625,67331500,0.0,0.0,TSLA,2026-01-09 00:00:00-05:00
441.2300109863281,454.29998779296875,438.0,448.9599914550781,61649600,0.0,0.0,TSLA,2026-01-12 00:00:00-05:00
450.20001220703125,451.80999755859375,443.95001220703125,447.20001220703125,53719200,0.0,0.0,TSLA,2026-01-13 00:00:00-05:00
442.80999755859375,443.9100036621094,434.2200012207031,439.20001220703125,57259500,0.0,0.0,TSLA,2026-01-14 00:00:00-05:00
441.1300048828125,445.3599853515625,437.6499938964844,438.57000732421875,49465800,0.0,0.0,TSLA,2026-01-15 00:00:00-05:00
439.5,447.25,435.260009765625,437.5,60220600,0.0,0.0,TSLA,2026-01-16 00:00:00-05:00
429.3599853515625,430.7300109863281,417.44000244140625,419.25,63187300,0.0,0.0,TSLA,2026-01-20 00:00:00-05:00
421.6600036621094,438.20001220703125,419.6199951171875,431.44000244140625,68124000,0.0,0.0,TSLA,2026-01-21 00:00:00-05:00
435.1600036621094,449.5,432.6300048828125,449.3599853515625,71546700,0.0,0.0,TSLA,2026-01-22 00:00:00-05:00
447.42999267578125,452.42999267578125,444.0400085449219,449.05999755859375,56771400,0.0,0.0,TSLA,2026-01-23 00:00:00-05:00
445.0,445.0400085449219,434.2799987792969,435.20001220703125,49397400,0.0,0.0,TSLA,2026-01-26 00:00:00-05:00
437.4100036621094,437.5199890136719,430.69000244140625,430.8999938964844,37733100,0.0,0.0,TSLA,2026-01-27 00:00:00-05:00
431.9100036621094,438.260009765625,430.1000061035156,431.4599914550781,54857400,0.0,0.0,TSLA,2026-01-28 00:00:00-05:00
437.79998779296875,440.2300109863281,414.6199951171875,416.55999755859375,81686100,0.0,0.0,TSLA,2026-01-29 00:00:00-05:00
425.3500061035156,439.8800048828125,422.70001220703125,430.4100036621094,82626100,0.0,0.0,TSLA,2026-01-30 00:00:00-05:00
421.2900085449219,427.1499938964844,414.5,421.80999755859375,58739500,0.0,0.0,TSLA,2026-02-02 00:00:00-05:00
424.2699890136719,428.55999755859375,413.69000244140625,421.9599914550781,56886500,0.0,0.0,TSLA,2026-02-03 00:00:00-05:00
420.4599914550781,423.8999938964844,399.17999267578125,406.010009765625,74606900,0.0,0.0,TSLA,2026-02-04 00:00:00-05:00
397.0199890136719,402.1000061035156,387.5299987792969,397.2099914550781,72819800,0.0,0.0,TSLA,2026-02-05 00:00:00-05:00
400.8699951171875,414.54998779296875,397.75,411.1099853515625,62677100,0.0,0.0,TSLA,2026-02-06 00:00:00-05:00
409.9100036621094,421.25,407.2900085449219,417.32000732421875,54484300,0.0,0.0,TSLA,2026-02-09 00:00:00-05:00
418.0799865722656,427.25,417.0,425.2099914550781,64450200,0.0,0.0,TSLA,2026-02-10 00:00:00-05:00
427.9599914550781,436.3500061035156,420.0299987792969,428.2699890136719,57362000,0.0,0.0,TSLA,2026-02-11 00:00:00-05:00
430.29998779296875,436.2300109863281,414.0,417.07000732421875,61933400,0.0,0.0,TSLA,2026-02-12 00:00:00-05:00
414.30999755859375,424.05999755859375,410.8800048828125,417.44000244140625,51434100,0.0,0.0,TSLA,2026-02-13 00:00:00-05:00
412.3599853515625,413.7200012207031,400.510009765625,410.6300048828125,59678800,0.0,0.0,TSLA,2026-02-17 00:00:00-05:00
411.1099853515625,416.8999938964844,409.5799865722656,411.32000732421875,45921400,0.0,0.0,TSLA,2026-02-18 00:00:00-05:00
407.25,415.25,404.1099853515625,411.7099914550781,51019600,0.0,0.0,TSLA,2026-02-19 00:00:00-05:00
408.29998779296875,414.70001220703125,405.5,411.82000732421875,57912200,0.0,0.0,TSLA,2026-02-20 00:00:00-05:00
407.2900085449219,407.70001220703125,394.0400085449219,399.8299865722656,69680000,0.0,0.0,TSLA,2026-02-23 00:00:00-05:00
399.5,410.82000732421875,397.6400146484375,409.3800048828125,58579500,0.0,0.0,TSLA,2026-02-24 00:00:00-05:00
412.1499938964844,420.3399963378906,412.1499938964844,417.3999938964844,54809700,0.0,0.0,TSLA,2026-02-25 00:00:00-05:00
414.4200134277344,416.80999755859375,403.6600036621094,408.5799865722656,53602500,0.0,0.0,TSLA,2026-02-26 00:00:00-05:00
402.94000244140625,407.1199951171875,398.1099853515625,402.510009765625,56890100,0.0,0.0,TSLA,2026-02-27 00:00:00-05:00
390.6000061035156,404.5400085449219,388.25,403.32000732421875,55088300,0.0,0.0,TSLA,2026-03-02 00:00:00-05:00
395.0899963378906,396.3399963378906,385.3900146484375,392.42999267578125,62617300,0.0,0.0,TSLA,2026-03-03 00:00:00-05:00
397.8500061035156,408.3299865722656,394.5799865722656,405.94000244140625,68305500,0.0,0.0,TSLA,2026-03-04 00:00:00-05:00
401.57000732421875,408.6199951171875,399.4200134277344,405.54998779296875,51925900,0.0,0.0,TSLA,2026-03-05 00:00:00-05:00
398.0899963378906,402.3500061035156,394.2099914550781,396.7300109863281,64054600,0.0,0.0,TSLA,2026-03-06 00:00:00-05:00
390.04998779296875,401.5899963378906,381.3999938964844,398.67999267578125,67018900,0.0,0.0,TSLA,2026-03-09 00:00:00-04:00
402.2200012207031,406.5899963378906,398.19000244140625,399.239990234375,59258700,0.0,0.0,TSLA,2026-03-10 00:00:00-04:00
402.2799987792969,416.3800048828125,402.1499938964844,407.82000732421875,62559900,0.0,0.0,TSLA,2026-03-11 00:00:00-04:00
405.17999267578125,406.5,394.6499938964844,395.010009765625,60973800,0.0,0.0,TSLA,2026-03-12 00:00:00-04:00
399.1700134277344,400.20001220703125,389.95001220703125,391.20001220703125,58504100,0.0,0.0,TSLA,2026-03-13 00:00:00-04:00
396.2200012207031,403.7300109863281,394.4200134277344,395.55999755859375,58068300,0.0,0.0,TSLA,2026-03-16 00:00:00-04:00
395.69000244140625,400.1199951171875,393.0,399.2699890136719,46890500,0.0,0.0,TSLA,2026-03-17 00:00:00-04:00
399.0,403.07000732421875,392.30999755859375,392.7799987792969,50853100,0.0,0.0,TSLA,2026-03-18 00:00:00-04:00
387.2699890136719,387.2699890136719,378.7300109863281,380.29998779296875,67078300,0.0,0.0,TSLA,2026-03-19 00:00:00-04:00
379.8500061035156,379.8900146484375,364.4599914550781,367.9599914550781,78628600,0.0,0.0,TSLA,2026-03-20 00:00:00-04:00
373.0849914550781,385.3299865722656,372.7300109863281,380.8500061035156,72583482,0.0,0.0,TSLA,2026-03-23 00:00:00-04:00
200.0,203.63999938964844,199.9499969482422,203.25999450683594,41625400,0.0,0.0,AMZN,2025-03-24 00:00:00-04:00
203.60000610351562,206.2100067138672,203.22000122070312,205.7100067138672,31171200,0.0,0.0,AMZN,2025-03-25 00:00:00-04:00
205.83999633789062,206.00999450683594,199.92999267578125,201.1300048828125,32855300,0.0,0.0,AMZN,2025-03-26 00:00:00-04:00
200.88999938964844,203.7899932861328,199.27999877929688,201.36000061035156,27317700,0.0,0.0,AMZN,2025-03-27 00:00:00-04:00
198.4199981689453,199.25999450683594,191.8800048828125,192.72000122070312,52548200,0.0,0.0,AMZN,2025-03-28 00:00:00-04:00
188.19000244140625,191.3300018310547,184.39999389648438,190.25999450683594,63547600,0.0,0.0,AMZN,2025-03-31 00:00:00-04:00
187.86000061035156,193.92999267578125,187.1999969482422,192.1699981689453,41267300,0.0,0.0,AMZN,2025-04-01 00:00:00-04:00
187.66000366210938,198.33999633789062,187.66000366210938,196.00999450683594,53679200,0.0,0.0,AMZN,2025-04-02 00:00:00-04:00
183.0,184.1300048828125,176.9199981689453,178.41000366210938,95553600,0.0,0.0,AMZN,2025-04-03 00:00:00-04:00
167.14999389648438,178.13999938964844,166.0,171.0,123159400,0.0,0.0,AMZN,2025-04-04 00:00:00-04:00
162.0,183.41000366210938,161.3800048828125,175.25999450683594,109327100,0.0,0.0,AMZN,2025-04-07 00:00:00-04:00
185.22999572753906,185.89999389648438,168.57000732421875,170.66000366210938,87710400,0.0,0.0,AMZN,2025-04-08 00:00:00-04:00
172.1199951171875,192.64999389648438,169.92999267578125,191.10000610351562,116804300,0.0,0.0,AMZN,2025-04-09 00:00:00-04:00
185.44000244140625,186.8699951171875,175.85000610351562,181.22000122070312,68302000,0.0,0.0,AMZN,2025-04-10 00:00:00-04:00
179.92999267578125,185.86000061035156,178.0,184.8699951171875,50594300,0.0,0.0,AMZN,2025-04-11 00:00:00-04:00
186.83999633789062,187.44000244140625,179.22999572753906,182.1199951171875,48002500,0.0,0.0,AMZN,2025-04-14 00:00:00-04:00
181.41000366210938,182.35000610351562,177.92999267578125,179.58999633789062,43642000,0.0,0.0,AMZN,2025-04-15 00:00:00-04:00
176.2899932861328,179.10000610351562,171.41000366210938,174.3300018310547,51875300,0.0,0.0,AMZN,2025-04-16 00:00:00-04:00
176.0,176.2100067138672,172.0,172.61000061035156,44726500,0.0,0.0,AMZN,2025-04-17 00:00:00-04:00
169.60000610351562,169.60000610351562,165.2899932861328,167.32000732421875,48126100,0.0,0.0,AMZN,2025-04-21 00:00:00-04:00
169.85000610351562,176.77999877929688,169.35000610351562,173.17999267578125,56607200,0.0,0.0,AMZN,2025-04-22 00:00:00-04:00
183.4499969482422,187.3800048828125,180.19000244140625,180.60000610351562,63470100,0.0,0.0,AMZN,2025-04-23 00:00:00-04:00
180.9199981689453,186.74000549316406,180.17999267578125,186.5399932861328,43763200,0.0,0.0,AMZN,2025-04-24 00:00:00-04:00
187.6199951171875,189.94000244140625,185.49000549316406,188.99000549316406,36414300,0.0,0.0,AMZN,2025-04-25 00:00:00-04:00
190.11000061035156,190.22000122070312,184.88999938964844,187.6999969482422,33224700,0.0,0.0,AMZN,2025-04-28 00:00:00-04:00
183.99000549316406,188.02000427246094,183.67999267578125,187.38999938964844,41667300,0.0,0.0,AMZN,2025-04-29 00:00:00-04:00
182.1699981689453,185.0500030517578,178.85000610351562,184.4199981689453,55176500,0.0,0.0,AMZN,2025-04-30 00:00:00-04:00
190.6300048828125,191.80999755859375,187.5,190.1999969482422,74266000,0.0,0.0,AMZN,2025-05-01 00:00:00-04:00
191.44000244140625,192.8800048828125,186.39999389648438,189.97999572753906,77903500,0.0,0.0,AMZN,2025-05-02 00:00:00-04:00
186.50999450683594,188.17999267578125,185.52999877929688,186.35000610351562,35217500,0.0,0.0,AMZN,2025-05-05 00:00:00-04:00
184.57000732421875,187.92999267578125,183.85000610351562,185.00999450683594,29314100,0.0,0.0,AMZN,2025-05-06 00:00:00-04:00
185.55999755859375,190.99000549316406,185.00999450683594,188.7100067138672,43948600,0.0,0.0,AMZN,2025-05-07 00:00:00-04:00
191.42999267578125,194.3300018310547,188.82000732421875,192.0800018310547,41043600,0.0,0.0,AMZN,2025-05-08 00:00:00-04:00
193.3800048828125,194.69000244140625,191.16000366210938,193.05999755859375,29663100,0.0,0.0,AMZN,2025-05-09 00:00:00-04:00
210.7100067138672,211.66000366210938,205.75,208.63999938964844,75205000,0.0,0.0,AMZN,2025-05-12 00:00:00-04:00
211.0800018310547,214.83999633789062,210.10000610351562,211.3699951171875,56193700,0.0,0.0,AMZN,2025-05-13 00:00:00-04:00
211.4499969482422,211.92999267578125,208.85000610351562,210.25,38492100,0.0,0.0,AMZN,2025-05-14 00:00:00-04:00
206.4499969482422,206.8800048828125,202.6699981689453,205.1699981689453,64347300,0.0,0.0,AMZN,2025-05-15 00:00:00-04:00
206.85000610351562,206.85000610351562,204.3699951171875,205.58999633789062,43318500,0.0,0.0,AMZN,2025-05-16 00:00:00-04:00
201.64999389648438,206.6199951171875,201.25999450683594,206.16000366210938,34314800,0.0,0.0,AMZN,2025-05-19 00:00:00-04:00
204.6300048828125,205.58999633789062,202.64999389648438,204.07000732421875,29470400,0.0,0.0,AMZN,2025-05-20 00:00:00-04:00
201.61000061035156,203.4600067138672,200.05999755859375,201.1199951171875,42460900,0.0,0.0,AMZN,2025-05-21 00:00:00-04:00
201.3800048828125,205.75999450683594,200.16000366210938,203.10000610351562,38938900,0.0,0.0,AMZN,2025-05-22 00:00:00-04:00
198.89999389648438,202.3699951171875,197.85000610351562,200.99000549316406,33393500,0.0,0.0,AMZN,2025-05-23 00:00:00-04:00
203.08999633789062,206.69000244140625,202.19000244140625,206.02000427246094,34892000,0.0,0.0,AMZN,2025-05-27 00:00:00-04:00
205.9199981689453,207.66000366210938,204.41000366210938,204.72000122070312,28549800,0.0,0.0,AMZN,2025-05-28 00:00:00-04:00
208.02999877929688,208.80999755859375,204.22999572753906,205.6999969482422,34650000,0.0,0.0,AMZN,2025-05-29 00:00:00-04:00
204.83999633789062,205.99000549316406,201.6999969482422,205.00999450683594,51679400,0.0,0.0,AMZN,2025-05-30 00:00:00-04:00
204.97999572753906,207.0,202.67999267578125,206.64999389648438,29113300,0.0,0.0,AMZN,2025-06-02 00:00:00-04:00
207.11000061035156,208.9499969482422,205.02999877929688,205.7100067138672,33139100,0.0,0.0,AMZN,2025-06-03 00:00:00-04:00
206.5500030517578,208.17999267578125,205.17999267578125,207.22999572753906,29915600,0.0,0.0,AMZN,2025-06-04 00:00:00-04:00
209.5500030517578,212.80999755859375,207.55999755859375,207.91000366210938,51864200,0.0,0.0,AMZN,2025-06-05 00:00:00-04:00
212.39999389648438,213.8699951171875,210.5,213.57000732421875,39832500,0.0,0.0,AMZN,2025-06-06 00:00:00-04:00
214.75,217.85000610351562,212.8800048828125,216.97999572753906,38102500,0.0,0.0,AMZN,2025-06-09 00:00:00-04:00
216.77999877929688,217.69000244140625,214.14999389648438,217.61000061035156,31303300,0.0,0.0,AMZN,2025-06-10 00:00:00-04:00
217.41000366210938,218.39999389648438,212.88999938964844,213.1999969482422,39326000,0.0,0.0,AMZN,2025-06-11 00:00:00-04:00
211.77999877929688,213.5800018310547,211.3300018310547,213.24000549316406,27640000,0.0,0.0,AMZN,2025-06-12 00:00:00-04:00
209.9600067138672,214.0500030517578,209.6199951171875,212.10000610351562,29337800,0.0,0.0,AMZN,2025-06-13 00:00:00-04:00
212.30999755859375,217.05999755859375,211.60000610351562,216.10000610351562,33284200,0.0,0.0,AMZN,2025-06-16 00:00:00-04:00
215.1999969482422,217.41000366210938,214.55999755859375,214.82000732421875,32086300,0.0,0.0,AMZN,2025-06-17 00:00:00-04:00
215.08999633789062,217.9600067138672,212.33999633789062,212.52000427246094,44360500,0.0,0.0,AMZN,2025-06-18 00:00:00-04:00
214.67999267578125,214.88999938964844,208.27000427246094,209.69000244140625,75350700,0.0,0.0,AMZN,2025-06-20 00:00:00-04:00
209.7899932861328,210.38999938964844,207.30999755859375,208.47000122070312,37311700,0.0,0.0,AMZN,2025-06-23 00:00:00-04:00
212.13999938964844,214.33999633789062,211.0500030517578,212.77000427246094,38378800,0.0,0.0,AMZN,2025-06-24 00:00:00-04:00
214.6199951171875,216.02999877929688,211.11000061035156,211.99000549316406,31755700,0.0,0.0,AMZN,2025-06-25 00:00:00-04:00
213.1199951171875,218.0399932861328,212.00999450683594,217.1199951171875,50480800,0.0,0.0,AMZN,2025-06-26 00:00:00-04:00
219.9199981689453,223.3000030517578,216.74000549316406,223.3000030517578,119217100,0.0,0.0,AMZN,2025-06-27 00:00:00-04:00
223.52000427246094,223.82000732421875,219.1199951171875,219.38999938964844,58887800,0.0,0.0,AMZN,2025-06-30 00:00:00-04:00
219.5,221.8800048828125,217.92999267578125,220.4600067138672,39256800,0.0,0.0,AMZN,2025-07-01 00:00:00-04:00
219.72999572753906,221.60000610351562,219.05999755859375,219.9199981689453,30894200,0.0,0.0,AMZN,2025-07-02 00:00:00-04:00
221.82000732421875,224.00999450683594,221.36000061035156,223.41000366210938,29632400,0.0,0.0,AMZN,2025-07-03 00:00:00-04:00
223.0,224.2899932861328,222.3699951171875,223.47000122070312,36604100,0.0,0.0,AMZN,2025-07-07 00:00:00-04:00
223.9199981689453,224.0,218.42999267578125,219.36000061035156,45692000,0.0,0.0,AMZN,2025-07-08 00:00:00-04:00
221.07000732421875,224.2899932861328,220.47000122070312,222.5399932861328,38155100,0.0,0.0,AMZN,2025-07-09 00:00:00-04:00
221.5500030517578,222.7899932861328,219.6999969482422,222.25999450683594,30370600,0.0,0.0,AMZN,2025-07-10 00:00:00-04:00
223.5800018310547,226.67999267578125,222.3699951171875,225.02000427246094,50518300,0.0,0.0,AMZN,2025-07-11 00:00:00-04:00
225.07000732421875,226.66000366210938,224.24000549316406,225.69000244140625,35702600,0.0,0.0,AMZN,2025-07-14 00:00:00-04:00
226.1999969482422,227.27000427246094,225.4600067138672,226.35000610351562,34907300,0.0,0.0,AMZN,2025-07-15 00:00:00-04:00
225.8800048828125,226.10000610351562,222.17999267578125,223.19000244140625,39535900,0.0,0.0,AMZN,2025-07-16 00:00:00-04:00
223.32000732421875,224.5,222.50999450683594,223.8800048828125,31855800,0.0,0.0,AMZN,2025-07-17 00:00:00-04:00
225.13999938964844,226.39999389648438,222.97999572753906,226.1300048828125,37833800,0.0,0.0,AMZN,2025-07-18 00:00:00-04:00
225.83999633789062,229.69000244140625,225.64999389648438,229.3000030517578,40297600,0.0,0.0,AMZN,2025-07-21 00:00:00-04:00
229.67999267578125,230.0,226.35000610351562,227.47000122070312,37483700,0.0,0.0,AMZN,2025-07-22 00:00:00-04:00
228.47000122070312,228.7899932861328,227.08999633789062,228.2899932861328,28294900,0.0,0.0,AMZN,2025-07-23 00:00:00-04:00
229.1699981689453,236.0,228.63999938964844,232.22999572753906,42902300,0.0,0.0,AMZN,2025-07-24 00:00:00-04:00
232.22000122070312,232.47999572753906,231.17999267578125,231.44000244140625,28712100,0.0,0.0,AMZN,2025-07-25 00:00:00-04:00
233.35000610351562,234.2899932861328,232.25,232.7899932861328,26300100,0.0,0.0,AMZN,2025-07-28 00:00:00-04:00
234.14999389648438,234.72000122070312,230.30999755859375,231.00999450683594,33716200,0.0,0.0,AMZN,2025-07-29 00:00:00-04:00
231.63999938964844,231.8000030517578,229.2899932861328,230.19000244140625,32993300,0.0,0.0,AMZN,2025-07-30 00:00:00-04:00
235.77000427246094,236.52999877929688,231.39999389648438,234.11000061035156,104357300,0.0,0.0,AMZN,2025-07-31 00:00:00-04:00
217.2100067138672,220.44000244140625,212.8000030517578,214.75,122258800,0.0,0.0,AMZN,2025-08-01 00:00:00-04:00
217.39999389648438,217.44000244140625,211.4199981689453,211.64999389648438,77890100,0.0,0.0,AMZN,2025-08-04 00:00:00-04:00
213.0500030517578,216.3000030517578,212.8699951171875,213.75,51505100,0.0,0.0,AMZN,2025-08-05 00:00:00-04:00
214.6999969482422,222.64999389648438,213.74000549316406,222.30999755859375,54823000,0.0,0.0,AMZN,2025-08-06 00:00:00-04:00
221.0,226.22000122070312,220.82000732421875,223.1300048828125,40603500,0.0,0.0,AMZN,2025-08-07 00:00:00-04:00
223.13999938964844,223.8000030517578,221.8800048828125,222.69000244140625,32970500,0.0,0.0,AMZN,2025-08-08 00:00:00-04:00
221.77999877929688,223.0500030517578,220.39999389648438,221.3000030517578,31646200,0.0,0.0,AMZN,2025-08-11 00:00:00-04:00
222.22999572753906,223.5,219.0500030517578,221.47000122070312,37185800,0.0,0.0,AMZN,2025-08-12 00:00:00-04:00
222.0,224.9199981689453,222.0,224.55999755859375,36508300,0.0,0.0,AMZN,2025-08-13 00:00:00-04:00
227.39999389648438,233.11000061035156,227.02000427246094,230.97999572753906,61545800,0.0,0.0,AMZN,2025-08-14 00:00:00-04:00
232.5800018310547,234.0800018310547,229.80999755859375,231.02999877929688,39649200,0.0,0.0,AMZN,2025-08-15 00:00:00-04:00
230.22999572753906,231.91000366210938,228.3300018310547,231.49000549316406,25248900,0.0,0.0,AMZN,2025-08-18 00:00:00-04:00
230.08999633789062,230.52999877929688,227.1199951171875,228.00999450683594,29891000,0.0,0.0,AMZN,2025-08-19 00:00:00-04:00
227.1199951171875,227.27000427246094,220.9199981689453,223.80999755859375,36604300,0.0,0.0,AMZN,2025-08-20 00:00:00-04:00
222.64999389648438,222.77999877929688,220.5,221.9499969482422,32140500,0.0,0.0,AMZN,2025-08-21 00:00:00-04:00
222.7899932861328,229.13999938964844,220.82000732421875,228.83999633789062,37315300,0.0,0.0,AMZN,2025-08-22 00:00:00-04:00
227.35000610351562,229.60000610351562,227.30999755859375,227.94000244140625,22633700,0.0,0.0,AMZN,2025-08-25 00:00:00-04:00
227.11000061035156,229.0,226.02000427246094,228.7100067138672,26105400,0.0,0.0,AMZN,2025-08-26 00:00:00-04:00
228.57000732421875,229.8699951171875,227.80999755859375,229.1199951171875,21254500,0.0,0.0,AMZN,2025-08-27 00:00:00-04:00
229.00999450683594,232.7100067138672,228.02000427246094,231.60000610351562,33679600,0.0,0.0,AMZN,2025-08-28 00:00:00-04:00
231.32000732421875,231.80999755859375,228.16000366210938,229.0,26199200,0.0,0.0,AMZN,2025-08-29 00:00:00-04:00
223.52000427246094,226.1699981689453,221.8300018310547,225.33999633789062,38843900,0.0,0.0,AMZN,2025-09-02 00:00:00-04:00
225.2100067138672,227.1699981689453,224.36000061035156,225.99000549316406,29223100,0.0,0.0,AMZN,2025-09-03 00:00:00-04:00
231.19000244140625,235.77000427246094,230.77999877929688,235.67999267578125,59391800,0.0,0.0,AMZN,2025-09-04 00:00:00-04:00
235.19000244140625,236.0,231.92999267578125,232.3300018310547,36721800,0.0,0.0,AMZN,2025-09-05 00:00:00-04:00
234.94000244140625,237.60000610351562,233.75,235.83999633789062,33947100,0.0,0.0,AMZN,2025-09-08 00:00:00-04:00
236.36000061035156,238.85000610351562,235.0800018310547,238.24000549316406,27033800,0.0,0.0,AMZN,2025-09-09 00:00:00-04:00
237.52000427246094,237.67999267578125,229.10000610351562,230.3300018310547,60907700,0.0,0.0,AMZN,2025-09-10 00:00:00-04:00
231.49000549316406,231.52999877929688,229.33999633789062,229.9499969482422,37485600,0.0,0.0,AMZN,2025-09-11 00:00:00-04:00
230.35000610351562,230.7899932861328,226.2899932861328,228.14999389648438,38496200,0.0,0.0,AMZN,2025-09-12 00:00:00-04:00
230.6300048828125,233.72999572753906,230.32000732421875,231.42999267578125,33243300,0.0,0.0,AMZN,2025-09-15 00:00:00-04:00
232.94000244140625,235.89999389648438,232.22999572753906,234.0500030517578,38203900,0.0,0.0,AMZN,2025-09-16 00:00:00-04:00
233.77000427246094,234.3000030517578,228.7100067138672,231.6199951171875,42815200,0.0,0.0,AMZN,2025-09-17 00:00:00-04:00
232.5,233.47999572753906,228.7899932861328,231.22999572753906,37931700,0.0,0.0,AMZN,2025-09-18 00:00:00-04:00
232.3699951171875,234.16000366210938,229.6999969482422,231.47999572753906,97943200,0.0,0.0,AMZN,2025-09-19 00:00:00-04:00
230.55999755859375,230.57000732421875,227.50999450683594,227.6300048828125,45914500,0.0,0.0,AMZN,2025-09-22 00:00:00-04:00
227.8300018310547,227.86000061035156,220.07000732421875,220.7100067138672,70956200,0.0,0.0,AMZN,2025-09-23 00:00:00-04:00
224.14999389648438,224.55999755859375,219.4499969482422,220.2100067138672,49509000,0.0,0.0,AMZN,2025-09-24 00:00:00-04:00
220.05999755859375,220.6699981689453,216.47000122070312,218.14999389648438,52226300,0.0,0.0,AMZN,2025-09-25 00:00:00-04:00
219.0800018310547,221.0500030517578,218.02000427246094,219.77999877929688,41650100,0.0,0.0,AMZN,2025-09-26 00:00:00-04:00
220.0800018310547,222.60000610351562,219.3000030517578,222.1699981689453,44259200,0.0,0.0,AMZN,2025-09-29 00:00:00-04:00
222.02999877929688,222.24000549316406,217.88999938964844,219.57000732421875,48396400,0.0,0.0,AMZN,2025-09-30 00:00:00-04:00
217.36000061035156,222.14999389648438,216.61000061035156,220.6300048828125,43933800,0.0,0.0,AMZN,2025-10-01 00:00:00-04:00
221.00999450683594,222.80999755859375,218.9499969482422,222.41000366210938,41258600,0.0,0.0,AMZN,2025-10-02 00:00:00-04:00
223.44000244140625,224.1999969482422,219.33999633789062,219.50999450683594,43639000,0.0,0.0,AMZN,2025-10-03 00:00:00-04:00
221.0,221.72999572753906,216.02999877929688,220.89999389648438,43690900,0.0,0.0,AMZN,2025-10-06 00:00:00-04:00
220.8800048828125,222.88999938964844,220.1699981689453,221.77999877929688,31194700,0.0,0.0,AMZN,2025-10-07 00:00:00-04:00
222.9199981689453,226.72999572753906,221.19000244140625,225.22000122070312,46686000,0.0,0.0,AMZN,2025-10-08 00:00:00-04:00
225.0,228.2100067138672,221.75,227.74000549316406,46412100,0.0,0.0,AMZN,2025-10-09 00:00:00-04:00
226.2100067138672,228.25,216.0,216.3699951171875,72367500,0.0,0.0,AMZN,2025-10-10 00:00:00-04:00
217.6999969482422,220.67999267578125,217.0399932861328,220.07000732421875,37809700,0.0,0.0,AMZN,2025-10-13 00:00:00-04:00
215.55999755859375,219.32000732421875,212.60000610351562,216.38999938964844,45665600,0.0,0.0,AMZN,2025-10-14 00:00:00-04:00
216.6199951171875,217.7100067138672,212.66000366210938,215.57000732421875,45909500,0.0,0.0,AMZN,2025-10-15 00:00:00-04:00
215.6699981689453,218.58999633789062,212.80999755859375,214.47000122070312,42414600,0.0,0.0,AMZN,2025-10-16 00:00:00-04:00
214.55999755859375,214.8000030517578,211.02999877929688,213.0399932861328,45986900,0.0,0.0,AMZN,2025-10-17 00:00:00-04:00
213.8800048828125,216.69000244140625,213.58999633789062,216.47999572753906,38882800,0.0,0.0,AMZN,2025-10-20 00:00:00-04:00
218.42999267578125,223.32000732421875,217.99000549316406,222.02999877929688,50494600,0.0,0.0,AMZN,2025-10-21 00:00:00-04:00
219.3000030517578,220.00999450683594,216.52000427246094,217.9499969482422,44308500,0.0,0.0,AMZN,2025-10-22 00:00:00-04:00
219.0,221.3000030517578,218.17999267578125,221.08999633789062,31540000,0.0,0.0,AMZN,2025-10-23 00:00:00-04:00
221.97000122070312,225.39999389648438,221.89999389648438,224.2100067138672,38685100,0.0,0.0,AMZN,2025-10-24 00:00:00-04:00
227.66000366210938,228.39999389648438,225.5399932861328,226.97000122070312,38267000,0.0,0.0,AMZN,2025-10-27 00:00:00-04:00
228.22000122070312,231.49000549316406,226.2100067138672,229.25,47100000,0.0,0.0,AMZN,2025-10-28 00:00:00-04:00
231.6699981689453,232.82000732421875,227.75999450683594,230.3000030517578,52036200,0.0,0.0,AMZN,2025-10-29 00:00:00-04:00
227.05999755859375,228.44000244140625,222.75,222.86000061035156,102252900,0.0,0.0,AMZN,2025-10-30 00:00:00-04:00
250.10000610351562,250.5,243.97999572753906,244.22000122070312,166340800,0.0,0.0,AMZN,2025-10-31 00:00:00-04:00
255.36000061035156,258.6000061035156,252.89999389648438,254.0,95997800,0.0,0.0,AMZN,2025-11-03 00:00:00-05:00
250.3800048828125,257.010009765625,248.66000366210938,249.32000732421875,51546300,0.0,0.0,AMZN,2025-11-04 00:00:00-05:00
249.02999877929688,251.0,246.16000366210938,250.1999969482422,40610700,0.0,0.0,AMZN,2025-11-05 00:00:00-05:00
249.16000366210938,250.3800048828125,242.1699981689453,243.0399932861328,46004200,0.0,0.0,AMZN,2025-11-06 00:00:00-05:00
242.89999389648438,244.89999389648438,238.49000549316406,244.41000366210938,46374300,0.0,0.0,AMZN,2025-11-07 00:00:00-05:00
248.33999633789062,251.75,245.58999633789062,248.39999389648438,36476500,0.0,0.0,AMZN,2025-11-10 00:00:00-05:00
248.41000366210938,249.75,247.22999572753906,249.10000610351562,23564100,0.0,0.0,AMZN,2025-11-11 00:00:00-05:00
250.24000549316406,250.3699951171875,243.75,244.1999969482422,31190100,0.0,0.0,AMZN,2025-11-12 00:00:00-05:00
243.0500030517578,243.75,236.5,237.5800018310547,41401700,0.0,0.0,AMZN,2025-11-13 00:00:00-05:00
235.05999755859375,238.72999572753906,232.88999938964844,234.69000244140625,38956700,0.0,0.0,AMZN,2025-11-14 00:00:00-05:00
233.25,234.60000610351562,229.19000244140625,232.8699951171875,59919000,0.0,0.0,AMZN,2025-11-17 00:00:00-05:00
228.10000610351562,230.1999969482422,222.4199981689453,222.5500030517578,60608400,0.0,0.0,AMZN,2025-11-18 00:00:00-05:00
223.74000549316406,223.74000549316406,218.52000427246094,222.69000244140625,58335600,0.0,0.0,AMZN,2025-11-19 00:00:00-05:00
227.0500030517578,227.41000366210938,216.74000549316406,217.13999938964844,50309000,0.0,0.0,AMZN,2025-11-20 00:00:00-05:00
216.35000610351562,222.2100067138672,215.17999267578125,220.69000244140625,68490500,0.0,0.0,AMZN,2025-11-21 00:00:00-05:00
222.55999755859375,227.3300018310547,222.27000427246094,226.27999877929688,54318400,0.0,0.0,AMZN,2025-11-24 00:00:00-05:00
226.3800048828125,230.52000427246094,223.8000030517578,229.6699981689453,39379300,0.0,0.0,AMZN,2025-11-25 00:00:00-05:00
230.74000549316406,231.75,228.77000427246094,229.16000366210938,38497900,0.0,0.0,AMZN,2025-11-26 00:00:00-05:00
231.24000549316406,233.2899932861328,230.22000122070312,233.22000122070312,20292300,0.0,0.0,AMZN,2025-11-28 00:00:00-05:00
233.22000122070312,235.8000030517578,232.25,233.8800048828125,42904000,0.0,0.0,AMZN,2025-12-01 00:00:00-05:00
235.00999450683594,238.97000122070312,233.5500030517578,234.4199981689453,45785400,0.0,0.0,AMZN,2025-12-02 00:00:00-05:00
233.35000610351562,233.3800048828125,230.61000061035156,232.3800048828125,35495100,0.0,0.0,AMZN,2025-12-03 00:00:00-05:00
232.77000427246094,233.5,226.8000030517578,229.11000061035156,45683200,0.0,0.0,AMZN,2025-12-04 00:00:00-05:00
230.32000732421875,231.24000549316406,228.5500030517578,229.52999877929688,33117400,0.0,0.0,AMZN,2025-12-05 00:00:00-05:00
229.58999633789062,230.8300018310547,226.27000427246094,226.88999938964844,35019200,0.0,0.0,AMZN,2025-12-08 00:00:00-05:00
226.83999633789062,228.57000732421875,225.11000061035156,227.9199981689453,25841700,0.0,0.0,AMZN,2025-12-09 00:00:00-05:00
228.80999755859375,232.4199981689453,228.4600067138672,231.77999877929688,38790700,0.0,0.0,AMZN,2025-12-10 00:00:00-05:00
230.7100067138672,232.11000061035156,228.69000244140625,230.27999877929688,28249600,0.0,0.0,AMZN,2025-12-11 00:00:00-05:00
229.8699951171875,230.0800018310547,225.1199951171875,226.19000244140625,35639100,0.0,0.0,AMZN,2025-12-12 00:00:00-05:00
227.92999267578125,227.92999267578125,221.5,222.5399932861328,47286100,0.0,0.0,AMZN,2025-12-15 00:00:00-05:00
223.0399932861328,223.66000366210938,221.1300048828125,222.55999755859375,39298900,0.0,0.0,AMZN,2025-12-16 00:00:00-05:00
224.66000366210938,225.19000244140625,220.99000549316406,221.27000427246094,44034400,0.0,0.0,AMZN,2025-12-17 00:00:00-05:00
225.7100067138672,229.22999572753906,224.41000366210938,226.75999450683594,50272400,0.0,0.0,AMZN,2025-12-18 00:00:00-05:00
226.75999450683594,229.1300048828125,225.5800018310547,227.35000610351562,85544400,0.0,0.0,AMZN,2025-12-19 00:00:00-05:00
228.61000061035156,229.47999572753906,226.7100067138672,228.42999267578125,32261300,0.0,0.0,AMZN,2025-12-22 00:00:00-05:00
229.05999755859375,232.4499969482422,228.72999572753906,232.13999938964844,29230200,0.0,0.0,AMZN,2025-12-23 00:00:00-05:00
232.1300048828125,232.9499969482422,231.3300018310547,232.3800048828125,11420500,0.0,0.0,AMZN,2025-12-24 00:00:00-05:00
232.0399932861328,232.99000549316406,231.17999267578125,232.52000427246094,15994700,0.0,0.0,AMZN,2025-12-26 00:00:00-05:00
231.94000244140625,232.60000610351562,230.77000427246094,232.07000732421875,19797900,0.0,0.0,AMZN,2025-12-29 00:00:00-05:00
231.2100067138672,232.77000427246094,230.1999969482422,232.52999877929688,21910500,0.0,0.0,AMZN,2025-12-30 00:00:00-05:00
232.91000366210938,232.99000549316406,230.1199951171875,230.82000732421875,24383700,0.0,0.0,AMZN,2025-12-31 00:00:00-05:00
231.33999633789062,235.4600067138672,224.6999969482422,226.5,51456200,0.0,0.0,AMZN,2026-01-02 00:00:00-05:00
228.83999633789062,234.0,227.17999267578125,233.05999755859375,49733300,0.0,0.0,AMZN,2026-01-05 00:00:00-05:00
232.10000610351562,243.17999267578125,232.07000732421875,240.92999267578125,53764700,0.0,0.0,AMZN,2026-01-06 00:00:00-05:00
239.61000061035156,245.2899932861328,239.52000427246094,241.55999755859375,42236500,0.0,0.0,AMZN,2026-01-07 00:00:00-05:00
243.05999755859375,246.41000366210938,241.8800048828125,246.2899932861328,39509800,0.0,0.0,AMZN,2026-01-08 00:00:00-05:00
244.57000732421875,247.86000061035156,242.24000549316406,247.3800048828125,34560000,0.0,0.0,AMZN,2026-01-09 00:00:00-05:00
246.72999572753906,248.94000244140625,245.9600067138672,246.47000122070312,35867800,0.0,0.0,AMZN,2026-01-12 00:00:00-05:00
246.52999877929688,247.66000366210938,240.25,242.60000610351562,38371800,0.0,0.0,AMZN,2026-01-13 00:00:00-05:00
241.14999389648438,241.27999877929688,236.22000122070312,236.64999389648438,41410600,0.0,0.0,AMZN,2026-01-14 00:00:00-05:00
239.30999755859375,240.64999389648438,236.6300048828125,238.17999267578125,43003600,0.0,0.0,AMZN,2026-01-15 00:00:00-05:00
239.08999633789062,239.57000732421875,236.41000366210938,239.1199951171875,45888300,0.0,0.0,AMZN,2026-01-16 00:00:00-05:00
233.75999450683594,235.08999633789062,229.33999633789062,231.0,47737900,0.0,0.0,AMZN,2026-01-20 00:00:00-05:00
231.08999633789062,232.3000030517578,226.8800048828125,231.30999755859375,47276100,0.0,0.0,AMZN,2026-01-21 00:00:00-05:00
234.0500030517578,235.72000122070312,230.89999389648438,234.33999633789062,31913300,0.0,0.0,AMZN,2026-01-22 00:00:00-05:00
234.9600067138672,240.4499969482422,234.57000732421875,239.16000366210938,33778500,0.0,0.0,AMZN,2026-01-23 00:00:00-05:00
239.97999572753906,240.9499969482422,237.5399932861328,238.4199981689453,32825500,0.0,0.0,AMZN,2026-01-26 00:00:00-05:00
239.69000244140625,244.8800048828125,238.0800018310547,244.67999267578125,38029200,0.0,0.0,AMZN,2026-01-27 00:00:00-05:00
246.3699951171875,247.77999877929688,241.52999877929688,243.00999450683594,40882700,0.0,0.0,AMZN,2026-01-28 00:00:00-05:00
242.82000732421875,243.0,236.74000549316406,241.72999572753906,47229600,0.0,0.0,AMZN,2026-01-29 00:00:00-05:00
239.88999938964844,243.32000732421875,237.63999938964844,239.3000030517578,46585000,0.0,0.0,AMZN,2026-01-30 00:00:00-05:00
238.30999755859375,245.6300048828125,238.1699981689453,242.9600067138672,37546100,0.0,0.0,AMZN,2026-02-02 00:00:00-05:00
244.97999572753906,246.35000610351562,235.4499969482422,238.6199951171875,53831300,0.0,0.0,AMZN,2026-02-03 00:00:00-05:00
238.86000061035156,238.86000061035156,231.82000732421875,232.99000549316406,51299900,0.0,0.0,AMZN,2026-02-04 00:00:00-05:00
224.91000366210938,226.30999755859375,220.3800048828125,222.69000244140625,103509200,0.0,0.0,AMZN,2026-02-05 00:00:00-05:00
202.6999969482422,211.44000244140625,200.30999755859375,210.32000732421875,179210900,0.0,0.0,AMZN,2026-02-06 00:00:00-05:00
208.97000122070312,212.80999755859375,203.35000610351562,208.72000122070312,91178400,0.0,0.0,AMZN,2026-02-09 00:00:00-05:00
208.8000030517578,212.64999389648438,206.41000366210938,206.9600067138672,67175000,0.0,0.0,AMZN,2026-02-10 00:00:00-05:00
208.05999755859375,208.57000732421875,202.49000549316406,204.0800018310547,65545500,0.0,0.0,AMZN,2026-02-11 00:00:00-05:00
203.9600067138672,203.9600067138672,197.55999755859375,199.60000610351562,83975400,0.0,0.0,AMZN,2026-02-12 00:00:00-05:00
198.8800048828125,201.16000366210938,197.27999877929688,198.7899932861328,66321600,0.0,0.0,AMZN,2026-02-13 00:00:00-05:00
198.1300048828125,201.74000549316406,196.0,201.14999389648438,69879200,0.0,0.0,AMZN,2026-02-17 00:00:00-05:00
202.07000732421875,206.86000061035156,201.50999450683594,204.7899932861328,51003300,0.0,0.0,AMZN,2026-02-18 00:00:00-05:00
203.8000030517578,205.63999938964844,202.80999755859375,204.86000061035156,35669600,0.0,0.0,AMZN,2026-02-19 00:00:00-05:00
204.75999450683594,211.1699981689453,203.75,210.11000061035156,65881600,0.0,0.0,AMZN,2026-02-20 00:00:00-05:00
208.10000610351562,208.42999267578125,203.11000061035156,205.27000427246094,53581500,0.0,0.0,AMZN,2026-02-23 00:00:00-05:00
205.47000122070312,210.36000061035156,203.25,208.55999755859375,41137200,0.0,0.0,AMZN,2026-02-24 00:00:00-05:00
210.4600067138672,211.58999633789062,208.92999267578125,210.63999938964844,41346400,0.0,0.0,AMZN,2026-02-25 00:00:00-05:00
210.72999572753906,211.0500030517578,205.35000610351562,207.9199981689453,47756800,0.0,0.0,AMZN,2026-02-26 00:00:00-05:00
206.8300018310547,210.3300018310547,205.1999969482422,210.0,57422800,0.0,0.0,AMZN,2026-02-27 00:00:00-05:00
204.5500030517578,209.72999572753906,203.4600067138672,208.38999938964844,46001000,0.0,0.0,AMZN,2026-03-02 00:00:00-05:00
203.10000610351562,209.17999267578125,202.47999572753906,208.72999572753906,43184900,0.0,0.0,AMZN,2026-03-03 00:00:00-05:00
210.47000122070312,217.5399932861328,210.14999389648438,216.82000732421875,54731100,0.0,0.0,AMZN,2026-03-04 00:00:00-05:00
215.97999572753906,220.47000122070312,215.58999633789062,218.94000244140625,60943400,0.0,0.0,AMZN,2026-03-05 00:00:00-05:00
214.99000549316406,217.32000732421875,212.52999877929688,213.2100067138672,51152700,0.0,0.0,AMZN,2026-03-06 00:00:00-05:00
210.4499969482422,213.82000732421875,207.11000061035156,213.49000549316406,54642900,0.0,0.0,AMZN,2026-03-09 00:00:00-04:00
214.19000244140625,215.64999389648438,212.42999267578125,214.3300018310547,35678800,0.0,0.0,AMZN,2026-03-10 00:00:00-04:00
215.7100067138672,217.0,211.35000610351562,212.64999389648438,34199300,0.0,0.0,AMZN,2026-03-11 00:00:00-04:00
210.38999938964844,211.7100067138672,208.14999389648438,209.52999877929688,44349500,0.0,0.0,AMZN,2026-03-12 00:00:00-04:00
209.61000061035156,210.55999755859375,206.22000122070312,207.6699981689453,35662100,0.0,0.0,AMZN,2026-03-13 00:00:00-04:00
208.35000610351562,212.72000122070312,207.4499969482422,211.74000549316406,42209300,0.0,0.0,AMZN,2026-03-16 00:00:00-04:00
212.82000732421875,215.6999969482422,212.42999267578125,215.1999969482422,44969900,0.0,0.0,AMZN,2026-03-17 00:00:00-04:00
213.92999267578125,215.13999938964844,208.8300018310547,209.8699951171875,37846600,0.0,0.0,AMZN,2026-03-18 00:00:00-04:00
207.05999755859375,209.1199951171875,206.0500030517578,208.75999450683594,36440600,0.0,0.0,AMZN,2026-03-19 00:00:00-04:00
207.39999389648438,207.5399932861328,204.32000732421875,205.3699951171875,63694600,0.0,0.0,AMZN,2026-03-20 00:00:00-04:00
209.77999877929688,212.8000030517578,209.50999450683594,210.13999938964844,43926097,0.0,0.0,AMZN,2026-03-23 00:00:00-04:00
119.8517551027078,122.19120779583362,119.31188140429414,121.38140106201172,228452500,0.0,0.0,NVDA,2025-03-24 00:00:00-04:00
120.5216012824151,121.26142480153007,118.89198043130345,120.66156768798828,167447200,0.0,0.0,NVDA,2025-03-25 00:00:00-04:00
118.70203035263671,118.81199741904777,112.68344440410922,113.73320007324219,293463300,0.0,0.0,NVDA,2025-03-26 00:00:00-04:00
111.32377219977147,114.42304053099558,110.6339399022949,111.40375518798828,236902100,0.0,0.0,NVDA,2025-03-27 00:00:00-04:00
111.46373602695421,112.84341584506377,109.04430789656145,109.6441650390625,229872500,0.0,0.0,NVDA,2025-03-28 00:00:00-04:00
105.10522740758995,110.9338556226425,103.6255803841977,108.35446166992188,299212700,0.0,0.0,NVDA,2025-03-31 00:00:00-04:00
108.49443304563391,110.17403760023085,106.4449205320371,110.12405395507812,222614000,0.0,0.0,NVDA,2025-04-01 00:00:00-04:00
107.26472214391917,111.95361956622256,106.76483994973236,110.39398193359375,220601200,0.0,0.0,NVDA,2025-04-02 00:00:00-04:00
103.48562015563714,105.60511590388697,101.57606639857329,101.7760238647461,338769400,0.0,0.0,NVDA,2025-04-03 00:00:00-04:00
98.88670323249266,100.10640942744341,92.08830207120735,94.28778076171875,532273800,0.0,0.0,NVDA,2025-04-04 00:00:00-04:00
87.43939472630683,101.72602911656392,86.59959627985899,97.61699676513672,611041300,0.0,0.0,NVDA,2025-04-07 00:00:00-04:00
103.78553826456235,105.82505852328022,94.43774279946976,96.27731323242188,476243400,0.0,0.0,NVDA,2025-04-08 00:00:00-04:00
98.86669810018236,115.07287764897656,97.5070179445592,114.30306243896484,612918300,0.0,0.0,NVDA,2025-04-09 00:00:00-04:00
109.34423379452805,110.83388059600858,99.12664053501021,107.5446548461914,437812400,0.0,0.0,NVDA,2025-04-10 00:00:00-04:00
108.47443427245335,111.52371865557488,107.45467796999777,110.90386199951172,313417300,0.0,0.0,NVDA,2025-04-11 00:00:00-04:00
114.08311462021162,114.2630725146749,109.04430120283689,110.68391418457031,264705000,0.0,0.0,NVDA,2025-04-14 00:00:00-04:00
110.94385517244878,113.5932323217664,110.47396469045397,112.1735610961914,228966900,0.0,0.0,NVDA,2025-04-15 00:00:00-04:00
104.52537649088836,106.76484672728219,100.4263361362673,104.46538543701172,397016900,0.0,0.0,NVDA,2025-04-16 00:00:00-04:00
104.4253812132841,104.44538077133734,100.02642426353728,101.46607971191406,292517500,0.0,0.0,NVDA,2025-04-17 00:00:00-04:00
98.74673137333838,99.41657935183265,95.01761424618036,96.88717651367188,288501100,0.0,0.0,NVDA,2025-04-21 00:00:00-04:00
98.75672452641882,99.78648062043173,97.2570779520085,98.86669921875,241004800,0.0,0.0,NVDA,2025-04-22 00:00:00-04:00
104.4953697335839,104.77531016741209,101.99595878138034,102.68579864501953,247526000,0.0,0.0,NVDA,2025-04-23 00:00:00-04:00
103.45562063709751,106.51489717654988,103.08570507328525,106.40492248535156,220815000,0.0,0.0,NVDA,2025-04-24 00:00:00-04:00
106.82483233532861,111.8936379045766,105.70510100806126,110.98385620117188,251064700,0.0,0.0,NVDA,2025-04-25 00:00:00-04:00
109.66416443154382,110.34400455936343,105.9950231207954,108.70439147949219,207708500,0.0,0.0,NVDA,2025-04-28 00:00:00-04:00
107.64462809509338,110.1740307356611,107.41468656100368,108.99430847167969,170444300,0.0,0.0,NVDA,2025-04-29 00:00:00-04:00
104.44538450923935,108.89433288574219,104.05547701680861,108.89433288574219,235044600,0.0,0.0,NVDA,2025-04-30 00:00:00-04:00
113.05335693358144,114.91291927434723,111.27377757314032,111.58370208740234,236121500,0.0,0.0,NVDA,2025-05-01 00:00:00-04:00
114.15310576985596,115.37281962529518,113.34329900218786,114.47303009033203,190194800,0.0,0.0,NVDA,2025-05-02 00:00:00-04:00
112.88340074602954,114.64298057759626,112.63345964895049,113.79318237304688,133163200,0.0,0.0,NVDA,2025-05-05 00:00:00-04:00
111.4537475013017,114.7129742117387,110.7938992837595,113.51325988769531,158525600,0.0,0.0,NVDA,2025-05-06 00:00:00-04:00
113.02337494499027,117.65228163619798,112.25355204144066,117.03242492675781,206758800,0.0,0.0,NVDA,2025-05-07 00:00:00-04:00
118.22215145930612,118.65205049698933,115.82271514729747,117.34236145019531,198428100,0.0,0.0,NVDA,2025-05-08 00:00:00-04:00
117.32235248570746,118.20215005190205,115.18285724943865,116.62252044677734,132972200,0.0,0.0,NVDA,2025-05-09 00:00:00-04:00
121.94126742822685,122.97102355957031,120.25166311897564,122.97102355957031,225023300,0.0,0.0,NVDA,2025-05-12 00:00:00-04:00
124.95056035306071,131.18908818741485,124.44067836400953,129.89938354492188,330430100,0.0,0.0,NVDA,2025-05-13 00:00:00-04:00
133.16861033831793,135.40808800730593,131.6489642323906,135.30810546875,281180800,0.0,0.0,NVDA,2025-05-14 00:00:00-04:00
134.258351724734,136.2678878895653,132.6287461607251,134.79823303222656,226632600,0.0,0.0,NVDA,2025-05-15 00:00:00-04:00
136.18791721457987,136.31789147723805,133.42857277146337,135.36810302734375,226542500,0.0,0.0,NVDA,2025-05-16 00:00:00-04:00
132.35879696756518,135.83797251007488,132.35879696756518,135.53805541992188,193154600,0.0,0.0,NVDA,2025-05-19 00:00:00-04:00
134.2583677555072,134.5483080029045,132.58876287408052,134.34835815429688,161514200,0.0,0.0,NVDA,2025-05-20 00:00:00-04:00
133.02864907239967,137.36762292180558,130.55922977564506,131.76895141601562,270608700,0.0,0.0,NVDA,2025-05-21 00:00:00-04:00
132.19884131725317,134.21836966107523,131.51900885300861,132.7987060546875,187344000,0.0,0.0,NVDA,2025-05-22 00:00:00-04:00
129.96937433382988,132.64873565144939,129.12957588399638,131.25906372070312,198821300,0.0,0.0,NVDA,2025-05-23 00:00:00-04:00
134.1183754403962,135.6280293045703,133.27857708527512,135.4680633544922,192953600,0.0,0.0,NVDA,2025-05-27 00:00:00-04:00
135.9979578766118,137.2176717346689,134.75824445795843,134.7782440185547,304021100,0.0,0.0,NVDA,2025-05-28 00:00:00-04:00
142.21648797143945,143.45620133736625,137.87751407348716,139.15721130371094,369241900,0.0,0.0,NVDA,2025-05-29 00:00:00-04:00
138.6873257641086,139.58710766728817,132.88868890141003,135.09817504882812,333170900,0.0,0.0,NVDA,2025-05-30 00:00:00-04:00
135.45808684638126,138.08745689917103,135.36809645457458,137.34764099121094,197663100,0.0,0.0,NVDA,2025-06-02 00:00:00-04:00
138.74729436292043,141.9665367692297,137.91748812723765,141.1867218017578,225578800,0.0,0.0,NVDA,2025-06-03 00:00:00-04:00
142.15650682982962,142.3564566649135,139.5071219355859,141.88656616210938,167120800,0.0,0.0,NVDA,2025-06-04 00:00:00-04:00
142.13651043477643,143.96608121416313,138.79730082341692,139.95703125,231397900,0.0,0.0,NVDA,2025-06-05 00:00:00-04:00
142.47640682683559,143.23623746842864,141.47664251332282,141.6865997314453,153986200,0.0,0.0,NVDA,2025-06-06 00:00:00-04:00
143.15627066728982,144.96584183837217,141.9065651342004,142.59640502929688,185114500,0.0,0.0,NVDA,2025-06-09 00:00:00-04:00
142.65638139553192,144.25599524562207,141.4966510569608,143.92608642578125,155881900,0.0,0.0,NVDA,2025-06-10 00:00:00-04:00
144.5859620448177,144.96590375929992,141.84641202362192,142.80625915527344,167694000,0.01,0.0,NVDA,2025-06-11 00:00:00-04:00
141.94641106631286,144.9759063720703,141.82643588786814,144.9759063720703,162365000,0.0,0.0,NVDA,2025-06-12 00:00:00-04:00
142.4563055840922,143.556128789635,140.8265869783813,141.94639587402344,180820600,0.0,0.0,NVDA,2025-06-13 00:00:00-04:00
143.32618096280035,146.1556971839991,143.1761967394354,144.66595458984375,183133700,0.0,0.0,NVDA,2025-06-16 00:00:00-04:00
144.46598768948277,145.1958620737219,143.75609899624828,144.09603881835938,139108000,0.0,0.0,NVDA,2025-06-17 00:00:00-04:00
143.9860537050978,145.62578045463974,143.0962022725339,145.455810546875,161494100,0.0,0.0,NVDA,2025-06-18 00:00:00-04:00
145.42582047781178,146.17569581398777,142.6262828381709,143.8260955810547,242956200,0.0,0.0,NVDA,2025-06-20 00:00:00-04:00
142.47632119978937,144.7559411184857,142.00639807778802,144.1460418701172,154308900,0.0,0.0,NVDA,2025-06-23 00:00:00-04:00
145.53580457152245,147.9354148301798,145.4758169849003,147.8754119873047,187566100,0.0,0.0,NVDA,2025-06-24 00:00:00-04:00
149.24520677628502,154.4243389252029,149.23519867353343,154.28436279296875,269146500,0.0,0.0,NVDA,2025-06-25 00:00:00-04:00
155.95406403411533,156.69394650127538,153.97439748110884,154.99423217773438,198145700,0.0,0.0,NVDA,2025-06-26 00:00:00-04:00
156.01406285223712,158.68363258213975,155.23419369167684,157.72378540039062,263234500,0.0,0.0,NVDA,2025-06-27 00:00:00-04:00
158.37368067249696,158.6336472456001,155.93409881773164,157.96376037597656,194580300,0.0,0.0,NVDA,2025-06-30 00:00:00-04:00
156.26402965591922,157.17388214393176,151.46483925954294,153.2745361328125,213143600,0.0,0.0,NVDA,2025-07-01 00:00:00-04:00
152.9545671877056,157.57380961936815,152.94457434216997,157.22386169433594,171224100,0.0,0.0,NVDA,2025-07-02 00:00:00-04:00
158.34368228178877,160.95324924613055,157.74379112425564,159.3135223388672,143716100,0.0,0.0,NVDA,2025-07-03 00:00:00-04:00
158.17371270193448,159.28352889047815,157.31385497697042,158.21371459960938,140139000,0.0,0.0,NVDA,2025-07-07 00:00:00-04:00
159.3035323273478,160.19338386133896,158.36368604860908,159.97341918945312,138133000,0.0,0.0,NVDA,2025-07-08 00:00:00-04:00
161.1932080055649,164.39267314506114,161.13322041798892,162.85293579101562,183656400,0.0,0.0,NVDA,2025-07-09 00:00:00-04:00
164.29270331195812,164.4726660794993,161.5831469026993,164.07273864746094,167704100,0.0,0.0,NVDA,2025-07-10 00:00:00-04:00
163.6927958392512,167.862101078866,163.44283738179527,164.89259338378906,193633300,0.0,0.0,NVDA,2025-07-11 00:00:00-04:00
165.3425116109199,165.4625020418882,161.99307751467913,164.04273986816406,136975800,0.0,0.0,NVDA,2025-07-14 00:00:00-04:00
171.1615549258278,172.37134531045626,169.17188012202328,170.671630859375,230627400,0.0,0.0,NVDA,2025-07-15 00:00:00-04:00
171.03157616389174,171.72146396229547,168.87193138356372,171.34152221679688,158831500,0.0,0.0,NVDA,2025-07-16 00:00:00-04:00
171.99141956059896,174.13106334471073,170.80161486292053,172.97125244140625,160841100,0.0,0.0,NVDA,2025-07-17 00:00:00-04:00
173.61115431570738,174.22105359276725,171.23154479926822,172.38136291503906,146456400,0.0,0.0,NVDA,2025-07-18 00:00:00-04:00
172.72129949000853,173.35119970444802,170.97159023323564,171.35153198242188,123126100,0.0,0.0,NVDA,2025-07-21 00:00:00-04:00
171.31154005146294,171.36153479867312,164.55266825003173,167.00225830078125,193114300,0.0,0.0,NVDA,2025-07-22 00:00:00-04:00
169.5018251648929,171.23153339032083,167.94208685699226,170.75161743164062,154082200,0.0,0.0,NVDA,2025-07-23 00:00:00-04:00
172.41134882841166,173.80111724784433,171.27153886755505,173.7111358642578,128984600,0.0,0.0,NVDA,2025-07-24 00:00:00-04:00
173.58115848322245,174.69097468726906,172.9312725713388,173.47117614746094,122316800,0.0,0.0,NVDA,2025-07-25 00:00:00-04:00
173.99108478739527,176.97058528484683,173.94109004538618,176.7206268310547,140023500,0.0,0.0,NVDA,2025-07-28 00:00:00-04:00
177.93045559033015,179.350217961682,174.99094135061006,175.48085021972656,154077500,0.0,0.0,NVDA,2025-07-29 00:00:00-04:00
176.48066791766442,179.86011122312902,176.01074478620916,179.24021911621094,174312200,0.0,0.0,NVDA,2025-07-30 00:00:00-04:00
182.86960179799485,183.26954448460754,175.9007587673991,177.84043884277344,221685400,0.0,0.0,NVDA,2025-07-31 00:00:00-04:00
174.06106522140865,176.51065501732398,170.86160006411595,173.69113159179688,204529000,0.0,0.0,NVDA,2025-08-01 00:00:00-04:00
175.1309006070304,180.17005649193501,174.49100755408614,179.9700927734375,148174600,0.0,0.0,NVDA,2025-08-04 00:00:00-04:00
179.59015184800575,180.23004490386853,175.87076869322405,178.23037719726562,156407600,0.0,0.0,NVDA,2025-08-05 00:00:00-04:00
176.30069964693718,179.87009845787975,176.22071111043454,179.3901824951172,137192300,0.0,0.0,NVDA,2025-08-06 00:00:00-04:00
181.53982980547644,183.84944343505214,178.77028591662776,180.73995971679688,151878400,0.0,0.0,NVDA,2025-08-07 00:00:00-04:00
181.51982919208731,183.26953833968557,180.3700111699138,182.6696319580078,123396700,0.0,0.0,NVDA,2025-08-08 00:00:00-04:00
182.01974653412333,183.80944232526838,180.2200426409657,182.0297393798828,138323200,0.0,0.0,NVDA,2025-08-11 00:00:00-04:00
182.9295986692803,184.44933506001817,179.4301803710301,183.1295623779297,145485700,0.0,0.0,NVDA,2025-08-12 00:00:00-04:00
182.5896420373941,183.93942375779682,179.3201965252013,181.559814453125,179871700,0.0,0.0,NVDA,2025-08-13 00:00:00-04:00
179.72011917648817,182.98957985829236,179.43017409752198,181.98974609375,129554000,0.0,0.0,NVDA,2025-08-14 00:00:00-04:00
181.84978375259033,181.86976944489334,178.01041021115256,180.42001342773438,156602200,0.0,0.0,NVDA,2025-08-15 00:00:00-04:00
180.56998232776263,182.90958965389834,180.55997422620712,181.979736328125,132008000,0.0,0.0,NVDA,2025-08-18 00:00:00-04:00
182.39967416584764,182.46966985536903,175.46084035755914,175.61080932617188,185229200,0.0,0.0,NVDA,2025-08-19 00:00:00-04:00
175.1408920976954,175.9707560164781,168.77195541250927,175.370849609375,215142700,0.0,0.0,NVDA,2025-08-20 00:00:00-04:00
174.8209444570093,176.87059152353538,173.78110877087863,174.95091247558594,140040900,0.0,0.0,NVDA,2025-08-21 00:00:00-04:00
172.58132291943235,178.56032512128596,171.17155351749952,177.96043395996094,172789400,0.0,0.0,NVDA,2025-08-22 00:00:00-04:00
178.3203719824875,181.87977802218637,176.54066896263805,179.78012084960938,163012800,0.0,0.0,NVDA,2025-08-25 00:00:00-04:00
180.03006938032237,182.35968393651802,178.7802771456414,181.7397918701172,168688200,0.0,0.0,NVDA,2025-08-26 00:00:00-04:00
181.94975068857377,182.45967569067753,179.07023971825097,181.56982421875,235518900,0.0,0.0,NVDA,2025-08-27 00:00:00-04:00
180.7899615720414,184.43934897141472,176.3806906932069,180.1400604248047,281787800,0.0,0.0,NVDA,2025-08-28 00:00:00-04:00
178.08040158317536,178.12038822306508,173.12121914292007,174.1510467529297,243257900,0.0,0.0,NVDA,2025-08-29 00:00:00-04:00
169.9717482776903,172.351357635579,167.19221149694363,170.75161743164062,231164900,0.0,0.0,NVDA,2025-09-02 00:00:00-04:00
171.03158891427162,172.38137081666613,168.851958278929,170.59165954589844,164424900,0.0,0.0,NVDA,2025-09-03 00:00:00-04:00
170.54166973363456,171.83144870716828,169.381858788342,171.63148498535156,141670100,0.0,0.0,NVDA,2025-09-04 00:00:00-04:00
168.00209055003162,169.0019244592772,164.04275681292185,166.9922637939453,224441400,0.0,0.0,NVDA,2025-09-05 00:00:00-04:00
167.5221599855096,170.93159698121408,167.32219627229085,168.2820281982422,163769100,0.0,0.0,NVDA,2025-09-08 00:00:00-04:00
169.0618925540675,170.95157781434446,166.71229229208453,170.7316131591797,157548400,0.0,0.0,NVDA,2025-09-09 00:00:00-04:00
176.61064931709572,179.26020289704138,175.44084555219968,177.300537109375,226852000,0.0,0.0,NVDA,2025-09-10 00:00:00-04:00
179.66027757334626,180.26021784214308,176.4606317396978,177.1505584716797,151159300,0.01,0.0,NVDA,2025-09-11 00:00:00-04:00
177.75047851465564,178.5803891806412,176.43061617633268,177.80047607421875,124911000,0.0,0.0,NVDA,2025-09-12 00:00:00-04:00
175.65071055071581,178.830369337568,174.49083425075145,177.73048400878906,147061600,0.0,0.0,NVDA,2025-09-15 00:00:00-04:00
176.98057174387853,177.4805168617991,174.36086420825131,174.86080932617188,140737800,0.0,0.0,NVDA,2025-09-16 00:00:00-04:00
172.62104942275718,173.18098551277336,168.39151800406466,170.27130126953125,211843800,0.0,0.0,NVDA,2025-09-17 00:00:00-04:00
173.96089569350613,177.08056354559588,172.94101865721873,176.2206573486328,191763300,0.0,0.0,NVDA,2025-09-18 00:00:00-04:00
175.7506939671915,178.06043774665943,175.16074718989944,176.6505889892578,237182100,0.0,0.0,NVDA,2025-09-19 00:00:00-04:00
175.28075846993005,184.52974299714734,174.69082690233378,183.58984375,269637000,0.0,0.0,NVDA,2025-09-22 00:00:00-04:00
181.95002022927713,182.3999677661597,176.19065819152993,178.410400390625,192559600,0.0,0.0,NVDA,2025-09-23 00:00:00-04:00
179.75025700209653,179.76025041106172,175.38072666046574,176.9505615234375,143564100,0.0,0.0,NVDA,2025-09-24 00:00:00-04:00
174.4608472798892,180.2402117285651,173.11100459099512,177.67050170898438,191586700,0.0,0.0,NVDA,2025-09-25 00:00:00-04:00
178.15043859744398,179.750269051669,174.91078879333958,178.17044067382812,148573700,0.0,0.0,NVDA,2025-09-26 00:00:00-04:00
180.41019002973698,183.97980553666213,180.30021674934378,181.83004760742188,193063500,0.0,0.0,NVDA,2025-09-29 00:00:00-04:00
182.06000352373024,187.32942897828707,181.4600633204032,186.55950927734375,236981000,0.0,0.0,NVDA,2025-09-30 00:00:00-04:00
185.21967144700423,188.11934700723293,183.87980694521147,187.21945190429688,173844900,0.0,0.0,NVDA,2025-10-01 00:00:00-04:00
189.57919146332628,191.0290292282152,188.03935198339767,188.8692626953125,136805800,0.0,0.0,NVDA,2025-10-02 00:00:00-04:00
189.1692307003317,190.33910041164867,185.35965145286306,187.59939575195312,137596900,0.0,0.0,NVDA,2025-10-03 00:00:00-04:00
185.4796339074747,187.20943969833962,183.3098739831843,185.51962280273438,157678100,0.0,0.0,NVDA,2025-10-06 00:00:00-04:00
186.20955566811082,189.03924688644503,183.97980469837793,185.01968383789062,140088000,0.0,0.0,NVDA,2025-10-07 00:00:00-04:00
186.5495190429729,189.57918508139647,186.51950830089396,189.0892333984375,130168900,0.0,0.0,NVDA,2025-10-08 00:00:00-04:00
192.20888438710807,195.27855455286462,191.039014711271,192.54885864257812,182997200,0.0,0.0,NVDA,2025-10-09 00:00:00-04:00
193.4887469873255,195.59851591827854,182.03001384654092,183.139892578125,268774400,0.0,0.0,NVDA,2025-10-10 00:00:00-04:00
187.9493639887039,190.08912842775598,185.93959015922437,188.29933166503906,153482800,0.0,0.0,NVDA,2025-10-13 00:00:00-04:00
184.74970821605342,184.77970370013514,179.6802578066599,180.01022338867188,205641400,0.0,0.0,NVDA,2025-10-14 00:00:00-04:00
184.77971248532194,184.84969686580231,177.2705272995106,179.8102569580078,214450500,0.0,0.0,NVDA,2025-10-15 00:00:00-04:00
182.20999112544493,183.2598789113643,179.75026972003684,181.7900390625,179723300,0.0,0.0,NVDA,2025-10-16 00:00:00-04:00
180.1602152773484,184.07979842608083,179.7302697995737,183.19989013671875,173135200,0.0,0.0,NVDA,2025-10-17 00:00:00-04:00
183.10990104163824,185.1796658652692,181.7100455780644,182.6199493408203,128544700,0.0,0.0,NVDA,2025-10-20 00:00:00-04:00
182.76991679751694,182.76991679751694,179.7802549646251,181.14010620117188,124240200,0.0,0.0,NVDA,2025-10-21 00:00:00-04:00
181.12011433169937,183.4198648953589,176.74059027394597,180.2602081298828,162249600,0.0,0.0,NVDA,2025-10-22 00:00:00-04:00
180.4001849787377,183.0098989665471,179.7702492811968,182.13999938964844,111363700,0.0,0.0,NVDA,2025-10-23 00:00:00-04:00
183.81980015643103,187.44940625639555,183.47984116964938,186.23953247070312,131296700,0.0,0.0,NVDA,2025-10-24 00:00:00-04:00
189.9691435897376,191.97891738858848,188.4093020699799,191.46897888183594,153452700,0.0,0.0,NVDA,2025-10-27 00:00:00-04:00
193.0288146936141,203.12769700573313,191.8889404255143,201.0079345703125,297986200,0.0,0.0,NVDA,2025-10-28 00:00:00-04:00
207.95717223581016,212.1667169482571,204.7575264516481,207.01727294921875,308829600,0.0,0.0,NVDA,2025-10-29 00:00:00-04:00
205.12746791137428,206.13736677538768,201.38788833732997,202.8677215576172,178864400,0.0,0.0,NVDA,2025-10-30 00:00:00-04:00
206.42733011185774,207.94716749796044,202.04782138155986,202.4677734375,179802200,0.0,0.0,NVDA,2025-10-31 00:00:00-04:00
208.05714970598171,211.31678618801203,205.53742218982754,206.85728454589844,180267300,0.0,0.0,NVDA,2025-11-03 00:00:00-05:00
202.9777066091775,203.9476013046771,197.90825607143535,198.66818237304688,188919300,0.0,0.0,NVDA,2025-11-04 00:00:00-05:00
198.7481902403631,202.89772869539195,194.6286320152979,195.18858337402344,171350300,0.0,0.0,NVDA,2025-11-05 00:00:00-05:00
196.39843756369172,197.59830279082226,186.35954634625867,188.05935668945312,223029800,0.0,0.0,NVDA,2025-11-06 00:00:00-05:00
184.87970536775757,188.29934352754728,178.8903723972709,188.1293487548828,264942300,0.0,0.0,NVDA,2025-11-07 00:00:00-05:00
195.08858253564551,199.91805415635875,193.76872011438098,199.0281524658203,198897100,0.0,0.0,NVDA,2025-11-10 00:00:00-05:00
195.13857433756354,195.3985402959953,191.2789975702345,193.1387939453125,176483300,0.0,0.0,NVDA,2025-11-11 00:00:00-05:00
195.69851973704638,195.86849924763862,191.1090271797132,193.7787322998047,154935300,0.0,0.0,NVDA,2025-11-12 00:00:00-05:00
191.02901978717685,191.4189763426968,183.82981362374773,186.8394775390625,207423100,0.0,0.0,NVDA,2025-11-13 00:00:00-05:00
182.8399289693184,190.98902828114038,180.56018045425046,190.1491241455078,186591900,0.0,0.0,NVDA,2025-11-14 00:00:00-05:00
185.9495778546046,188.9792438771453,184.29976516169708,186.5795135498047,173628900,0.0,0.0,NVDA,2025-11-17 00:00:00-05:00
183.3598703733926,184.7797126313021,179.6302689297591,181.340087890625,213598900,0.0,0.0,NVDA,2025-11-18 00:00:00-05:00
184.76969080502667,187.8393608341106,182.80991469001526,186.49951171875,247246400,0.0,0.0,NVDA,2025-11-19 00:00:00-05:00
195.92847930218133,195.97847686300787,179.83025642841662,180.6201629638672,343504800,0.0,0.0,NVDA,2025-11-20 00:00:00-05:00
181.22010834266524,184.5397359279593,172.91100782704066,178.86036682128906,346926200,0.0,0.0,NVDA,2025-11-21 00:00:00-05:00
179.47030653663683,183.4798609481747,176.4606271183833,182.52996826171875,256618300,0.0,0.0,NVDA,2025-11-24 00:00:00-05:00
174.89079203873564,178.14043506786686,169.53138015579162,177.80047607421875,320600300,0.0,0.0,NVDA,2025-11-25 00:00:00-05:00
181.6100638206842,182.8899220695924,178.22043661727494,180.24020385742188,183852000,0.0,0.0,NVDA,2025-11-26 00:00:00-05:00
178.99033405428943,179.2703020816569,176.48061521713345,176.98056030273438,121332800,0.0,0.0,NVDA,2025-11-28 00:00:00-05:00
174.7408159055669,180.2802164760195,173.66093259662904,179.90025329589844,188131000,0.0,0.0,NVDA,2025-12-01 00:00:00-05:00
181.7400335835938,185.63961443898967,179.98023235974816,181.44007873535156,182632200,0.0,0.0,NVDA,2025-12-02 00:00:00-05:00
181.06012391136443,182.4299686383783,179.09033894604931,179.57028198242188,165138000,0.0,0.0,NVDA,2025-12-03 00:00:00-05:00
181.61017209543593,184.51002440204854,179.95027347354184,183.37008666992188,167364900,0.01,0.0,NVDA,2025-12-04 00:00:00-05:00
183.88004685245298,184.6500094505641,180.9002124089338,182.40013122558594,143971100,0.0,0.0,NVDA,2025-12-05 00:00:00-05:00
182.6301165694494,187.98982714518382,182.39012406320575,185.5399627685547,204378100,0.0,0.0,NVDA,2025-12-08 00:00:00-05:00
185.54995586495326,185.70995086836587,183.31008684903045,184.95999145507812,144719700,0.0,0.0,NVDA,2025-12-09 00:00:00-05:00
184.9599880707457,185.46995496958337,182.03013874897007,183.77005004882812,162785400,0.0,0.0,NVDA,2025-12-10 00:00:00-05:00
180.27023782951787,181.31019006496976,176.61043233199788,180.92019653320312,182136600,0.0,0.0,NVDA,2025-12-11 00:00:00-05:00
181.10019518559332,182.81010931847595,174.61054106596097,175.01052856445312,204274900,0.0,0.0,NVDA,2025-12-12 00:00:00-05:00
177.93037643785232,178.4103461991077,175.02053019793698,176.28045654296875,164775600,0.0,0.0,NVDA,2025-12-15 00:00:00-05:00
176.25046044282257,178.48035080582065,174.8905333961456,177.71038818359375,148588100,0.0,0.0,NVDA,2025-12-16 00:00:00-05:00
176.0904801521757,176.12047730871902,170.30078481189744,170.93075561523438,222775500,0.0,0.0,NVDA,2025-12-17 00:00:00-05:00
174.52054772862792,176.14045512074784,171.8107030234881,174.1305694580078,176096000,0.0,0.0,NVDA,2025-12-18 00:00:00-05:00
176.6604358481607,181.4401759084778,176.3304518785618,180.98020935058594,324925900,0.0,0.0,NVDA,2025-12-19 00:00:00-05:00
183.91003698180788,184.15002947616998,182.34012994783166,183.6800537109375,129064400,0.0,0.0,NVDA,2025-12-22 00:00:00-05:00
182.96010023623109,189.31975669034466,182.89009670029142,189.19976806640625,174873600,0.0,0.0,NVDA,2025-12-23 00:00:00-05:00
187.92983057380172,188.899779295176,186.57989753660073,188.59979248046875,65528500,0.0,0.0,NVDA,2025-12-24 00:00:00-05:00
189.9097162518428,192.67957056140054,187.98982202804387,190.51968383789062,139740300,0.0,0.0,NVDA,2025-12-26 00:00:00-05:00
187.6998414610299,188.749772392931,185.8999358866866,188.20980834960938,120006100,0.0,0.0,NVDA,2025-12-29 00:00:00-05:00
188.22982052336855,188.9797799436452,186.91987858592935,187.52984619140625,97687300,0.0,0.0,NVDA,2025-12-30 00:00:00-05:00
189.55975523635485,190.54969193131708,186.47991997410415,186.4899139404297,120100500,0.0,0.0,NVDA,2025-12-31 00:00:00-05:00
189.82971935613102,192.91954841717475,188.24980305842183,188.83978271484375,148240500,0.0,0.0,NVDA,2026-01-02 00:00:00-05:00
191.74961996436147,193.61952916959007,186.13992286460274,188.1098175048828,183529700,0.0,0.0,NVDA,2026-01-05 00:00:00-05:00
190.50969495089785,192.15959956375178,186.80989821500853,187.22987365722656,176862600,0.0,0.0,NVDA,2026-01-06 00:00:00-05:00
188.55979791265688,191.35963411085106,186.54989697142676,189.09976196289062,153543200,0.0,0.0,NVDA,2026-01-07 00:00:00-05:00
189.09977067708235,189.53974931649188,183.70006889406122,185.0299835205078,172457000,0.0,0.0,NVDA,2026-01-08 00:00:00-05:00
185.06998015284367,186.32990643372668,183.66005283935564,184.84999084472656,131327500,0.0,0.0,NVDA,2026-01-09 00:00:00-05:00
183.2100845491025,187.10986736077922,183.010098425574,184.92999267578125,137968500,0.0,0.0,NVDA,2026-01-12 00:00:00-05:00
184.9899882929175,188.0998205983224,183.3900687774691,185.79994201660156,160128900,0.0,0.0,NVDA,2026-01-13 00:00:00-05:00
184.3100252062831,184.45001701406107,180.79021156477043,183.1300811767578,159586100,0.0,0.0,NVDA,2026-01-14 00:00:00-05:00
186.48991316970114,189.6897370464893,186.31992419508657,187.03988647460938,206188600,0.0,0.0,NVDA,2026-01-15 00:00:00-05:00
189.06976141755646,190.4296883714215,186.06992389502736,186.21990966796875,187967200,0.0,0.0,NVDA,2026-01-16 00:00:00-05:00
181.89014292514364,182.37012791600927,177.60038196777572,178.06036376953125,223345300,0.0,0.0,NVDA,2026-01-20 00:00:00-05:00
179.04031586008543,185.3699752173061,178.3903418724365,183.31008911132812,200381000,0.0,0.0,NVDA,2026-01-21 00:00:00-05:00
184.7399951080077,186.15991637882954,183.92003219020145,184.82998657226562,139636600,0.0,0.0,NVDA,2026-01-22 00:00:00-05:00
187.48984685190618,189.58973923983262,186.80989099781206,187.6598358154297,142748100,0.0,0.0,NVDA,2026-01-23 00:00:00-05:00
187.1498802806874,189.1097657209082,185.97994539629804,186.4599151611328,124799600,0.0,0.0,NVDA,2026-01-26 00:00:00-05:00
187.22986667366473,189.9897117301412,185.6899415183402,188.50979614257812,143711600,0.0,0.0,NVDA,2026-01-27 00:00:00-05:00
191.25965707901594,192.33960048487265,189.82972650403363,191.5096435546875,148552700,0.0,0.0,NVDA,2026-01-28 00:00:00-05:00
191.32963792417547,193.46952146246272,186.04992498376654,192.49957275390625,171764400,0.0,0.0,NVDA,2026-01-29 00:00:00-05:00
191.19965692455457,194.47947816452233,189.45974561417185,191.11965942382812,179489500,0.0,0.0,NVDA,2026-01-30 00:00:00-05:00
187.1898706566695,190.2897090701948,184.87000408758857,185.59996032714844,165794100,0.0,0.0,NVDA,2026-02-02 00:00:00-05:00
186.22992037566058,186.25991753048794,176.22045266395375,180.33023071289062,204019600,0.0,0.0,NVDA,2026-02-03 00:00:00-05:00
179.45029148582987,179.57028010697434,171.90069716024271,174.18057250976562,207014100,0.0,0.0,NVDA,2026-02-04 00:00:00-05:00
174.92051964769362,176.81043194569037,171.020736948564,171.87069702148438,206312900,0.0,0.0,NVDA,2026-02-05 00:00:00-05:00
176.6804343618602,186.98987361565233,174.59055120100808,185.39996337890625,231346200,0.0,0.0,NVDA,2026-02-06 00:00:00-05:00
184.25002288009932,193.64952333361757,183.9400420976916,190.0297088623047,196387400,0.0,0.0,NVDA,2026-02-09 00:00:00-05:00
191.36964298604585,192.46957427391544,188.10980972728564,188.52978515625,136764800,0.0,0.0,NVDA,2026-02-10 00:00:00-05:00
192.43958265041238,193.24953637655122,188.75978911487715,190.0397186279297,144192700,0.0,0.0,NVDA,2026-02-11 00:00:00-05:00
193.01955263160718,193.5995230748733,186.49990120030046,186.9298858642578,189932500,0.0,0.0,NVDA,2026-02-12 00:00:00-05:00
187.4698554447334,187.4898586352177,181.58017462912434,182.80010986328125,161888000,0.0,0.0,NVDA,2026-02-13 00:00:00-05:00
181.74016448672575,187.13986615921206,179.17029624003743,184.95999145507812,162276900,0.0,0.0,NVDA,2026-02-17 00:00:00-05:00
188.73978069812654,190.3596881055438,186.7498829478333,187.96981811523438,164749100,0.0,0.0,NVDA,2026-02-18 00:00:00-05:00
187.04988063530703,188.41980165789556,185.64996245587088,187.88983154296875,126554500,0.0,0.0,NVDA,2026-02-19 00:00:00-05:00
186.5599139825128,190.31970507557438,185.92994318264132,189.8097381591797,178422300,0.0,0.0,NVDA,2026-02-20 00:00:00-05:00
191.3896412925324,193.93950641757905,189.56974766836524,191.53964233398438,171584800,0.0,0.0,NVDA,2026-02-23 00:00:00-05:00
191.47964208446245,193.75951747058733,187.38985183856119,192.83956909179688,175123600,0.0,0.0,NVDA,2026-02-24 00:00:00-05:00
194.43946745531196,197.61930319203404,193.77949953248776,195.54940795898438,250637100,0.0,0.0,NVDA,2026-02-25 00:00:00-05:00
194.25948668244985,194.27947461393586,184.31002841741252,184.87998962402344,360807900,0.0,0.0,NVDA,2026-02-26 00:00:00-05:00
181.2401979138715,182.5801217841234,176.3704661683341,177.180419921875,311636500,0.0,0.0,NVDA,2026-02-27 00:00:00-05:00
175.00052620838028,183.45008125730604,174.63055110847353,182.47012329101562,209095300,0.0,0.0,NVDA,2026-03-02 00:00:00-05:00
178.4803396065267,180.8901975001603,176.91041730394699,180.04025268554688,178099400,0.0,0.0,NVDA,2026-03-03 00:00:00-05:00
180.4302401537762,184.69000418349444,180.0502558302461,183.03009033203125,177731200,0.0,0.0,NVDA,2026-03-04 00:00:00-05:00
181.1601973472636,184.05004039552568,177.87038204113773,183.330078125,198779700,0.0,0.0,NVDA,2026-03-05 00:00:00-05:00
179.83025866705609,182.7500987288974,176.81043317462274,177.8103790283203,189021900,0.0,0.0,NVDA,2026-03-06 00:00:00-05:00
176.82042919903367,182.90010189125664,175.55049367782217,182.64010620117188,177213600,0.0,0.0,NVDA,2026-03-09 00:00:00-04:00
182.39012758732315,186.42991760168223,182.00014929336922,184.760009765625,179118500,0.0,0.0,NVDA,2026-03-10 00:00:00-04:00
185.91000366210938,187.6199951171875,184.4499969482422,186.02999877929688,145280400,0.01,0.0,NVDA,2026-03-11 00:00:00-04:00
184.0500030517578,184.94000244140625,181.75,183.13999938964844,155762700,0.0,0.0,NVDA,2026-03-12 00:00:00-04:00
184.9199981689453,186.08999633789062,179.94000244140625,180.25,160988400,0.0,0.0,NVDA,2026-03-13 00:00:00-04:00
182.97000122070312,188.8800048828125,181.41000366210938,183.22000122070312,217307400,0.0,0.0,NVDA,2026-03-16 00:00:00-04:00
185.05999755859375,185.39999389648438,181.67999267578125,181.92999267578125,182497800,0.0,0.0,NVDA,2026-03-17 00:00:00-04:00
182.47999572753906,183.3800048828125,180.3300018310547,180.39999389648438,156683100,0.0,0.0,NVDA,2026-03-18 00:00:00-04:00
178.00999450683594,179.97999572753906,175.7899932861328,178.55999755859375,170968500,0.0,0.0,NVDA,2026-03-19 00:00:00-04:00
178.0,178.25999450683594,171.72000122070312,172.6999969482422,241323500,0.0,0.0,NVDA,2026-03-20 00:00:00-04:00
177.25,178.3699951171875,174.75999450683594,175.63999938964844,176073078,0.0,0.0,NVDA,2026-03-23 00:00:00-04:00
613.0573552722462,620.6038191496141,610.2960116120224,616.92529296875,15741300,0.0,0.0,META,2025-03-24 00:00:00-04:00
624.81079529283,631.9086473292332,619.2481319746062,624.3621826171875,15312500,0.0,0.0,META,2025-03-25 00:00:00-04:00
622.9465455616044,624.8007461767364,604.7233689444203,609.0797729492188,12609800,0.0,0.0,META,2025-03-26 00:00:00-04:00
600.1277194388429,612.3396207064936,598.2336042918504,600.7059326171875,10436500,0.0,0.0,META,2025-03-27 00:00:00-04:00
598.4429285077966,599.8784522898396,572.1349914189543,574.9462280273438,17602800,0.0,0.0,META,2025-03-28 00:00:00-04:00
561.7475141060938,576.9002542510486,551.5792239532071,574.5675048828125,21124700,0.0,0.0,META,2025-03-31 00:00:00-04:00
569.0646658937729,588.0753030303752,568.2272515931634,584.177490234375,12836600,0.0,0.0,META,2025-04-01 00:00:00-04:00
573.1219856405797,590.8167826006645,571.5768183567942,582.1139526367188,13470800,0.0,0.0,META,2025-04-02 00:00:00-04:00
544.5211822460076,550.8414911032017,528.6507117752637,529.9666137695312,34777500,0.0,0.0,META,2025-04-03 00:00:00-04:00
505.04435388504976,516.3889657610956,492.66299842221946,503.1602478027344,38589800,0.0,0.0,META,2025-04-04 00:00:00-04:00
483.591294981514,537.6924987241373,480.40123514295635,514.6444091796875,36606100,0.0,0.0,META,2025-04-07 00:00:00-04:00
541.5604660254379,545.7274587202911,501.29606629091035,508.86248779296875,28034200,0.0,0.0,META,2025-04-08 00:00:00-04:00
507.68613102008703,586.06164400195,500.54839536763654,583.9482421875,39216600,0.0,0.0,META,2025-04-09 00:00:00-04:00
573.7002029040485,579.4921312343394,533.6351923102783,544.5910034179688,28173500,0.0,0.0,META,2025-04-10 00:00:00-04:00
533.8445854574395,545.6976224228102,526.9461235413648,541.8795166015625,17642300,0.0,0.0,META,2025-04-11 00:00:00-04:00
554.4402405149555,556.0353008675298,526.6370273527008,529.8270263671875,14130900,0.0,0.0,META,2025-04-14 00:00:00-04:00
530.4551018896253,536.2669873917704,515.8905541802854,519.8980712890625,15558700,0.0,0.0,META,2025-04-15 00:00:00-04:00
506.92853277097964,511.7734034642656,494.08858497853294,500.747802734375,18735100,0.0,0.0,META,2025-04-16 00:00:00-04:00
503.67864377215466,505.72225598652767,496.4611703190648,499.9203796386719,14593500,0.0,0.0,META,2025-04-17 00:00:00-04:00
489.8019182716785,491.9651828161341,478.3077785405203,483.1526794433594,16166000,0.0,0.0,META,2025-04-21 00:00:00-04:00
490.34027265884373,505.3036010873951,484.847399099468,498.72412109375,17399400,0.0,0.0,META,2025-04-22 00:00:00-04:00
526.8862986388891,533.6751170758674,514.9136400551463,518.6519775390625,18173900,0.0,0.0,META,2025-04-23 00:00:00-04:00
517.1166859465856,532.2395497601927,515.8905308220942,531.4918823242188,13910000,0.0,0.0,META,2025-04-24 00:00:00-04:00
545.09942323875,548.1499041120835,534.5822462279478,545.5679931640625,17098900,0.0,0.0,META,2025-04-25 00:00:00-04:00
553.9119485027396,556.7530605327843,538.9087668679174,548.0302734375,15179000,0.0,0.0,META,2025-04-28 00:00:00-04:00
544.3018840382675,554.8390175563454,542.4277261633298,552.7156372070312,11835000,0.0,0.0,META,2025-04-29 00:00:00-04:00
536.7255930212515,547.392267199569,527.8532478040685,547.2926025390625,29244000,0.0,0.0,META,2025-04-30 00:00:00-04:00
590.238618351305,591.1059077397648,568.7257162038675,570.430419921875,31159000,0.0,0.0,META,2025-05-01 00:00:00-04:00
581.6454434907807,602.460510920923,576.5313930797772,595.1632690429688,24739300,0.0,0.0,META,2025-05-02 00:00:00-04:00
589.3812373579714,601.3339987723356,586.2211133050413,597.40625,13887700,0.0,0.0,META,2025-05-05 00:00:00-04:00
590.6872568767368,594.1763718529379,584.7557492481277,585.4834594726562,10600700,0.0,0.0,META,2025-05-06 00:00:00-04:00
588.5239054125428,601.2043765510581,584.8453792561588,594.953857421875,13139100,0.0,0.0,META,2025-05-07 00:00:00-04:00
604.4044252029665,609.3988539126512,594.7645157959997,596.1502075195312,14622800,0.0,0.0,META,2025-05-08 00:00:00-04:00
601.8424561465808,605.0823489402519,589.8698572714408,590.6473999023438,10427300,0.0,0.0,META,2025-05-09 00:00:00-04:00
628.9577416253547,638.3983203620691,619.0985470240091,637.4412841796875,21965100,0.0,0.0,META,2025-05-12 00:00:00-04:00
643.5323193603671,658.8644917290795,640.8307865245315,653.98974609375,18570800,0.0,0.0,META,2025-05-13 00:00:00-04:00
659.1536090398383,660.6090293889421,652.2750442210183,657.309326171875,12348200,0.0,0.0,META,2025-05-14 00:00:00-04:00
652.2451822041022,655.2657270968772,636.5939979037247,641.8775024414062,14341800,0.0,0.0,META,2025-05-15 00:00:00-04:00
635.9759078924747,638.448175394899,624.2026405076157,638.3485107421875,18519000,0.0,0.0,META,2025-05-16 00:00:00-04:00
626.2961199602966,641.0002469311114,625.8475073073743,638.438232421875,9592400,0.0,0.0,META,2025-05-19 00:00:00-04:00
634.0320152877193,637.3615937967512,630.2936778074568,635.1185913085938,6743500,0.0,0.0,META,2025-05-20 00:00:00-04:00
629.8251366516639,644.5990543502297,628.2101796540182,633.5236206054688,11464600,0.0,0.0,META,2025-05-21 00:00:00-04:00
632.078027946325,641.2494271811771,628.7484497588706,634.5902099609375,8228400,0.0,0.0,META,2025-05-22 00:00:00-04:00
622.0593214688579,630.4830536161486,620.7135443903518,625.1098022460938,8454100,0.0,0.0,META,2025-05-23 00:00:00-04:00
633.4337833907804,641.0799727179783,630.7820830337338,640.3223266601562,9508400,0.0,0.0,META,2025-05-27 00:00:00-04:00
640.6014366817531,648.8557144048555,640.5516043549418,641.5784301757812,9042900,0.0,0.0,META,2025-05-28 00:00:00-04:00
649.6233331448041,651.2881222551338,637.5110964196524,643.0438232421875,8858800,0.0,0.0,META,2025-05-29 00:00:00-04:00
640.501786260345,647.3902689717587,630.8120452521741,645.4762573242188,16241000,0.0,0.0,META,2025-05-30 00:00:00-04:00
642.3859148545713,671.166122188044,642.256314296396,668.8134765625,15766300,0.0,0.0,META,2025-06-02 00:00:00-04:00
669.3617309927172,673.4788911194719,662.9617149147357,664.7760009765625,11585000,0.0,0.0,META,2025-06-03 00:00:00-04:00
667.238360939457,686.857147039673,666.4906935079915,685.8104248046875,14031900,0.0,0.0,META,2025-06-04 00:00:00-04:00
689.5088052796527,692.2203773049333,680.1280985848566,682.49072265625,13083100,0.0,0.0,META,2025-06-05 00:00:00-04:00
694.0048506531133,700.6242144400436,689.7182360915449,695.5401000976562,11728000,0.0,0.0,META,2025-06-06 00:00:00-04:00
696.2877682898165,702.9968181048444,691.7818062976731,691.9014282226562,12773200,0.0,0.0,META,2025-06-09 00:00:00-04:00
699.1687320280228,701.0428899746662,689.4092014623567,700.2155151367188,10850100,0.0,0.0,META,2025-06-10 00:00:00-04:00
701.5213833723484,706.6653082639799,689.8378026054309,691.9811401367188,9582500,0.0,0.0,META,2025-06-11 00:00:00-04:00
691.1438023170118,693.2173504861605,684.8634076906623,691.20361328125,7322700,0.0,0.0,META,2025-06-12 00:00:00-04:00
685.810495147385,692.4099021517203,678.8920760381308,680.7462768554688,9274400,0.0,0.0,META,2025-06-13 00:00:00-04:00
697.6914734952734,705.4931583928874,691.8851025594383,700.4749145507812,13720300,0.525,0.0,META,2025-06-16 00:00:00-04:00
700.3551564610796,704.3158251974513,694.4290719322615,695.5963134765625,10066100,0.0,0.0,META,2025-06-17 00:00:00-04:00
696.5441581244662,699.9462025997926,693.2718748228809,694.1398315429688,10068300,0.0,0.0,META,2025-06-18 00:00:00-04:00
699.10807093925,700.1755711266569,677.0797895921414,680.7511596679688,22538600,0.0,0.0,META,2025-06-20 00:00:00-04:00
682.0881149489193,697.4121118139869,677.1596869463602,696.8933715820312,11080100,0.0,0.0,META,2025-06-23 00:00:00-04:00
703.2385013793354,711.5190428194142,700.4649855174316,710.5313720703125,13823200,0.0,0.0,META,2025-06-24 00:00:00-04:00
711.6486741856498,714.9010456370576,703.7272754411318,707.01953125,9320400,0.0,0.0,META,2025-06-25 00:00:00-04:00
712.686175943774,726.5136861086672,709.3839340058294,724.3887329101562,13964800,0.0,0.0,META,2025-06-26 00:00:00-04:00
724.8178059334097,733.7069032905775,724.1593181930845,731.9111328125,18775700,0.0,0.0,META,2025-06-27 00:00:00-04:00
742.8054817668852,746.1476691378697,732.5296271967599,736.3606567382812,15402100,0.0,0.0,META,2025-06-30 00:00:00-04:00
735.1534455733583,736.0214022335938,713.693835204326,717.5347900390625,13431200,0.0,0.0,META,2025-07-01 00:00:00-04:00
713.6539572494278,718.6122830220947,711.1298559583659,711.8980712890625,9336700,0.0,0.0,META,2025-07-02 00:00:00-04:00
724.9074856770499,727.3218592846127,712.7460452917771,717.3253173828125,8601700,0.0,0.0,META,2025-07-03 00:00:00-04:00
715.918688350601,725.2966891559722,711.8383050380374,716.6669311523438,9457100,0.0,0.0,META,2025-07-07 00:00:00-04:00
719.8793609595846,721.2161872254258,713.1351899702655,718.9814453125,7770700,0.0,0.0,META,2025-07-08 00:00:00-04:00
721.0266226856489,735.8019810021477,721.0266226856489,731.0631103515625,11418000,0.0,0.0,META,2025-07-09 00:00:00-04:00
729.8359096434607,734.0759515650559,717.9138972384281,725.5360107421875,9913600,0.0,0.0,META,2025-07-10 00:00:00-04:00
720.8071559255932,723.4608966552098,708.0371589748221,715.828857421875,10873900,0.0,0.0,META,2025-07-11 00:00:00-04:00
715.9186065632238,726.2942632522581,714.8710789388857,719.2308349609375,8939400,0.0,0.0,META,2025-07-14 00:00:00-04:00
722.2039420372861,722.7725529543028,708.1569141283312,708.7255859375,11529500,0.0,0.0,META,2025-07-15 00:00:00-04:00
711.6985138171127,712.2970836136572,697.6315755690009,701.2630004882812,13067600,0.0,0.0,META,2025-07-16 00:00:00-04:00
702.7395996705828,704.2460714207873,695.4766277838654,699.7665405273438,11803300,0.0,0.0,META,2025-07-17 00:00:00-04:00
700.5447529444856,703.0588680042227,690.0294703606638,702.6298828125,12779800,0.0,0.0,META,2025-07-18 00:00:00-04:00
705.1439122135475,715.3200251684316,704.1063709182977,711.2994384765625,9404400,0.0,0.0,META,2025-07-21 00:00:00-04:00
714.5119099243975,714.9209224678821,699.7665114607927,703.1585693359375,8921100,0.0,0.0,META,2025-07-22 00:00:00-04:00
704.7148919274861,712.9555475747247,703.278263571404,711.9080200195312,8771600,0.0,0.0,META,2025-07-23 00:00:00-04:00
715.3699112663372,721.9245248031309,712.3270697155897,713.1251831054688,10920800,0.0,0.0,META,2025-07-24 00:00:00-04:00
715.2401874661052,718.9614892126135,710.2319910963464,711.0101318359375,8271700,0.0,0.0,META,2025-07-25 00:00:00-04:00
713.5243091595448,723.0419351595109,711.0101939967738,715.9486083984375,8715700,0.0,0.0,META,2025-07-28 00:00:00-04:00
718.3130022321428,722.7724995594365,698.270047363426,698.35986328125,13267000,0.0,0.0,META,2025-07-29 00:00:00-04:00
706.4309422136296,706.8399547738821,689.5805015781577,693.5811157226562,27077300,0.0,0.0,META,2025-07-30 00:00:00-04:00
773.3836936232736,782.9113054874113,763.7163951695271,771.6278076171875,38831100,0.0,0.0,META,2025-07-31 00:00:00-04:00
758.9476005405788,764.2052724882252,743.5637464392476,748.2527465820312,19028700,0.0,0.0,META,2025-08-01 00:00:00-04:00
758.2193240496142,775.029820232538,756.6330226185955,774.5509643554688,15801700,0.0,0.0,META,2025-08-04 00:00:00-04:00
774.6307577641016,781.2950989411861,761.212259491104,761.6712036132812,11640300,0.0,0.0,META,2025-08-05 00:00:00-04:00
768.1958248249329,771.8273106109475,758.678199773599,770.18115234375,9733900,0.0,0.0,META,2025-08-06 00:00:00-04:00
771.6776976898961,773.1841694919084,757.7703567732848,760.0450439453125,9019700,0.0,0.0,META,2025-08-07 00:00:00-04:00
760.9628565603988,768.0961282780016,756.8026440305783,767.4974975585938,7320800,0.0,0.0,META,2025-08-08 00:00:00-04:00
768.2757194135389,771.6478049440495,762.8783609453131,764.0755615234375,7612000,0.0,0.0,META,2025-08-11 00:00:00-04:00
771.1888187456735,791.8103707559926,770.6201469797736,788.1489868164062,14563100,0.0,0.0,META,2025-08-12 00:00:00-04:00
789.2963900548351,793.5962894533881,776.4066172801486,778.2523193359375,8811800,0.0,0.0,META,2025-08-13 00:00:00-04:00
776.0573823379099,785.9641084064921,770.6999694623344,780.2974243164062,8116200,0.0,0.0,META,2025-08-14 00:00:00-04:00
782.3127720209482,794.3843975355859,778.9905571139482,783.3901977539062,13375400,0.0,0.0,META,2025-08-15 00:00:00-04:00
773.2739649293972,773.9922487170201,754.7873521125813,765.572021484375,16513700,0.0,0.0,META,2025-08-18 00:00:00-04:00
765.3226701689615,765.3725408429555,747.6042712449723,749.7192993164062,12286700,0.0,0.0,META,2025-08-19 00:00:00-04:00
745.8184055724877,748.4422481947564,729.2872227778392,745.968017578125,11898200,0.0,0.0,META,2025-08-20 00:00:00-04:00
742.965126847803,743.7532539146816,731.392269728463,737.3682250976562,8876300,0.0,0.0,META,2025-08-21 00:00:00-04:00
737.4979443181139,755.1265868650723,732.6693186706706,753.021484375,10612700,0.0,0.0,META,2025-08-22 00:00:00-04:00
753.0514312038815,757.1019160115399,748.3724176422635,751.5349731445312,6861200,0.0,0.0,META,2025-08-25 00:00:00-04:00
749.0408739151204,753.1013452690629,746.187589469264,752.3331298828125,7601800,0.0,0.0,META,2025-08-26 00:00:00-04:00
750.5373617239242,752.3830637406979,741.0995653139147,745.62890625,8315400,0.0,0.0,META,2025-08-27 00:00:00-04:00
742.2568318080029,751.2856157691724,739.0643171271723,749.3501586914062,7468000,0.0,0.0,META,2025-08-28 00:00:00-04:00
743.5338383928589,745.3894657992533,733.6270507950396,736.96923828125,9070500,0.0,0.0,META,2025-08-29 00:00:00-04:00
724.3388175548104,734.2755025264773,720.0389186102121,733.3875732421875,9350900,0.0,0.0,META,2025-09-02 00:00:00-04:00
734.2755314397929,738.5155735710689,732.2702311831985,735.3230590820312,7699300,0.0,0.0,META,2025-09-03 00:00:00-04:00
746.8161054490425,759.3765729399474,744.0725487076684,746.8959350585938,11439100,0.0,0.0,META,2025-09-04 00:00:00-04:00
750.8565963566639,756.1741251448537,743.2844139282448,750.68701171875,9663400,0.0,0.0,META,2025-09-05 00:00:00-04:00
754.2286352813065,764.71401930554,750.2579802053917,750.5372924804688,13087800,0.0,0.0,META,2025-09-08 00:00:00-04:00
755.7150988981595,764.5044535591039,751.664614408497,763.9058837890625,10999000,0.0,0.0,META,2025-09-09 00:00:00-04:00
763.3372922969834,763.9059640843684,749.2403942554,750.2180786132812,12478300,0.0,0.0,META,2025-09-10 00:00:00-04:00
752.8818998869256,755.3261108896929,746.6165845282627,749.1406860351562,7923300,0.0,0.0,META,2025-09-11 00:00:00-04:00
746.9756681630587,755.7949823874058,742.0173423532742,753.8196411132812,8248600,0.0,0.0,META,2025-09-12 00:00:00-04:00
755.6951631721865,772.2563046936084,750.2280226983954,762.9082641601562,10533800,0.0,0.0,META,2025-09-15 00:00:00-04:00
765.2028605665566,779.5291993784334,763.3072880544486,777.1747436523438,11782500,0.0,0.0,META,2025-09-16 00:00:00-04:00
778.16248073438,781.4547366857648,764.5145401578408,773.9024658203125,9400900,0.0,0.0,META,2025-09-17 00:00:00-04:00
778.9207035004806,786.9319184464317,771.5480036492609,778.421875,10955000,0.0,0.0,META,2025-09-18 00:00:00-04:00
784.5773532506886,788.9470955167301,767.3877436699294,776.5562133789062,23696800,0.0,0.0,META,2025-09-19 00:00:00-04:00
780.5445827585347,784.4181095052566,763.1935958899483,763.8824462890625,11706900,0.525,0.0,META,2025-09-22 00:00:00-04:00
767.9656453445465,769.3133669851754,749.8160063356215,754.1387939453125,10872600,0.0,0.0,META,2025-09-23 00:00:00-04:00
756.2352564498105,759.8392144671293,751.2735837511626,759.3899536132812,8828200,0.0,0.0,META,2025-09-24 00:00:00-04:00
752.1920046258563,755.5064686568031,743.3068402529434,747.6595458984375,10591100,0.0,0.0,META,2025-09-25 00:00:00-04:00
748.7477432379202,750.6745134518627,736.1188402620083,742.5081787109375,9696300,0.0,0.0,META,2025-09-26 00:00:00-04:00
747.4698773667765,749.5264964028529,737.9159094495395,742.1588134765625,9246800,0.0,0.0,META,2025-09-29 00:00:00-04:00
741.0106631587118,741.729431724798,725.0872827303901,733.15380859375,16226800,0.0,0.0,META,2025-09-30 00:00:00-04:00
720.2853684573676,720.6447527663656,709.0142405229949,716.142333984375,20419600,0.0,0.0,META,2025-10-01 00:00:00-04:00
721.3735522103992,726.5548890984803,716.9409630753169,725.8360595703125,11415300,0.0,0.0,META,2025-10-02 00:00:00-04:00
728.4117628788885,729.7794705550638,708.9942257916973,709.3735961914062,16154300,0.0,0.0,META,2025-10-03 00:00:00-04:00
704.0125981338592,715.6830826309072,689.3571155710283,714.465087890625,21654700,0.0,0.0,META,2025-10-06 00:00:00-04:00
716.5216106896504,717.3003375901077,704.5716259627259,711.889404296875,12062900,0.0,0.0,META,2025-10-07 00:00:00-04:00
712.2587946669486,718.4484549738279,706.6281969142439,716.6414794921875,10790600,0.0,0.0,META,2025-10-08 00:00:00-04:00
717.0807271377935,732.2852783203125,711.2504512938121,732.2852783203125,12717200,0.0,0.0,META,2025-10-09 00:00:00-04:00
729.6995938834806,734.0423674154782,703.333716456913,704.1223754882812,16980100,0.0,0.0,META,2025-10-10 00:00:00-04:00
711.8194939498104,718.7379155876384,706.4584651360833,714.5050048828125,9251800,0.0,0.0,META,2025-10-13 00:00:00-04:00
706.5983153422467,714.3553010671379,698.1624113283383,707.4668579101562,8829800,0.0,0.0,META,2025-10-14 00:00:00-04:00
715.8627565899488,722.6913629779451,708.3253746524584,716.3519287109375,10246800,0.0,0.0,META,2025-10-15 00:00:00-04:00
716.3519343648386,724.2786798244232,702.7047754671785,710.881103515625,9017000,0.0,0.0,META,2025-10-16 00:00:00-04:00
705.8994251244851,717.3402516818879,704.9410060739878,715.7229614257812,12232400,0.0,0.0,META,2025-10-17 00:00:00-04:00
719.9858621042338,732.5448748734839,718.9775387090459,730.947509765625,8900200,0.0,0.0,META,2025-10-20 00:00:00-04:00
734.7911237948646,737.2669635645257,727.5332426508437,732.0457153320312,7647300,0.0,0.0,META,2025-10-21 00:00:00-04:00
732.6047674176828,739.3634223567747,722.8211423130082,732.1854248046875,8734500,0.0,0.0,META,2025-10-22 00:00:00-04:00
733.4733185275871,741.170406509876,731.8759534115667,732.7744750976562,9856000,0.0,0.0,META,2025-10-23 00:00:00-04:00
735.5597503675807,739.9724141089259,729.9292138570585,737.1271362304688,9151300,0.0,0.0,META,2025-10-24 00:00:00-04:00
748.4781993498117,754.4881675999588,746.7611003830549,749.56640625,11321100,0.0,0.0,META,2025-10-27 00:00:00-04:00
751.3733793283152,757.1337649704751,744.2752651341964,750.1853637695312,12193800,0.0,0.0,META,2025-10-28 00:00:00-04:00
753.4898526523095,757.8924628078227,741.2702985772319,750.4149780273438,26818600,0.0,0.0,META,2025-10-29 00:00:00-04:00
668.0327566076506,679.8230352249238,649.0844057389726,665.357177734375,88440100,0.0,0.0,META,2025-10-30 00:00:00-04:00
673.383812052831,673.7631824593219,644.4921293755289,647.2674560546875,56953200,0.0,0.0,META,2025-10-31 00:00:00-04:00
654.90470367213,658.2291607688485,635.1177890022415,636.645263671875,33003600,0.0,0.0,META,2025-11-03 00:00:00-05:00
626.9913515895119,640.6684891460408,624.9647727272926,626.2725830078125,27356600,0.0,0.0,META,2025-11-04 00:00:00-05:00
631.2542465797685,641.1576663615418,625.4938610947797,634.88818359375,20219900,0.0,0.0,META,2025-11-05 00:00:00-05:00
634.7882936522686,634.938067569805,616.9681222612256,617.9065551757812,23628800,0.0,0.0,META,2025-11-06 00:00:00-05:00
615.4606203242017,621.0912176885568,600.1961723842201,620.6719360351562,29946800,0.0,0.0,META,2025-11-07 00:00:00-05:00
630.0362749426478,633.9397194755629,617.0779066438014,630.7051391601562,19245000,0.0,0.0,META,2025-11-10 00:00:00-05:00
626.9514668906089,628.5088598168925,618.3558571038752,626.0330200195312,13302200,0.0,0.0,META,2025-11-11 00:00:00-05:00
627.0812350986922,627.939784558569,606.7552442025384,607.9931640625,24493300,0.0,0.0,META,2025-11-12 00:00:00-05:00
612.0463872625083,616.6187572691151,601.993193452889,608.8717041015625,20973800,0.0,0.0,META,2025-11-13 00:00:00-05:00
600.7852061056304,612.6553687237855,594.2062431482154,608.4424438476562,20724100,0.0,0.0,META,2025-11-14 00:00:00-05:00
608.0230519623859,610.6686515784111,594.4058732487083,601.0048217773438,16501300,0.0,0.0,META,2025-11-17 00:00:00-05:00
590.612218909938,602.6520806612418,582.8053290854997,596.6920776367188,25500600,0.0,0.0,META,2025-11-18 00:00:00-05:00
592.7286370493186,594.3359951431619,580.2794874440681,589.3343505859375,24744700,0.0,0.0,META,2025-11-19 00:00:00-05:00
602.4923987587222,605.7069934113463,582.376016746667,588.1663818359375,20603000,0.0,0.0,META,2025-11-20 00:00:00-05:00
587.517412968027,597.1213460929463,580.88848479756,593.2578125,21052600,0.0,0.0,META,2025-11-21 00:00:00-05:00
597.7203367937327,615.6703584886146,596.6321908004635,612.0264282226562,23554900,0.0,0.0,META,2025-11-24 00:00:00-05:00
622.9581470454041,635.9863461070595,617.2676517847817,635.15771484375,25213000,0.0,0.0,META,2025-11-25 00:00:00-05:00
636.6253292062765,637.2941935276676,630.575449286631,632.5521240234375,15209500,0.0,0.0,META,2025-11-26 00:00:00-05:00
635.0179876534709,646.9679727244463,634.4389389877349,646.8681640625,11033200,0.0,0.0,META,2025-11-28 00:00:00-05:00
638.482184375183,644.2425701847634,636.6951949252638,639.7999877929688,13029900,0.0,0.0,META,2025-12-01 00:00:00-05:00
641.2675300698932,646.7882651016448,637.0046400682228,646.01953125,11640900,0.0,0.0,META,2025-12-02 00:00:00-05:00
643.3340713166507,647.766660764867,636.4855393427306,638.5321044921875,11134300,0.0,0.0,META,2025-12-03 00:00:00-05:00
674.8712863431018,674.9710950003275,658.9479057878542,660.4254760742188,29874600,0.0,0.0,META,2025-12-04 00:00:00-05:00
662.8913386215002,673.5634922785046,661.2840414153883,672.2955932617188,21207900,0.0,0.0,META,2025-12-05 00:00:00-05:00
668.2224435191038,675.5801331063639,663.9595535520253,665.6866455078125,13161000,0.0,0.0,META,2025-12-08 00:00:00-05:00
662.6617250742562,663.3705005924867,652.2491473204041,655.8630981445312,12997100,0.0,0.0,META,2025-12-09 00:00:00-05:00
648.8648024836247,653.4171862971667,642.3257510862366,649.0444946289062,16910900,0.0,0.0,META,2025-12-10 00:00:00-05:00
642.2159232785478,654.1859556266841,639.7300904007725,651.6202392578125,13056700,0.0,0.0,META,2025-12-11 00:00:00-05:00
648.7150654102267,709.8128965395189,637.543746077992,643.1543579101562,14016900,0.0,0.0,META,2025-12-12 00:00:00-05:00
645.1476664750544,652.4414097008485,638.1536544261938,646.9561157226562,15549100,0.525,0.0,META,2025-12-15 00:00:00-05:00
642.9495426008936,661.973233609148,642.6498114209788,656.587890625,14309100,0.0,0.0,META,2025-12-16 00:00:00-05:00
655.0491556477624,660.664343241777,648.644665798819,648.9443969726562,15598500,0.0,0.0,META,2025-12-17 00:00:00-05:00
656.4679564970005,669.9863502083882,655.8984367998282,663.881591796875,20260300,0.0,0.0,META,2025-12-18 00:00:00-05:00
665.8499012351181,670.4260003995075,657.6169598101359,658.2064819335938,49977100,0.0,0.0,META,2025-12-19 00:00:00-05:00
661.0840391473547,673.0038267300547,656.0883162216827,660.9341430664062,15659400,0.0,0.0,META,2025-12-22 00:00:00-05:00
659.4853234816244,665.4302455294139,657.6868755551602,664.3711547851562,8486800,0.0,0.0,META,2025-12-23 00:00:00-05:00
661.9632786179176,667.6084088263418,661.633543835896,666.9789428710938,5627500,0.0,0.0,META,2025-12-24 00:00:00-05:00
667.4885344385556,668.3777877623371,660.7543096382171,662.7225952148438,7133800,0.0,0.0,META,2025-12-26 00:00:00-05:00
657.4471149030659,659.6851889371151,653.8302165118,658.1265258789062,8506500,0.0,0.0,META,2025-12-29 00:00:00-05:00
658.1265110341435,671.6449047754843,657.2772625792347,665.3803100585938,9187500,0.0,0.0,META,2025-12-30 00:00:00-05:00
664.1813161961976,664.4311023248911,658.8758612620638,659.5253295898438,7940400,0.0,0.0,META,2025-12-31 00:00:00-05:00
662.1630447721155,663.8216588672108,642.9495146869224,649.8535766601562,13726500,0.0,0.0,META,2026-01-02 00:00:00-05:00
650.4531272549772,663.9715218041853,647.1959061445123,658.2264404296875,12213700,0.0,0.0,META,2026-01-05 00:00:00-05:00
659.0057810200069,664.9507033148827,651.3423593634897,660.0548706054688,11074400,0.0,0.0,META,2026-01-06 00:00:00-05:00
655.0791375151089,658.5861445899717,644.2583851266311,648.1350708007812,12846300,0.0,0.0,META,2026-01-07 00:00:00-05:00
645.3274855180696,646.5464125947736,635.1761427603,645.50732421875,11921700,0.0,0.0,META,2026-01-08 00:00:00-05:00
644.8878661181845,654.3897406244424,642.3000548798136,652.5013427734375,11634900,0.0,0.0,META,2026-01-09 00:00:00-05:00
651.9718010113269,653.4105105723186,640.6814191818085,641.4207763671875,14797200,0.0,0.0,META,2026-01-12 00:00:00-05:00
641.720599826752,641.720599826752,623.5660991574318,630.5501708984375,18030400,0.0,0.0,META,2026-01-13 00:00:00-05:00
625.9640568168747,627.9124008742662,614.2940558608916,614.9934692382812,15527900,0.0,0.0,META,2026-01-14 00:00:00-05:00
617.9508982377323,623.6360331340583,613.7045339245012,620.2689208984375,13076100,0.0,0.0,META,2026-01-15 00:00:00-05:00
623.6460522405506,628.5418850412981,619.5495838845379,619.7194213867188,17012500,0.0,0.0,META,2026-01-16 00:00:00-05:00
607.3600037753715,610.8770121629093,599.4867397151437,603.6032104492188,15169600,0.0,0.0,META,2026-01-20 00:00:00-05:00
606.2209580964126,617.7411240978843,599.5666821865381,612.4356689453125,14494700,0.0,0.0,META,2026-01-21 00:00:00-05:00
628.811597152667,660.0049216653568,626.0140046136898,647.0759887695312,21394700,0.0,0.0,META,2026-01-22 00:00:00-05:00
644.2184496993522,665.9198400091174,643.8987161260534,658.1964721679688,22797700,0.0,0.0,META,2026-01-23 00:00:00-05:00
664.5609947255355,674.7023359243682,660.7242529636108,671.7847900390625,16327400,0.0,0.0,META,2026-01-26 00:00:00-05:00
674.0129574053085,676.2410302656567,664.0913982323968,672.394287109375,13297400,0.0,0.0,META,2026-01-27 00:00:00-05:00
673.9229813666298,677.1002536346601,665.5301429727417,668.1578979492188,25709600,0.0,0.0,META,2026-01-28 00:00:00-05:00
736.7991536844581,743.363540655783,711.9404325537852,737.6784057617188,59852900,0.0,0.0,META,2026-01-29 00:00:00-05:00
726.8776752394725,731.5436633097714,712.9796010924755,715.8870849609375,23744600,0.0,0.0,META,2026-01-30 00:00:00-05:00
713.9886602426056,720.6829408229889,702.9181827036907,705.8056640625,14365200,0.0,0.0,META,2026-02-02 00:00:00-05:00
706.7648539132639,716.3866205151361,685.8227628297016,691.1082763671875,13760700,0.0,0.0,META,2026-02-03 00:00:00-05:00
687.1416843315144,688.2407799622291,666.8890651090074,668.417724609375,16882800,0.0,0.0,META,2026-02-04 00:00:00-05:00
663.0123852284637,680.9170392363125,652.9409906690098,669.63671875,17131800,0.0,0.0,META,2026-02-05 00:00:00-05:00
664.920685797671,671.4151252649915,645.9469408650316,660.8941650390625,18159300,0.0,0.0,META,2026-02-06 00:00:00-05:00
662.6126578425271,682.7254419812133,658.2164585284562,676.640625,14837500,0.0,0.0,META,2026-02-09 00:00:00-05:00
677.0202983345941,680.0677378888336,669.216982119095,670.1461791992188,10455800,0.0,0.0,META,2026-02-10 00:00:00-05:00
673.4234361526849,678.6889475196376,656.5378686274887,668.1179809570312,14323800,0.0,0.0,META,2026-02-11 00:00:00-05:00
669.3968787035581,675.421749916193,644.7280570616384,649.254150390625,14960100,0.0,0.0,META,2026-02-12 00:00:00-05:00
644.5481137374378,650.872715705495,634.0271535178357,639.2227172851562,12336400,0.0,0.0,META,2026-02-13 00:00:00-05:00
638.952945338547,642.0502690775812,628.2620863630333,638.7431030273438,12674700,0.0,0.0,META,2026-02-17 00:00:00-05:00
633.2578140286595,644.4482453696517,627.6126838179015,642.6697387695312,14649200,0.0,0.0,META,2026-02-18 00:00:00-05:00
638.0237449576674,646.6363661317032,636.1752909436037,644.2284545898438,10035700,0.0,0.0,META,2026-02-19 00:00:00-05:00
639.1428111159805,662.7825455010891,638.2336163631846,655.09912109375,14183500,0.0,0.0,META,2026-02-20 00:00:00-05:00
651.9817939677475,657.1374142434245,635.455964272141,636.7048950195312,8605900,0.0,0.0,META,2026-02-23 00:00:00-05:00
632.5384628258726,640.5615620292823,628.4419334902003,638.7531127929688,10135600,0.0,0.0,META,2026-02-24 00:00:00-05:00
641.9803720795121,653.3206382422114,641.5906910720822,653.1307983398438,11330700,0.0,0.0,META,2026-02-25 00:00:00-05:00
649.9935020296807,660.4345752110744,646.9461232211356,656.447998046875,10637700,0.0,0.0,META,2026-02-26 00:00:00-05:00
642.8995542116262,648.8844201349368,637.5740968396581,647.62548828125,15703000,0.0,0.0,META,2026-02-27 00:00:00-05:00
636.6149203669017,659.3754626922687,633.9572226725116,653.0009155273438,9816100,0.0,0.0,META,2026-03-02 00:00:00-05:00
647.7354225434952,658.4762268569145,638.293554979916,654.5196533203125,12263800,0.0,0.0,META,2026-03-03 00:00:00-05:00
657.397151925757,672.1944798634893,657.1073609851721,667.1587524414062,10810100,0.0,0.0,META,2026-03-04 00:00:00-05:00
661.363765843265,670.1262833419206,649.7537106790966,660.0049438476562,13341400,0.0,0.0,META,2026-03-05 00:00:00-05:00
647.3457881163396,648.9143914185428,635.5658346648192,644.308349609375,13159400,0.0,0.0,META,2026-03-06 00:00:00-05:00
634.2369839533108,647.195859029807,626.2438278402449,646.836181640625,13489700,0.0,0.0,META,2026-03-09 00:00:00-04:00
653.0009245574777,659.7351492208539,648.444827744844,653.510498046875,9859300,0.0,0.0,META,2026-03-10 00:00:00-04:00
654.1999146227295,658.5561703533895,647.8053649208291,654.2998046875,8977200,0.0,0.0,META,2026-03-11 00:00:00-04:00
648.1950599902964,652.9409968457168,636.355220859953,637.6340942382812,11617500,0.0,0.0,META,2026-03-12 00:00:00-04:00
623.3562813254467,628.6317326131165,609.0285222575777,613.1849975585938,18957600,0.0,0.0,META,2026-03-13 00:00:00-04:00
632.0,634.75,623.0999755859375,627.4500122070312,15134900,0.525,0.0,META,2026-03-16 00:00:00-04:00
627.989990234375,636.5499877929688,621.7000122070312,622.6599731445312,10348800,0.0,0.0,META,2026-03-17 00:00:00-04:00
616.3400268554688,622.6500244140625,614.6099853515625,615.6799926757812,11726300,0.0,0.0,META,2026-03-18 00:00:00-04:00
612.1500244140625,613.0,602.260009765625,606.7000122070312,13247700,0.0,0.0,META,2026-03-19 00:00:00-04:00
603.530029296875,603.9600219726562,587.25,593.6599731445312,21214900,0.0,0.0,META,2026-03-20 00:00:00-04:00
605.7869873046875,608.6400146484375,599.010009765625,604.0599975585938,13258580,0.0,0.0,META,2026-03-23 00:00:00-04:00
240.54764300232483,243.69315205594,239.49914995258575,243.0758056640625,9422700,0.0,0.0,JPM,2025-03-24 00:00:00-04:00
244.30069841338116,246.76027542501896,242.64465260375079,246.08413696289062,9287700,0.0,0.0,JPM,2025-03-25 00:00:00-04:00
247.52460676201224,249.55300723554984,244.76126081139026,245.98614501953125,12779300,0.0,0.0,JPM,2025-03-26 00:00:00-04:00
244.5162860240283,245.60398380808363,242.21349771249677,243.13461303710938,8022500,0.0,0.0,JPM,2025-03-27 00:00:00-04:00
241.978306698277,244.49666063879843,236.26544544785565,237.97048950195312,11978400,0.0,0.0,JPM,2025-03-28 00:00:00-04:00
234.59960824780165,240.92000728757085,232.59079530977615,240.3712615966797,13603000,0.0,0.0,JPM,2025-03-31 00:00:00-04:00
237.74512439898524,240.75344724084187,236.04009512254535,238.7642364501953,8054700,0.0,0.0,JPM,2025-04-01 00:00:00-04:00
236.7456336942468,242.28210452040526,236.6084472564082,240.88084411621094,7758800,0.0,0.0,JPM,2025-04-02 00:00:00-04:00
229.56288570971617,230.41540026989287,222.73293068156858,224.09500122070312,17188500,0.0,0.0,JPM,2025-04-03 00:00:00-04:00
212.2834044818624,214.63980786720018,205.9930827481223,207.32411193847656,27170700,1.4,0.0,JPM,2025-04-04 00:00:00-04:00
202.87751892186455,218.92867162545016,199.318263676067,211.42564392089844,22914400,0.0,0.0,JPM,2025-04-07 00:00:00-04:00
220.3780027140348,224.63726902095286,210.25236301213724,213.82147216796875,19485700,0.0,0.0,JPM,2025-04-08 00:00:00-04:00
209.51290511747,234.14175911605213,208.03399049311142,231.0458984375,24022400,0.0,0.0,JPM,2025-04-09 00:00:00-04:00
226.76691650517765,227.11200261323083,217.00608568202182,223.91754150390625,18896400,0.0,0.0,JPM,2025-04-10 00:00:00-04:00
223.12876931722607,235.22629475740231,221.83718632835738,232.87974548339844,20284500,0.0,0.0,JPM,2025-04-11 00:00:00-04:00
233.76711210699779,236.4094323607213,230.34588838919925,231.42056274414062,13017800,0.0,0.0,JPM,2025-04-14 00:00:00-04:00
232.7811727531539,235.29531563163073,229.54728057723042,229.85292053222656,10912900,0.0,0.0,JPM,2025-04-15 00:00:00-04:00
228.73880396905287,230.29659590484752,224.72600824712578,226.3824005126953,9322300,0.0,0.0,JPM,2025-04-16 00:00:00-04:00
227.5556737150443,231.04590571903626,227.30918793654973,228.69937133789062,9557900,0.0,0.0,JPM,2025-04-17 00:00:00-04:00
227.38806426261334,228.55146991109476,223.15835989610855,225.7711181640625,8716200,0.0,0.0,JPM,2025-04-21 00:00:00-04:00
228.71906528837357,232.67270656039176,228.11763942409857,232.2783203125,10701400,0.0,0.0,JPM,2025-04-22 00:00:00-04:00
236.84324673802962,243.32088491933087,236.6263380579327,237.4939727783203,14126800,0.0,0.0,JPM,2025-04-23 00:00:00-04:00
236.36999583866177,242.01944538917732,234.2403552074537,241.20111083984375,9055200,0.0,0.0,JPM,2025-04-24 00:00:00-04:00
241.21096266132238,242.1673286292997,238.35173381630173,240.12643432617188,8588600,0.0,0.0,JPM,2025-04-25 00:00:00-04:00
241.12224659361283,243.3701956996928,237.45453699015647,239.80108642578125,7394300,0.0,0.0,JPM,2025-04-28 00:00:00-04:00
238.78556197088412,241.80254545200498,238.29259042052325,241.181396484375,7216800,0.0,0.0,JPM,2025-04-29 00:00:00-04:00
237.8193419445802,241.77296836252717,235.07840628381982,241.181396484375,12991700,0.0,0.0,JPM,2025-04-30 00:00:00-04:00
239.42642201137784,244.957563478491,238.76584193081504,243.41949462890625,8689600,0.0,0.0,JPM,2025-05-01 00:00:00-04:00
247.72805089612243,250.0548771482027,245.9533654016641,248.96047973632812,7165000,0.0,0.0,JPM,2025-05-02 00:00:00-04:00
247.64915944923072,251.5732234834037,247.06745668062948,249.009765625,5450700,0.0,0.0,JPM,2025-05-05 00:00:00-04:00
246.48576466704802,249.09850775479987,245.49982160837982,245.74630737304688,6369900,0.0,0.0,JPM,2025-05-06 00:00:00-04:00
246.33787880460858,248.90132172618286,245.33221267408402,245.88433837890625,8724100,0.0,0.0,JPM,2025-05-07 00:00:00-04:00
248.03371181647788,252.283124152028,248.01398874215974,249.90699768066406,8320100,0.0,0.0,JPM,2025-05-08 00:00:00-04:00
250.92251356291578,251.91831065658968,248.7928729020058,249.52247619628906,5087600,0.0,0.0,JPM,2025-05-09 00:00:00-04:00
259.20441383845855,259.8945859876247,255.0634712092411,256.39447021484375,9603900,0.0,0.0,JPM,2025-05-12 00:00:00-04:00
257.3607489039017,259.96365336015776,256.72976091028096,259.31292724609375,8589000,0.0,0.0,JPM,2025-05-13 00:00:00-04:00
259.30304054504273,262.8918879441619,258.60302935469,261.90594482421875,8643100,0.0,0.0,JPM,2025-05-14 00:00:00-04:00
263.217209377267,265.7313520440172,261.03828372684393,263.7298889160156,9214600,0.0,0.0,JPM,2025-05-15 00:00:00-04:00
263.73979601264045,264.6862930239907,260.9890061640004,263.7989501953125,8932900,0.0,0.0,JPM,2025-05-16 00:00:00-04:00
261.817181246086,264.5482629218792,258.2480719963219,261.1566162109375,12145000,0.0,0.0,JPM,2025-05-19 00:00:00-04:00
258.8297593604445,262.9115780411088,258.6128506853088,261.9453430175781,8436300,0.0,0.0,JPM,2025-05-20 00:00:00-04:00
260.6340439477094,261.91575784118834,257.06493502136397,257.3705749511719,7464000,0.0,0.0,JPM,2025-05-21 00:00:00-04:00
255.79307750804895,258.6128603010642,255.2310827258566,257.00579833984375,6514100,0.0,0.0,JPM,2025-05-22 00:00:00-04:00
253.20005483078515,258.30723306371834,252.40144329619352,257.04522705078125,6671800,0.0,0.0,JPM,2025-05-23 00:00:00-04:00
258.35653699260183,261.5706910214846,258.30722178470336,261.56085205078125,7506600,0.0,0.0,JPM,2025-05-27 00:00:00-04:00
262.49747628554394,262.9707397963694,259.20443000527837,259.7861328125,5535400,0.0,0.0,JPM,2025-05-28 00:00:00-04:00
261.0776958297107,261.6791367091541,258.8396160390441,260.65374755859375,5081200,0.0,0.0,JPM,2025-05-29 00:00:00-04:00
259.7467447472313,261.6002926650584,259.03686444878326,260.28900146484375,10977700,0.0,0.0,JPM,2025-05-30 00:00:00-04:00
259.3227361836595,261.3044913883967,258.21848475626587,260.939697265625,6011200,0.0,0.0,JPM,2025-06-02 00:00:00-04:00
260.02276495317653,262.83267850504353,259.184707363763,262.52703857421875,6998400,0.0,0.0,JPM,2025-06-03 00:00:00-04:00
262.18197450214643,263.3650880431389,260.4664132303892,260.505859375,5915700,0.0,0.0,JPM,2025-06-04 00:00:00-04:00
261.0185511699558,261.0185511699558,256.65083071751394,258.2677917480469,8173800,0.0,0.0,JPM,2025-06-05 00:00:00-04:00
260.61431507286125,262.90171018684686,260.5453219261883,261.9946594238281,7738100,0.0,0.0,JPM,2025-06-06 00:00:00-04:00
262.26085974590114,264.13414558351,259.6481165969787,262.9904479980469,8285000,0.0,0.0,JPM,2025-06-09 00:00:00-04:00
262.1425742010461,265.12011173513696,262.1129971095637,264.8243408203125,7538100,0.0,0.0,JPM,2025-06-10 00:00:00-04:00
264.9031944101953,265.8299833646017,262.05383439482847,264.3806457519531,7434100,0.0,0.0,JPM,2025-06-11 00:00:00-04:00
263.108754096244,264.51867555838396,261.41296089523235,264.4693603515625,6618000,0.0,0.0,JPM,2025-06-12 00:00:00-04:00
261.3537943064321,263.2665264050775,259.01711387885933,261.22564697265625,7098300,0.0,0.0,JPM,2025-06-13 00:00:00-04:00
263.2468158366327,267.91033767567086,263.0989303847809,266.5595703125,8566000,0.0,0.0,JPM,2025-06-16 00:00:00-04:00
264.4003851091389,266.78635065847226,264.03556087289496,265.73138427734375,6739300,0.0,0.0,JPM,2025-06-17 00:00:00-04:00
266.20462172672063,273.81610322556173,265.92855887810333,270.10894775390625,9586400,0.0,0.0,JPM,2025-06-18 00:00:00-04:00
271.6963637187332,273.40202612817967,269.9610941294445,271.1343688964844,13969700,0.0,0.0,JPM,2025-06-20 00:00:00-04:00
271.1934990823813,274.63443077664516,268.2849549834157,274.3583679199219,8094600,0.0,0.0,JPM,2025-06-23 00:00:00-04:00
276.2711076585184,278.7359654088068,275.580965541595,277.3063659667969,9267900,0.0,0.0,JPM,2025-06-24 00:00:00-04:00
277.5429742316298,280.283894762949,276.96127143090536,280.0669860839844,6826900,0.0,0.0,JPM,2025-06-25 00:00:00-04:00
280.69798294148404,285.34176602692577,280.47120522055536,284.6910400390625,8942100,0.0,0.0,JPM,2025-06-26 00:00:00-04:00
281.79238274090324,284.6417726184297,281.0332174188349,283.0740966796875,17868600,0.0,0.0,JPM,2025-06-27 00:00:00-04:00
286.31784977059453,288.5362215871362,284.8586733435247,285.8347473144531,12689200,0.0,0.0,JPM,2025-06-30 00:00:00-04:00
286.8009917731804,287.0376084797312,282.5614185530472,286.3277282714844,9338300,0.0,0.0,JPM,2025-07-01 00:00:00-04:00
287.93483189106854,288.70386630697305,285.6277286433551,287.8953857421875,8158700,0.0,0.0,JPM,2025-07-02 00:00:00-04:00
289.43094323142554,293.6413883261785,288.4996894270786,293.2451171875,6541600,1.4,0.0,JPM,2025-07-03 00:00:00-04:00
292.50209620860613,293.28475211178096,287.38020030669605,289.25262451171875,8825700,0.0,0.0,JPM,2025-07-07 00:00:00-04:00
286.5777506799395,287.0037716436535,277.7011499441943,280.1481628417969,15440900,0.0,0.0,JPM,2025-07-08 00:00:00-04:00
284.50723352964,284.52706674085863,279.8509941598734,280.524658203125,11273800,0.0,0.0,JPM,2025-07-09 00:00:00-04:00
280.3661135119623,285.6266908203048,280.3661135119623,285.5078125,8410900,0.0,0.0,JPM,2025-07-10 00:00:00-04:00
282.86266052650467,284.70536526736765,281.0100694142449,284.190185546875,7384700,0.0,0.0,JPM,2025-07-11 00:00:00-04:00
284.39822720712635,286.60745309571854,282.6050754191309,286.0130615234375,9079900,0.0,0.0,JPM,2025-07-14 00:00:00-04:00
285.3196042033426,289.23285392385833,282.82306855064246,283.8830871582031,12526100,0.0,0.0,JPM,2025-07-15 00:00:00-04:00
285.7158562387447,288.0241878683028,280.3760366699049,283.1598815917969,9979800,0.0,0.0,JPM,2025-07-16 00:00:00-04:00
280.8020357673763,287.5981754634707,280.8020357673763,287.201904296875,8509500,0.0,0.0,JPM,2025-07-17 00:00:00-04:00
286.825430293332,289.7777063567027,285.54745807447995,288.55914306640625,12217000,0.0,0.0,JPM,2025-07-18 00:00:00-04:00
288.291651952566,291.44204831578946,287.8755476057488,288.2619323730469,7898100,0.0,0.0,JPM,2025-07-21 00:00:00-04:00
288.7870071326712,290.89718804274116,286.4885921354602,288.7176513671875,6717500,0.0,0.0,JPM,2025-07-22 00:00:00-04:00
290.1145172431339,294.2258869019811,289.8272078248217,293.998046875,7083500,0.0,0.0,JPM,2025-07-23 00:00:00-04:00
294.6519062776982,296.80169301766455,293.443259686642,293.78997802734375,7001200,0.0,0.0,JPM,2025-07-24 00:00:00-04:00
293.93864551661835,296.1181521271809,293.20551208711413,295.84075927734375,5918500,0.0,0.0,JPM,2025-07-25 00:00:00-04:00
294.8896814285751,296.64319715105114,294.05750293823644,295.50390625,5840400,0.0,0.0,JPM,2025-07-28 00:00:00-04:00
297.20789441970317,298.485896831102,293.44327318380715,294.27545166015625,7635700,0.0,0.0,JPM,2025-07-29 00:00:00-04:00
294.65191611543503,297.8121988713861,294.6122799312847,296.8413391113281,8061700,0.0,0.0,JPM,2025-07-30 00:00:00-04:00
296.3559134765009,298.17878493737805,292.7497765059144,293.4828796386719,14749700,0.0,0.0,JPM,2025-07-31 00:00:00-04:00
287.6972620199026,289.0842262737886,281.5945890692511,286.6768493652344,12007100,0.0,0.0,JPM,2025-08-01 00:00:00-04:00
287.5585597880286,291.5807709484115,287.5585597880286,291.5213317871094,6649500,0.0,0.0,JPM,2025-08-04 00:00:00-04:00
291.9473110106125,293.03707931410463,284.56663635989554,288.658203125,7182300,0.0,0.0,JPM,2025-08-05 00:00:00-04:00
289.5795373797788,290.5603439597299,287.4594701868467,288.6383972167969,6330200,0.0,0.0,JPM,2025-08-06 00:00:00-04:00
290.21359744338497,290.72874689730406,283.7443736390337,284.2694396972656,8057100,0.0,0.0,JPM,2025-08-07 00:00:00-04:00
286.2904939677283,288.51955337300967,282.0602152135648,286.0725402832031,6634100,0.0,0.0,JPM,2025-08-08 00:00:00-04:00
286.7065672685148,288.6087112580965,286.0923424049315,286.8650817871094,5510100,0.0,0.0,JPM,2025-08-11 00:00:00-04:00
288.78700908878795,292.00676133420325,287.6378015823982,290.12445068359375,8570900,0.0,0.0,JPM,2025-08-12 00:00:00-04:00
291.2142024521843,291.80859403066296,284.4873889092739,287.8260192871094,8420400,0.0,0.0,JPM,2025-08-13 00:00:00-04:00
287.87557367248905,291.46190791598,286.9443500187198,291.4222717285156,6322400,0.0,0.0,JPM,2025-08-14 00:00:00-04:00
292.0959281808534,292.7497892060912,287.1226600740198,287.7864074707031,7340500,0.0,0.0,JPM,2025-08-15 00:00:00-04:00
287.30098279519575,289.1832935323159,285.7257844830691,288.8167419433594,5386900,0.0,0.0,JPM,2025-08-18 00:00:00-04:00
288.12323486532705,289.7579025190641,286.83534604543564,287.954833984375,6031500,0.0,0.0,JPM,2025-08-19 00:00:00-04:00
288.1034273576763,290.59996282013503,284.59636569119436,289.5201110839844,7374200,0.0,0.0,JPM,2025-08-20 00:00:00-04:00
289.2229206266122,290.04518252461884,286.77590767522184,288.7572937011719,6624000,0.0,0.0,JPM,2025-08-21 00:00:00-04:00
290.4711947382056,294.3943304858857,287.42976002403793,293.4828796386719,8552800,0.0,0.0,JPM,2025-08-22 00:00:00-04:00
293.4828900064588,294.58257497799383,291.4024588552954,292.1553649902344,5856300,0.0,0.0,JPM,2025-08-25 00:00:00-04:00
291.42226929827126,295.9596301346493,290.7684082615478,295.7912292480469,6714700,0.0,0.0,JPM,2025-08-26 00:00:00-04:00
294.48349281779485,298.2679473154416,294.2754557542009,296.4945983886719,6056500,0.0,0.0,JPM,2025-08-27 00:00:00-04:00
297.22769856125745,298.4363452126477,295.9200067981791,298.2679443359375,6410500,0.0,0.0,JPM,2025-08-28 00:00:00-04:00
299.2289404362671,300.13047474928055,296.94044188536884,298.6147155761719,6796400,0.0,0.0,JPM,2025-08-29 00:00:00-04:00
297.4654912302876,297.6636116910732,291.75908984916356,296.91070556640625,7221900,0.0,0.0,JPM,2025-09-02 00:00:00-04:00
297.77260531660534,297.77260531660534,293.62159918539595,296.72247314453125,6316900,0.0,0.0,JPM,2025-09-03 00:00:00-04:00
297.2079158871201,301.5966788556673,295.50392262669186,300.99237060546875,6605800,0.0,0.0,JPM,2025-09-04 00:00:00-04:00
300.82394206718743,302.3099816593852,291.5708725011291,291.6402282714844,9837700,0.0,0.0,JPM,2025-09-05 00:00:00-04:00
292.14548200845184,293.70084708741166,288.72757896293916,290.18389892578125,8188500,0.0,0.0,JPM,2025-09-08 00:00:00-04:00
289.8767732101451,296.21720226202,289.58946377934626,295.0779113769531,7848200,0.0,0.0,JPM,2025-09-09 00:00:00-04:00
293.93863182647567,298.73358242665296,292.6507127572817,297.7428894042969,7787300,0.0,0.0,JPM,2025-09-10 00:00:00-04:00
298.43635491424595,302.88458712159553,297.99056119650595,302.7161560058594,7942500,0.0,0.0,JPM,2025-09-11 00:00:00-04:00
302.1613616302637,304.6876166586702,300.8734728380468,304.0535888671875,6846700,0.0,0.0,JPM,2025-09-12 00:00:00-04:00
304.31117542875756,307.0653006989229,304.31117542875756,306.0250549316406,7122000,0.0,0.0,JPM,2025-09-15 00:00:00-04:00
307.1148062613988,308.00642384577054,304.27152240854014,306.3123474121094,10525600,0.0,0.0,JPM,2025-09-16 00:00:00-04:00
307.50121329837117,309.99774876224666,305.89626524993236,308.8485412597656,8657800,0.0,0.0,JPM,2025-09-17 00:00:00-04:00
308.8881884357977,310.5228258893637,306.7284546518725,310.3147888183594,8050700,0.0,0.0,JPM,2025-09-18 00:00:00-04:00
310.6813313111796,312.8608377743073,306.2430157804659,311.850341796875,23568600,0.0,0.0,JPM,2025-09-19 00:00:00-04:00
306.91666061932966,310.78038727091956,306.6789039885423,309.5321044921875,7520200,0.0,0.0,JPM,2025-09-22 00:00:00-04:00
308.9178945679837,313.3660964063979,307.68941470486936,309.8293151855469,8584400,0.0,0.0,JPM,2025-09-23 00:00:00-04:00
311.12713244988527,313.633584594132,308.76930844625,310.5030212402344,7310500,0.0,0.0,JPM,2025-09-24 00:00:00-04:00
311.1964927670822,312.7122519083539,308.8980776591185,310.5327453613281,7083200,0.0,0.0,JPM,2025-09-25 00:00:00-04:00
311.9692007646792,314.8521208481549,310.7803873767882,313.118408203125,7258100,0.0,0.0,JPM,2025-09-26 00:00:00-04:00
314.1091367340854,315.0503072271631,310.74078640307744,312.75189208984375,6462400,0.0,0.0,JPM,2025-09-29 00:00:00-04:00
313.3066687483855,314.45587628391564,307.22379907069933,312.4942932128906,11823300,0.0,0.0,JPM,2025-09-30 00:00:00-04:00
311.04790640850786,311.66213127851097,304.5489622459693,307.8182373046875,9235200,0.0,0.0,JPM,2025-10-01 00:00:00-04:00
307.11483202977473,307.66961769475733,303.29077153660535,304.6876220703125,7600000,0.0,0.0,JPM,2025-10-02 00:00:00-04:00
305.6387192319075,308.7593962590199,305.3414931799835,307.1445617675781,6029900,0.0,0.0,JPM,2025-10-03 00:00:00-04:00
308.78713549615594,310.3500927332471,303.759824574425,307.7916259765625,7214500,1.5,0.0,JPM,2025-10-06 00:00:00-04:00
307.96086849994276,308.617908412618,303.3317554221121,306.3083190917969,8454200,0.0,0.0,JPM,2025-10-07 00:00:00-04:00
306.82598699255016,307.3934347220047,302.1869088878288,302.6647644042969,6489900,0.0,0.0,JPM,2025-10-08 00:00:00-04:00
303.68016451672463,306.65675861669814,302.0276454614978,304.15802001953125,7060300,0.0,0.0,JPM,2025-10-09 00:00:00-04:00
304.28744895257694,309.07584739868366,299.45922161840923,299.53887939453125,8597400,0.0,0.0,JPM,2025-10-10 00:00:00-04:00
304.2277139599526,308.0703661064548,304.0783936087615,306.5870666503906,10788700,0.0,0.0,JPM,2025-10-13 00:00:00-04:00
304.46663636257074,305.62143108333873,292.8888554642275,300.7235107421875,16178800,0.0,0.0,JPM,2025-10-14 00:00:00-04:00
305.014160038565,310.71840983834574,304.0684138931284,304.3172912597656,11354800,0.0,0.0,JPM,2025-10-15 00:00:00-04:00
303.97881882847634,307.29385195347595,295.73600173818085,297.19940185546875,10549400,0.0,0.0,JPM,2025-10-16 00:00:00-04:00
297.8166372560658,298.2048701782948,292.878918450451,296.22381591796875,10153500,0.0,0.0,JPM,2025-10-17 00:00:00-04:00
297.15957582421487,302.3262723870789,296.8211062511852,301.0022277832031,6894900,0.0,0.0,JPM,2025-10-20 00:00:00-04:00
300.3054062195614,302.6846581805869,295.66632819879106,295.75592041015625,7372700,0.0,0.0,JPM,2025-10-21 00:00:00-04:00
296.43284443493457,296.7215506882625,289.2353303984808,292.7892761230469,8054100,0.0,0.0,JPM,2025-10-22 00:00:00-04:00
293.05809154328034,295.0391457269973,291.1964936387067,293.2173767089844,5438800,0.0,0.0,JPM,2025-10-23 00:00:00-04:00
294.7504440610291,301.24118554737896,294.1232985857486,299.09088134765625,7228300,0.0,0.0,JPM,2025-10-24 00:00:00-04:00
300.80315600970596,303.1625086782835,299.6583261537955,302.7842102050781,5642200,0.0,0.0,JPM,2025-10-27 00:00:00-04:00
303.4910147760203,306.58706515142967,301.7986668365627,303.98876953125,6336000,0.0,0.0,JPM,2025-10-28 00:00:00-04:00
302.14710352264194,306.86580891607514,301.64934876365396,304.13812255859375,7520300,0.0,0.0,JPM,2025-10-29 00:00:00-04:00
304.41687231061707,311.20622431916547,303.72996829403695,308.05047607421875,7514600,0.0,0.0,JPM,2025-10-30 00:00:00-04:00
307.1544993342095,311.46504195719143,305.8702836157328,309.722900390625,7721300,0.0,0.0,JPM,2025-10-31 00:00:00-04:00
309.60346109874524,310.9175409580823,304.83496198556077,307.96087646484375,7770000,0.0,0.0,JPM,2025-11-03 00:00:00-05:00
305.332725363194,310.8179927016808,303.7299695714597,307.861328125,7085200,0.0,0.0,JPM,2025-11-04 00:00:00-05:00
308.2196835392686,311.6940323736288,304.2575751493287,310.2803955078125,6865200,0.0,0.0,JPM,2025-11-05 00:00:00-05:00
309.59349256305353,313.42621024981315,308.8667900648387,312.0126037597656,7206100,0.0,0.0,JPM,2025-11-06 00:00:00-05:00
310.4894827215045,313.0180550604519,306.2585672077333,312.7990417480469,7302300,0.0,0.0,JPM,2025-11-07 00:00:00-05:00
313.58548301728496,318.1250037695683,312.7990220295163,315.4670104980469,5794100,0.0,0.0,JPM,2025-11-10 00:00:00-05:00
316.0742604403922,317.617287984815,313.86422817579216,314.20269775390625,5030200,0.0,0.0,JPM,2025-11-11 00:00:00-05:00
314.8398332015723,320.8029251766445,314.7900394999871,318.97119140625,10578300,0.0,0.0,JPM,2025-11-12 00:00:00-05:00
317.7965194699941,319.1902267414606,307.7120030298724,308.0903015136719,8973300,0.0,0.0,JPM,2025-11-13 00:00:00-05:00
306.1291237470128,306.25854483769064,299.8773255538296,302.2466125488281,10327000,0.0,0.0,JPM,2025-11-14 00:00:00-05:00
302.6348834912671,304.2177399270206,296.3333218175865,299.02117919921875,8344000,0.0,0.0,JPM,2025-11-17 00:00:00-05:00
298.15508292828906,301.5896027135679,295.686208533325,298.06549072265625,8077300,0.0,0.0,JPM,2025-11-18 00:00:00-05:00
298.3939949218268,303.0828663383219,297.9261042618115,301.90814208984375,5546600,0.0,0.0,JPM,2025-11-19 00:00:00-05:00
304.9643777592117,308.52831879604355,296.8211173091691,297.0401306152344,7501600,0.0,0.0,JPM,2025-11-20 00:00:00-05:00
299.93706770739834,300.32530061703676,291.4951361556371,296.6817321777344,11766800,0.0,0.0,JPM,2025-11-21 00:00:00-05:00
296.9007472780177,298.4736693208262,293.18751624004057,296.6618347167969,10940200,0.0,0.0,JPM,2025-11-24 00:00:00-05:00
298.70260864804214,303.13263800592705,294.23278078476807,301.6393737792969,8877200,0.0,0.0,JPM,2025-11-25 00:00:00-05:00
303.6303853642607,307.1445325435829,301.83848048809654,306.258544921875,7910900,0.0,0.0,JPM,2025-11-26 00:00:00-05:00
307.71199439271356,312.31124344972676,306.85584041963983,311.6741027832031,4322400,0.0,0.0,JPM,2025-11-28 00:00:00-05:00
311.5447084439427,312.6298101472411,307.1545079277028,307.5328063964844,7727300,0.0,0.0,JPM,2025-12-01 00:00:00-05:00
307.3535906208714,309.0857977944923,305.7110060363412,306.4974670410156,7249000,0.0,0.0,JPM,2025-12-02 00:00:00-05:00
305.8205388774128,310.9573413023751,305.4223107621409,310.7283935546875,8535300,0.0,0.0,JPM,2025-12-03 00:00:00-05:00
311.8533290542866,317.0598245188333,311.594486851423,314.6805725097656,9627800,0.0,0.0,JPM,2025-12-04 00:00:00-05:00
314.22264749671507,317.0498909600222,313.26693645912985,313.6253356933594,6518900,0.0,0.0,JPM,2025-12-05 00:00:00-05:00
313.64523530818684,315.04890741449873,311.9429224901236,313.7945556640625,7417200,0.0,0.0,JPM,2025-12-08 00:00:00-05:00
313.53574377586375,317.36843122488773,298.6727631596137,299.16058349609375,18049200,0.0,0.0,JPM,2025-12-09 00:00:00-05:00
299.1506059920777,309.79260502170655,297.1197580970947,308.7174377441406,18874100,0.0,0.0,JPM,2025-12-10 00:00:00-05:00
307.85134172095206,316.57201448320507,307.85134172095206,315.9548034667969,9721900,0.0,0.0,JPM,2025-12-11 00:00:00-05:00
318.2444858866232,318.8318328758901,315.1783298378069,317.0896911621094,8982900,0.0,0.0,JPM,2025-12-12 00:00:00-05:00
318.15488497356307,321.43011981246894,316.9602917736724,318.58294677734375,10864100,0.0,0.0,JPM,2025-12-15 00:00:00-05:00
317.65713843404893,318.0852002489096,312.9881962174831,314.1330261230469,8331300,0.0,0.0,JPM,2025-12-16 00:00:00-05:00
317.0000717018951,317.93585302959536,313.247011955208,313.5655822753906,8718700,0.0,0.0,JPM,2025-12-17 00:00:00-05:00
314.5810110073882,316.2733893580616,310.8179862048632,311.594482421875,11444900,0.0,0.0,JPM,2025-12-18 00:00:00-05:00
312.38092757719465,317.12949684979,311.7836158143462,315.7855529785156,24494400,0.0,0.0,JPM,2025-12-19 00:00:00-05:00
316.0842305232393,321.778546068669,316.0842305232393,321.63916015625,8354600,0.0,0.0,JPM,2025-12-22 00:00:00-05:00
322.15681084289565,326.3080987754714,321.63915684610726,324.4664001464844,6668300,0.0,0.0,JPM,2025-12-23 00:00:00-05:00
324.7749981915486,328.5081586858931,324.0383309091034,327.6918640136719,4289300,0.0,0.0,JPM,2025-12-24 00:00:00-05:00
327.6321237138718,329.3742653747722,325.0736873353596,326.4375305175781,4158300,0.0,0.0,JPM,2025-12-26 00:00:00-05:00
325.5316095182794,326.29814090339255,322.077190306029,322.29620361328125,8635300,0.0,0.0,JPM,2025-12-29 00:00:00-05:00
323.35145488056963,323.48087598310644,321.0418654305578,321.96771240234375,7904300,0.0,0.0,JPM,2025-12-30 00:00:00-05:00
322.8835465614906,323.42113019633854,320.59388687095947,320.7730712890625,5048500,0.0,0.0,JPM,2025-12-31 00:00:00-05:00
321.0518034652283,324.2673099842148,319.2996970795839,324.0184326171875,8054000,0.0,0.0,JPM,2026-01-02 00:00:00-05:00
324.03834873814424,335.7355855973553,323.7297432174082,332.5400085449219,10752600,0.0,0.0,JPM,2026-01-05 00:00:00-05:00
332.6199951171875,335.8699951171875,330.6499938964844,334.6099853515625,7660800,1.5,0.0,JPM,2026-01-06 00:00:00-05:00
331.1400146484375,332.1499938964844,324.6000061035156,326.989990234375,9815200,0.0,0.0,JPM,2026-01-07 00:00:00-05:00
326.3900146484375,331.3999938964844,325.6499938964844,329.7900085449219,11737100,0.0,0.0,JPM,2026-01-08 00:00:00-05:00
329.3399963378906,331.8999938964844,328.1700134277344,329.19000244140625,6738100,0.0,0.0,JPM,2026-01-09 00:00:00-05:00
321.8800048828125,326.0199890136719,321.2300109863281,324.489990234375,12805100,0.0,0.0,JPM,2026-01-12 00:00:00-05:00
324.29998779296875,326.8599853515625,310.57000732421875,310.8999938964844,19371200,0.0,0.0,JPM,2026-01-13 00:00:00-05:00
308.20001220703125,311.760009765625,306.1199951171875,307.8699951171875,25951500,0.0,0.0,JPM,2026-01-14 00:00:00-05:00
308.4700012207031,312.94000244140625,307.75,309.260009765625,14751400,0.0,0.0,JPM,2026-01-15 00:00:00-05:00
310.3500061035156,317.2099914550781,310.0,312.4700012207031,14652500,0.0,0.0,JPM,2026-01-16 00:00:00-05:00
306.2099914550781,311.1499938964844,301.8599853515625,302.739990234375,12900600,0.0,0.0,JPM,2026-01-20 00:00:00-05:00
303.42999267578125,305.3999938964844,301.1499938964844,302.0400085449219,10270100,0.0,0.0,JPM,2026-01-21 00:00:00-05:00
304.8599853515625,308.20001220703125,302.8999938964844,303.6300048828125,10535800,0.0,0.0,JPM,2026-01-22 00:00:00-05:00
302.0,302.3699951171875,296.510009765625,297.7200012207031,11107900,0.0,0.0,JPM,2026-01-23 00:00:00-05:00
297.80999755859375,301.7799987792969,297.45001220703125,301.0400085449219,11752700,0.0,0.0,JPM,2026-01-26 00:00:00-05:00
301.3299865722656,301.9700012207031,298.1499938964844,300.30999755859375,11527400,0.0,0.0,JPM,2026-01-27 00:00:00-05:00
300.2699890136719,301.9200134277344,298.04998779296875,300.7699890136719,9556700,0.0,0.0,JPM,2026-01-28 00:00:00-05:00
302.3999938964844,306.8299865722656,302.2200012207031,306.4200134277344,11580000,0.0,0.0,JPM,2026-01-29 00:00:00-05:00
305.25,307.92999267578125,302.55999755859375,305.8900146484375,11953200,0.0,0.0,JPM,2026-01-30 00:00:00-05:00
304.4599914550781,309.29998779296875,301.3699951171875,308.1400146484375,9839400,0.0,0.0,JPM,2026-02-02 00:00:00-05:00
309.7300109863281,316.25,309.1000061035156,314.8500061035156,12688000,0.0,0.0,JPM,2026-02-03 00:00:00-05:00
314.4100036621094,319.30999755859375,314.4100036621094,317.2699890136719,9848800,0.0,0.0,JPM,2026-02-04 00:00:00-05:00
315.0,316.010009765625,305.5400085449219,310.1600036621094,9388000,0.0,0.0,JPM,2026-02-05 00:00:00-05:00
314.7099914550781,324.25,314.7099914550781,322.3999938964844,17797400,0.0,0.0,JPM,2026-02-06 00:00:00-05:00
321.3399963378906,326.3999938964844,320.1099853515625,322.1000061035156,11477500,0.0,0.0,JPM,2026-02-09 00:00:00-05:00
322.54998779296875,326.1300048828125,315.1199951171875,318.2799987792969,9902200,0.0,0.0,JPM,2026-02-10 00:00:00-05:00
323.239990234375,325.2799987792969,308.7300109863281,310.82000732421875,8703500,0.0,0.0,JPM,2026-02-11 00:00:00-05:00
312.2799987792969,313.6199951171875,300.0199890136719,302.6400146484375,13443400,0.0,0.0,JPM,2026-02-12 00:00:00-05:00
298.5199890136719,304.2900085449219,296.5199890136719,302.54998779296875,9114500,0.0,0.0,JPM,2026-02-13 00:00:00-05:00
302.760009765625,308.239990234375,302.5,307.1300048828125,8896800,0.0,0.0,JPM,2026-02-17 00:00:00-05:00
308.4599914550781,312.2799987792969,307.2200012207031,308.7799987792969,7209600,0.0,0.0,JPM,2026-02-18 00:00:00-05:00
307.1700134277344,309.17999267578125,305.1199951171875,308.04998779296875,6737700,0.0,0.0,JPM,2026-02-19 00:00:00-05:00
308.3999938964844,311.0,305.67999267578125,310.7900085449219,7792700,0.0,0.0,JPM,2026-02-20 00:00:00-05:00
308.79998779296875,311.0,295.1000061035156,297.6700134277344,12955400,0.0,0.0,JPM,2026-02-23 00:00:00-05:00
296.82000732421875,299.75,291.3800048828125,297.29998779296875,13554100,0.0,0.0,JPM,2026-02-24 00:00:00-05:00
298.6400146484375,303.6600036621094,297.010009765625,303.29998779296875,8095500,0.0,0.0,JPM,2026-02-25 00:00:00-05:00
304.5799865722656,309.010009765625,303.6400146484375,306.1300048828125,7007800,0.0,0.0,JPM,2026-02-26 00:00:00-05:00
300.0,302.95001220703125,294.45001220703125,300.29998779296875,18620800,0.0,0.0,JPM,2026-02-27 00:00:00-05:00
294.80999755859375,299.9800109863281,293.2099914550781,297.55999755859375,8508900,0.0,0.0,JPM,2026-03-02 00:00:00-05:00
292.2900085449219,302.3900146484375,289.5,300.260009765625,10278200,0.0,0.0,JPM,2026-03-03 00:00:00-05:00
299.989990234375,301.0,295.82000732421875,299.3900146484375,8055700,0.0,0.0,JPM,2026-03-04 00:00:00-05:00
297.9800109863281,301.239990234375,292.42999267578125,293.54998779296875,12732500,0.0,0.0,JPM,2026-03-05 00:00:00-05:00
286.3399963378906,289.989990234375,283.7099914550781,289.4800109863281,13496500,0.0,0.0,JPM,2026-03-06 00:00:00-05:00
285.5,291.1000061035156,280.45001220703125,289.9200134277344,12241100,0.0,0.0,JPM,2026-03-09 00:00:00-04:00
289.2900085449219,292.75,287.17999267578125,288.7300109863281,8344900,0.0,0.0,JPM,2026-03-10 00:00:00-04:00
288.80999755859375,290.4800109863281,284.8599853515625,287.5199890136719,10205000,0.0,0.0,JPM,2026-03-11 00:00:00-04:00
282.8299865722656,283.8800048828125,279.1000061035156,282.8900146484375,13760500,0.0,0.0,JPM,2026-03-12 00:00:00-04:00
284.6700134277344,287.19000244140625,282.95001220703125,283.44000244140625,9091200,0.0,0.0,JPM,2026-03-13 00:00:00-04:00
286.3399963378906,289.2699890136719,284.6099853515625,286.1600036621094,8149000,0.0,0.0,JPM,2026-03-16 00:00:00-04:00
289.0,291.760009765625,285.95001220703125,286.8900146484375,8961200,0.0,0.0,JPM,2026-03-17 00:00:00-04:00
286.8299865722656,289.4100036621094,285.1199951171875,287.739990234375,10057000,0.0,0.0,JPM,2026-03-18 00:00:00-04:00
286.8800048828125,289.510009765625,284.6199951171875,287.9700012207031,9846700,0.0,0.0,JPM,2026-03-19 00:00:00-04:00
288.0799865722656,290.7099914550781,285.2699890136719,286.55999755859375,22436500,0.0,0.0,JPM,2026-03-20 00:00:00-04:00
294.30999755859375,295.69000244140625,287.9700012207031,289.9100036621094,7193450,0.0,0.0,JPM,2026-03-23 00:00:00-04:00
336.1343574479224,342.65555995835115,335.14178587400806,341.3155822753906,5675100,0.0,0.0,V,2025-03-24 00:00:00-04:00
342.00047620202685,342.9632718885476,338.1393883375077,342.0600280761719,3931200,0.0,0.0,V,2025-03-25 00:00:00-04:00
343.4198125365693,344.79950149712596,340.4520333673521,341.6232604980469,6187100,0.0,0.0,V,2025-03-26 00:00:00-04:00
341.4445929646102,348.23377832935,340.76965162042114,347.26104736328125,7254800,0.0,0.0,V,2025-03-27 00:00:00-04:00
346.5960305247208,349.0079719025993,339.0723218953758,340.3031311035156,5687600,0.0,0.0,V,2025-03-28 00:00:00-04:00
336.8291431228227,349.24619193619026,332.0052299024805,347.8565979003906,9950800,0.0,0.0,V,2025-03-31 00:00:00-04:00
347.8367746283876,347.8467100369184,340.0252414163327,343.77716064453125,7473300,0.0,0.0,V,2025-04-01 00:00:00-04:00
340.88874739233717,345.61339727308604,340.501629980197,343.75726318359375,5682500,0.0,0.0,V,2025-04-02 00:00:00-04:00
331.419627671556,342.1790994173941,328.541176293924,336.8688659667969,8792900,0.0,0.0,V,2025-04-03 00:00:00-04:00
327.548601237895,332.16405274261683,309.8014176333739,310.8039245605469,13201700,0.0,0.0,V,2025-04-04 00:00:00-04:00
299.8261105791199,319.7867109219751,296.77890849631945,309.9999694824219,12163400,0.0,0.0,V,2025-04-07 00:00:00-04:00
319.8462363061084,323.8562337207618,301.6722542325901,305.9800109863281,9569300,0.0,0.0,V,2025-04-08 00:00:00-04:00
303.36957174968546,331.54866125033834,303.36957174968546,329.9605407714844,11361800,0.0,0.0,V,2025-04-09 00:00:00-04:00
325.58331156384054,327.70742923767034,310.9428810827381,322.1986389160156,8709800,0.0,0.0,V,2025-04-10 00:00:00-04:00
322.01994237069283,334.4767320151453,320.1439981157205,330.9233093261719,6804500,0.0,0.0,V,2025-04-11 00:00:00-04:00
333.9109984216604,337.0872092038152,330.66530036126704,332.69012451171875,5011800,0.0,0.0,V,2025-04-14 00:00:00-04:00
334.21867337845134,336.868852585166,332.5114492037403,333.3154296875,4386200,0.0,0.0,V,2025-04-15 00:00:00-04:00
332.51146424051313,334.7149742599511,326.4170604757067,328.86871337890625,5850600,0.0,0.0,V,2025-04-16 00:00:00-04:00
328.6106446651179,331.83650195069123,326.0001768459444,327.1614685058594,5655900,0.0,0.0,V,2025-04-17 00:00:00-04:00
326.5560489490122,326.70492862743896,314.2977839105312,317.72216796875,6362300,0.0,0.0,V,2025-04-21 00:00:00-04:00
321.45417419696156,330.08955789982576,319.99512324951644,328.93817138671875,5435500,0.0,0.0,V,2025-04-22 00:00:00-04:00
334.7348143715311,338.7150359152207,330.72484718434157,331.8861389160156,8906000,0.0,0.0,V,2025-04-23 00:00:00-04:00
330.80424492707886,334.26830994302304,328.78932589248984,333.2161865234375,8055200,0.0,0.0,V,2025-04-24 00:00:00-04:00
332.27327882511344,333.8713045630103,329.7025220135741,332.68023681640625,4452800,0.0,0.0,V,2025-04-25 00:00:00-04:00
334.2782499885968,336.81923076822625,332.53131434352156,335.0028381347656,5422900,0.0,0.0,V,2025-04-28 00:00:00-04:00
335.9854769850612,339.7274609052591,333.96062249755994,338.9830322265625,5519500,0.0,0.0,V,2025-04-29 00:00:00-04:00
331.95563272299455,343.9458837593796,330.76453474263207,342.9334716796875,9526700,0.0,0.0,V,2025-04-30 00:00:00-04:00
343.01285133188384,343.1518258838107,337.5934193334326,339.9061279296875,5849900,0.0,0.0,V,2025-05-01 00:00:00-04:00
344.6406707739598,347.4893460773067,343.5488360869076,345.0178527832031,6113700,0.0,0.0,V,2025-05-02 00:00:00-04:00
344.4223085902637,348.44221102662306,343.54884082856637,346.0501403808594,3865300,0.0,0.0,V,2025-05-05 00:00:00-04:00
343.8267653261146,347.05262273661964,343.1915353103797,345.11712646484375,3438500,0.0,0.0,V,2025-05-06 00:00:00-04:00
346.1097084540244,348.54149055488324,344.6307562601749,347.25115966796875,5454000,0.0,0.0,V,2025-05-07 00:00:00-04:00
349.38517160328274,352.69042140438404,348.34298363388575,348.66058349609375,4156400,0.0,0.0,V,2025-05-08 00:00:00-04:00
349.21642550515,351.17179261651313,348.06506919478625,349.9211730957031,3086600,0.0,0.0,V,2025-05-09 00:00:00-04:00
356.4721729946727,359.20174484896734,348.521664918718,353.20660400390625,7985400,0.0,0.0,V,2025-05-12 00:00:00-04:00
353.46507058705555,356.7957135338314,352.53050139384237,354.0815124511719,5406200,0.59,0.0,V,2025-05-13 00:00:00-04:00
354.60843571646035,356.3383686851556,353.15685277328083,354.3996276855469,6207600,0.0,0.0,V,2025-05-14 00:00:00-04:00
354.8271684149894,361.6276291533864,354.6183603822515,360.20587158203125,5826100,0.0,0.0,V,2025-05-15 00:00:00-04:00
360.8521422236704,364.0734051456595,358.80405155830886,363.00958251953125,5838100,0.0,0.0,V,2025-05-16 00:00:00-04:00
360.9217005235553,367.01627342168587,360.22576479180896,365.77349853515625,5081500,0.0,0.0,V,2025-05-19 00:00:00-04:00
365.6542347658321,366.1215193850763,362.58209856997917,364.71966552734375,5281400,0.0,0.0,V,2025-05-20 00:00:00-04:00
361.61765852652974,363.8745267472765,356.01024379987655,356.2289733886719,6125500,0.0,0.0,V,2025-05-21 00:00:00-04:00
355.69213173413715,357.9191746673327,354.4990556821056,355.9009094238281,4936600,0.0,0.0,V,2025-05-22 00:00:00-04:00
351.7052986849405,353.9422935175656,350.1841434124028,351.49652099609375,5345900,0.0,0.0,V,2025-05-23 00:00:00-04:00
353.3557058501838,357.91917164775055,352.4310886053113,357.22320556640625,6316000,0.0,0.0,V,2025-05-27 00:00:00-04:00
357.2629964880913,358.8239291058765,355.9705226776412,357.6507568359375,3299000,0.0,0.0,V,2025-05-28 00:00:00-04:00
358.2671591242516,360.9416131728053,356.64657577796976,360.3052978515625,4590400,0.0,0.0,V,2025-05-29 00:00:00-04:00
359.2613920730208,364.9185061271794,359.2613920730208,363.0791931152344,8726900,0.0,0.0,V,2025-05-30 00:00:00-04:00
360.6731560117977,363.3476100725079,357.8794004131082,363.20843505859375,3845700,0.0,0.0,V,2025-06-02 00:00:00-04:00
362.4726695459883,364.75939346867773,359.41048567377067,363.7452697753906,5221300,0.0,0.0,V,2025-06-03 00:00:00-04:00
364.590403043131,367.5233641421073,364.19272111645273,365.8729553222656,4202300,0.0,0.0,V,2025-06-04 00:00:00-04:00
367.8613656369081,368.8555855440349,363.81488333301803,364.6500244140625,6881900,0.0,0.0,V,2025-06-05 00:00:00-04:00
366.8771110066502,368.85559898474776,365.4255280436987,368.0801086425781,5008500,0.0,0.0,V,2025-06-06 00:00:00-04:00
367.6525931394453,367.6525931394453,359.95731031770026,364.5406799316406,4999900,0.0,0.0,V,2025-06-09 00:00:00-04:00
364.878716628449,369.2930555729926,364.5605589669432,368.5573425292969,4109300,0.0,0.0,V,2025-06-10 00:00:00-04:00
367.8613865449288,373.33954825373667,367.2449750220648,371.1522521972656,5562700,0.0,0.0,V,2025-06-11 00:00:00-04:00
370.07848489023866,372.0072739266105,367.4139524946883,369.2532653808594,4874000,0.0,0.0,V,2025-06-12 00:00:00-04:00
359.4204335216589,360.91176332088634,343.00585382231685,350.81048583984375,14181700,0.0,0.0,V,2025-06-13 00:00:00-04:00
354.4294650172824,358.137916403319,352.2819462555537,353.4253234863281,7234700,0.0,0.0,V,2025-06-16 00:00:00-04:00
351.44680457851234,357.5215043223713,351.2778041760744,355.77166748046875,5559600,0.0,0.0,V,2025-06-17 00:00:00-04:00
355.78162171567277,356.4079851502761,336.0861265714273,338.41259765625,15008600,0.0,0.0,V,2025-06-18 00:00:00-04:00
336.99087607586944,338.0347949237182,332.98417074968575,336.6130676269531,19332100,0.0,0.0,V,2025-06-20 00:00:00-04:00
335.5492476029829,342.30993141821295,333.690061070854,341.76312255859375,7553300,0.0,0.0,V,2025-06-23 00:00:00-04:00
349.48815421768734,352.5105910872146,345.90898699511126,349.5975341796875,10172000,0.0,0.0,V,2025-06-24 00:00:00-04:00
348.42437750857823,349.25951858703286,343.2643737792969,343.2643737792969,6836300,0.0,0.0,V,2025-06-25 00:00:00-04:00
341.79294279383276,344.9048561792952,340.05305783248224,344.0299377441406,8829500,0.0,0.0,V,2025-06-26 00:00:00-04:00
344.58668785023735,349.9753733140441,343.66207058124957,346.5950012207031,6601900,0.0,0.0,V,2025-06-27 00:00:00-04:00
347.3307668769442,353.5545635131853,347.0424345782502,352.997802734375,7080100,0.0,0.0,V,2025-06-30 00:00:00-04:00
351.7748874939299,354.9364994508519,349.3887658347658,353.41534423828125,6653400,0.0,0.0,V,2025-07-01 00:00:00-04:00
352.5503853237964,354.30019172926967,347.9769676803324,352.1725769042969,5131400,0.0,0.0,V,2025-07-02 00:00:00-04:00
352.5404582199922,356.92497196219716,351.56611171910697,356.7857666015625,3702800,0.0,0.0,V,2025-07-03 00:00:00-04:00
356.8454335264291,357.58114657143045,352.44101614142653,354.57861328125,5138000,0.0,0.0,V,2025-07-07 00:00:00-04:00
354.6183647363144,356.20912272568273,351.20819758727356,352.50067138671875,6966800,0.0,0.0,V,2025-07-08 00:00:00-04:00
353.01771486982267,355.6921691894531,351.7053371426281,355.6921691894531,7297100,0.0,0.0,V,2025-07-09 00:00:00-04:00
354.7675193867284,355.5529617047032,351.4070811773065,353.8230285644531,6121300,0.0,0.0,V,2025-07-10 00:00:00-04:00
350.4724897455271,351.7649635641954,342.3994284803042,345.9189453125,7580200,0.0,0.0,V,2025-07-11 00:00:00-04:00
345.3820508654932,349.9355644627864,343.0158027500212,348.47406005859375,5598900,0.0,0.0,V,2025-07-14 00:00:00-04:00
346.1078386697819,348.1857546915019,344.7557141229187,345.0141906738281,4891700,0.0,0.0,V,2025-07-15 00:00:00-04:00
345.2826639034013,348.64313227631465,343.8012555074003,347.8775634765625,5544200,0.0,0.0,V,2025-07-16 00:00:00-04:00
347.97699015945284,349.3390666663444,346.4657867250158,347.7880859375,4747100,0.0,0.0,V,2025-07-17 00:00:00-04:00
347.4798818290788,347.4798818290788,345.15341072472773,347.032470703125,4927600,0.0,0.0,V,2025-07-18 00:00:00-04:00
347.04242165312115,351.60588769225996,346.3862328294221,348.91156005859375,5216300,0.0,0.0,V,2025-07-21 00:00:00-04:00
349.0706158942277,352.43108403908155,348.17582404493845,349.8262023925781,4614200,0.0,0.0,V,2025-07-22 00:00:00-04:00
350.9596777844079,353.72360831081886,349.1800153986937,353.2364501953125,4385600,0.0,0.0,V,2025-07-23 00:00:00-04:00
352.7691347853894,355.11547933584245,351.8146617746286,351.9240417480469,5887200,0.0,0.0,V,2025-07-24 00:00:00-04:00
351.95388105478474,355.582777997423,350.9696129610146,354.976318359375,3915400,0.0,0.0,V,2025-07-25 00:00:00-04:00
354.32008797586263,356.24887698280617,352.6796312315113,353.41534423828125,3921000,0.0,0.0,V,2025-07-28 00:00:00-04:00
354.2306210458319,356.2488862541361,348.78228500364895,349.259521484375,7402300,0.0,0.0,V,2025-07-29 00:00:00-04:00
349.66718668152214,354.5587320980825,345.2230220609473,348.8817443847656,12129700,0.0,0.0,V,2025-07-30 00:00:00-04:00
346.9131676575012,350.78069791357024,343.09536660475925,343.4731750488281,8641700,0.0,0.0,V,2025-07-31 00:00:00-04:00
342.1110636742897,344.16910608911314,336.1457444483777,337.3885192871094,8658700,0.0,0.0,V,2025-08-01 00:00:00-04:00
339.72495201332026,342.3894540638036,338.0347660466138,340.1723327636719,7335300,0.0,0.0,V,2025-08-04 00:00:00-04:00
340.17236435347024,340.4805701238393,333.6105063349677,335.4796447753906,7295600,0.0,0.0,V,2025-08-05 00:00:00-04:00
336.34459648145895,339.4565097752272,333.49119008351096,337.7762756347656,5944100,0.0,0.0,V,2025-08-06 00:00:00-04:00
339.4565124616352,340.1723520439536,326.80011183390815,330.1705017089844,8797100,0.0,0.0,V,2025-08-07 00:00:00-04:00
331.7513165265837,335.4299425988389,330.80682574778405,334.8334045410156,6073900,0.0,0.0,V,2025-08-08 00:00:00-04:00
334.78371569509886,335.90715882250316,332.57654605394436,333.95849609375,5715800,0.0,0.0,V,2025-08-11 00:00:00-04:00
333.84894997860204,337.2850261197865,333.46050732909305,335.3827209472656,5682800,0.59,0.0,V,2025-08-12 00:00:00-04:00
335.6217849724466,342.09558618081985,335.42257893128226,341.1693115234375,5693400,0.0,0.0,V,2025-08-13 00:00:00-04:00
341.55773293031257,344.6850608988738,340.29286279189733,344.0974426269531,6224000,0.0,0.0,V,2025-08-14 00:00:00-04:00
344.8543977666452,346.9558785686944,341.4780469796213,343.0815734863281,4946600,0.0,0.0,V,2025-08-15 00:00:00-04:00
342.45409285637004,344.3364894908787,339.5757572803942,341.3585205078125,3999600,0.0,0.0,V,2025-08-18 00:00:00-04:00
341.17927471045255,344.9440378209097,340.51199223443484,341.0697326660156,4457200,0.0,0.0,V,2025-08-19 00:00:00-04:00
342.01586914906005,346.039593838693,341.4680981636876,342.5437316894531,5834400,0.0,0.0,V,2025-08-20 00:00:00-04:00
341.50795467286497,343.13135922785364,338.35071837042835,342.3047180175781,6073600,0.0,0.0,V,2025-08-21 00:00:00-04:00
343.82854031012994,349.7844479666891,343.82854031012994,348.6291198730469,4973200,0.0,0.0,V,2025-08-22 00:00:00-04:00
348.20082587581777,349.3063676468326,346.0993451607829,347.4140319824219,8019800,0.0,0.0,V,2025-08-25 00:00:00-04:00
347.28454198788506,351.97554893901935,346.04954976671655,349.7644958496094,5876200,0.0,0.0,V,2025-08-26 00:00:00-04:00
349.29640058585716,352.00543842090394,348.4299121185624,348.9378662109375,5531100,0.0,0.0,V,2025-08-27 00:00:00-04:00
349.1868671034665,349.62509605771004,347.1949283640224,348.4498291015625,4987100,0.0,0.0,V,2025-08-28 00:00:00-04:00
349.0474346520695,351.20870166850244,347.5933278083949,350.36212158203125,3671900,0.0,0.0,V,2025-08-29 00:00:00-04:00
347.90205015208494,348.7585995956409,344.6850582193853,348.65899658203125,4940300,0.0,0.0,V,2025-09-02 00:00:00-04:00
347.9319480564761,349.4757188699106,345.86034506911096,349.4557800292969,4176400,0.0,0.0,V,2025-09-03 00:00:00-04:00
349.3163554918516,351.20869125607726,347.7427068329104,349.5752868652344,4324000,0.0,0.0,V,2025-09-04 00:00:00-04:00
349.9637226051439,351.19871489948525,338.8287923269697,341.83660888671875,5448300,0.0,0.0,V,2025-09-05 00:00:00-04:00
340.9601658905973,342.9919520077189,339.6255705218194,340.9203186035156,4711600,0.0,0.0,V,2025-09-08 00:00:00-04:00
340.3127677727729,344.9241107011969,339.91438611386513,342.6034851074219,4646200,0.0,0.0,V,2025-09-09 00:00:00-04:00
341.2290336271523,341.2290336271523,335.0839199528726,336.75714111328125,6557900,0.0,0.0,V,2025-09-10 00:00:00-04:00
337.36473596665724,342.14537707283733,336.50818645167647,342.10552978515625,5157600,0.0,0.0,V,2025-09-11 00:00:00-04:00
339.8446834033817,341.8067443574847,337.80295827006614,338.0618896484375,3518300,0.0,0.0,V,2025-09-12 00:00:00-04:00
339.2370898085397,341.3286314243895,337.02606713399587,337.6833801269531,4367500,0.0,0.0,V,2025-09-15 00:00:00-04:00
334.8847522042262,339.1674390000394,332.12592781868733,338.65948486328125,5527700,0.0,0.0,V,2025-09-16 00:00:00-04:00
338.5698181836777,344.8045959472656,338.15149768935095,344.8045959472656,5763500,0.0,0.0,V,2025-09-17 00:00:00-04:00
343.34054286819156,343.8783444611386,336.8169250488281,336.8169250488281,7526600,0.0,0.0,V,2025-09-18 00:00:00-04:00
339.07776508719815,341.308726624151,336.8866204387113,340.2330627441406,13674300,0.0,0.0,V,2025-09-19 00:00:00-04:00
337.6435732483086,343.4699695296953,337.2949779029044,342.97198486328125,5621800,0.0,0.0,V,2025-09-22 00:00:00-04:00
343.2010826702708,343.8683955239399,336.26914434314534,337.3348388671875,10142700,0.0,0.0,V,2025-09-23 00:00:00-04:00
337.76307872075415,338.5299641513985,336.5579643598641,337.31488037109375,5207400,0.0,0.0,V,2025-09-24 00:00:00-04:00
336.986245742455,338.82879517404456,333.16172697127865,333.58001708984375,5398700,0.0,0.0,V,2025-09-25 00:00:00-04:00
335.870772959751,338.13161256415685,334.8748035560274,336.01019287109375,9619200,0.0,0.0,V,2025-09-26 00:00:00-04:00
336.02014683051596,339.2670166635244,334.19750588460323,338.7889404296875,7217800,0.0,0.0,V,2025-09-29 00:00:00-04:00
338.4503185350138,344.21695930197603,337.1456010921614,340.0040283203125,8164400,0.0,0.0,V,2025-09-30 00:00:00-04:00
338.9383303898218,347.9518409378596,338.9383303898218,346.4280090332031,8381000,0.0,0.0,V,2025-10-01 00:00:00-04:00
344.8245038053001,345.78062585482786,342.17522173126287,344.55560302734375,5198000,0.0,0.0,V,2025-10-02 00:00:00-04:00
344.7149246402009,351.7365265398504,344.6053826050675,348.4299011230469,5199700,0.0,0.0,V,2025-10-03 00:00:00-04:00
348.59926099013336,349.7047724397164,342.9620705133982,347.8721923828125,4735600,0.0,0.0,V,2025-10-06 00:00:00-04:00
348.649038694597,353.0113894416703,348.649038694597,350.9995422363281,5044600,0.0,0.0,V,2025-10-07 00:00:00-04:00
352.3540458932983,353.56912975217324,349.6848552507119,349.94378662109375,3927500,0.0,0.0,V,2025-10-08 00:00:00-04:00
350.053372578839,351.4477236851982,344.1870981171116,345.6412353515625,4434800,0.0,0.0,V,2025-10-09 00:00:00-04:00
346.22883102731305,348.9876551929239,341.8664803982835,342.2648620605469,6296200,0.0,0.0,V,2025-10-10 00:00:00-04:00
342.3345802589799,346.25870186147023,339.3566416804042,341.916259765625,4030700,0.0,0.0,V,2025-10-13 00:00:00-04:00
339.62557092345327,348.59926508965935,338.84871599460195,346.975830078125,5731000,0.0,0.0,V,2025-10-14 00:00:00-04:00
346.97582147163655,348.66895120043125,342.61347067376323,344.2966613769531,3778200,0.0,0.0,V,2025-10-15 00:00:00-04:00
343.60943841195035,344.29665972034013,332.8231033275876,334.0481262207031,6241500,0.0,0.0,V,2025-10-16 00:00:00-04:00
336.40854379107526,342.0656725867902,335.641658362382,340.511962890625,6267100,0.0,0.0,V,2025-10-17 00:00:00-04:00
340.52192718186024,343.56959107313133,337.57386630815864,343.0218200683594,4665000,0.0,0.0,V,2025-10-20 00:00:00-04:00
341.73700528252846,348.2406840511567,341.61749382129113,345.8105163574219,4121800,0.0,0.0,V,2025-10-21 00:00:00-04:00
346.41806300253444,346.7666583503171,343.1114375002872,343.96795654296875,5074400,0.0,0.0,V,2025-10-22 00:00:00-04:00
344.8046050728569,345.75075772943865,343.07159771571963,344.5655517578125,7217200,0.0,0.0,V,2025-10-23 00:00:00-04:00
346.7965606090745,347.6729881581522,343.9281638460587,345.9798583984375,3576700,0.0,0.0,V,2025-10-24 00:00:00-04:00
347.5932968196336,348.11118993015566,343.6193889117696,346.4180603027344,5400300,0.0,0.0,V,2025-10-27 00:00:00-04:00
347.17499127440243,348.47973911832344,345.1033883485486,345.50177001953125,7445400,0.0,0.0,V,2025-10-28 00:00:00-04:00
344.605395498532,349.5653338093142,337.6336100404692,339.9044189453125,8361700,0.0,0.0,V,2025-10-29 00:00:00-04:00
340.84064122785446,348.31041155130293,340.41238169067435,343.6393127441406,6411800,0.0,0.0,V,2025-10-30 00:00:00-04:00
340.70120303053983,341.6175082630505,336.8069893774489,339.3666076660156,7301600,0.0,0.0,V,2025-10-31 00:00:00-04:00
339.62556434648224,339.83470940935274,333.47048076827303,335.5420837402344,5538000,0.0,0.0,V,2025-11-03 00:00:00-05:00
335.12376505447554,338.9482835653288,332.9027425465992,338.9283447265625,5920200,0.0,0.0,V,2025-11-04 00:00:00-05:00
338.75906718983583,340.73106709286975,335.00424320677166,338.66943359375,4984600,0.0,0.0,V,2025-11-05 00:00:00-05:00
337.225272127104,337.2850278589407,332.36493664056536,335.6018371582031,8507900,0.0,0.0,V,2025-11-06 00:00:00-05:00
335.37277903778016,336.9264888333082,333.50035174712497,334.6656188964844,5318400,0.0,0.0,V,2025-11-07 00:00:00-05:00
335.2930683266491,337.31488484751645,332.9724731650907,333.5003356933594,5295800,0.0,0.0,V,2025-11-10 00:00:00-05:00
334.14772643061497,337.72325285148054,331.85700901827914,337.553955078125,4453300,0.0,0.0,V,2025-11-11 00:00:00-05:00
337.5539392647252,343.5515814566134,336.70568232861064,338.1826477050781,6389600,0.67,0.0,V,2025-11-12 00:00:00-05:00
338.3423280213681,340.7573310621838,334.90940445750977,335.3883972167969,4961700,0.0,0.0,V,2025-11-13 00:00:00-05:00
335.19879671610136,335.38837770243606,328.35289786675315,329.3408508300781,6422300,0.0,0.0,V,2025-11-14 00:00:00-05:00
330.47852149051675,332.6739759173699,324.2613310180461,325.07965087890625,6494800,0.0,0.0,V,2025-11-17 00:00:00-05:00
323.83221811811876,324.33118917839323,317.3455943345509,320.51904296875,9170400,0.0,0.0,V,2025-11-18 00:00:00-05:00
320.85834726361674,323.90208907652226,319.21174881651825,323.4530029296875,7066700,0.0,0.0,V,2025-11-19 00:00:00-05:00
323.4530151026438,327.7242064226939,322.4750512555066,323.1037292480469,6510300,0.0,0.0,V,2025-11-20 00:00:00-05:00
324.71042849279974,330.39868059498417,323.6226751809159,327.3050842285156,8930000,0.0,0.0,V,2025-11-21 00:00:00-05:00
328.5624708767812,330.0494254219168,325.3291479858861,328.6223449707031,9337100,0.0,0.0,V,2025-11-24 00:00:00-05:00
328.22316412466176,335.36843350968144,328.22316412466176,333.8415832519531,5854300,0.0,0.0,V,2025-11-25 00:00:00-05:00
333.841586342223,335.01915077050296,332.3746101630006,333.1031188964844,4309900,0.0,0.0,V,2025-11-26 00:00:00-05:00
332.74383871779224,334.3305630576491,331.3167887740865,333.75177001953125,4586200,0.0,0.0,V,2025-11-28 00:00:00-05:00
332.25485376399234,332.6140983109483,329.4606279939679,329.7101135253906,7082300,0.0,0.0,V,2025-12-01 00:00:00-05:00
330.7679320657214,332.1151295810464,326.53663671382,328.9416809082031,8201900,0.0,0.0,V,2025-12-02 00:00:00-05:00
328.93170166015625,331.66608389546013,328.67225740707886,328.93170166015625,6296700,0.0,0.0,V,2025-12-03 00:00:00-05:00
330.5982707162828,331.69601316055844,323.61267574060867,326.4268798828125,6277500,0.0,0.0,V,2025-12-04 00:00:00-05:00
326.15742105214764,333.4224387208775,325.7283132347316,330.558349609375,5266600,0.0,0.0,V,2025-12-05 00:00:00-05:00
329.2011721972187,330.6581592570448,324.0417977110623,326.16741943359375,6059400,0.0,0.0,V,2025-12-08 00:00:00-05:00
325.9378840225944,327.5545759522349,324.4010749776002,325.828125,4325400,0.0,0.0,V,2025-12-09 00:00:00-05:00
325.9678233516992,328.0834557386547,324.63055413261685,325.0596923828125,5467500,0.0,0.0,V,2025-12-10 00:00:00-05:00
331.91557675720895,346.60528693573457,329.38079508046536,344.91876220703125,12953600,0.0,0.0,V,2025-12-11 00:00:00-05:00
347.28386033910544,349.1200701989689,345.25803903865176,347.11419677734375,6942300,0.0,0.0,V,2025-12-12 00:00:00-05:00
347.11421561078276,347.7329653453619,343.12244688455576,346.1761779785156,7004600,0.0,0.0,V,2025-12-15 00:00:00-05:00
345.28799394865695,346.904655405941,343.0126869986315,344.3998107910156,7269300,0.0,0.0,V,2025-12-16 00:00:00-05:00
344.8389016551313,347.07431280569114,342.9727546862657,343.7012634277344,7263500,0.0,0.0,V,2025-12-17 00:00:00-05:00
344.4597058800123,346.81483473957803,343.56153357971857,345.2979736328125,6805000,0.0,0.0,V,2025-12-18 00:00:00-05:00
345.3378535964944,349.18992596210575,345.3378535964944,348.5312805175781,18623900,0.0,0.0,V,2025-12-19 00:00:00-05:00
349.27975255876925,352.71267599172904,348.8705926226271,351.3654479980469,5043500,0.0,0.0,V,2025-12-22 00:00:00-05:00
351.2756364751809,355.6466279609035,351.2756364751809,352.6528015136719,3703200,0.0,0.0,V,2025-12-23 00:00:00-05:00
352.6527918079347,355.2574061270487,352.28355809570263,354.4091796875,2023600,0.0,0.0,V,2025-12-24 00:00:00-05:00
354.3692705227613,355.9959211320052,352.982116288697,354.26947021484375,2017000,0.0,0.0,V,2025-12-26 00:00:00-05:00
354.75844298281737,355.8162592189493,353.0719183232759,353.8802490234375,3989900,0.0,0.0,V,2025-12-29 00:00:00-05:00
353.27152636221,354.1397311728781,351.9342875158643,352.8923034667969,3366500,0.0,0.0,V,2025-12-30 00:00:00-05:00
352.9222335935573,354.46906219163503,349.9683333708139,349.98828125,3503200,0.0,0.0,V,2025-12-31 00:00:00-05:00
349.1500062568855,349.32962853016494,342.7731719172512,345.7669982910156,5403800,0.0,0.0,V,2026-01-02 00:00:00-05:00
343.7910798703184,356.80425438171716,343.34199370889576,353.0719299316406,7592200,0.0,0.0,V,2026-01-05 00:00:00-05:00
352.95216786632784,357.8820044617432,351.2756323845481,356.8241882324219,6775400,0.0,0.0,V,2026-01-06 00:00:00-05:00
356.41501956274413,357.54269902318487,353.78046822093927,355.14764404296875,6333900,0.0,0.0,V,2026-01-07 00:00:00-05:00
354.2694768864638,355.6167049317765,348.7807948501946,351.50518798828125,6357600,0.0,0.0,V,2026-01-08 00:00:00-05:00
351.4352976810692,353.97007917190984,348.44147134622284,349.0502014160156,4902900,0.0,0.0,V,2026-01-09 00:00:00-05:00
342.0745948107181,345.7969298399835,336.62583942441455,342.4937438964844,13281300,0.0,0.0,V,2026-01-12 00:00:00-05:00
336.3065196930893,336.8254386707351,323.16360758569283,327.2052917480469,20383500,0.0,0.0,V,2026-01-13 00:00:00-05:00
327.98368499941245,329.22112357393314,323.27339662748295,328.4926452636719,9388400,0.0,0.0,V,2026-01-14 00:00:00-05:00
328.65226616102615,331.00742540917696,325.6983660025441,327.0755310058594,8587700,0.0,0.0,V,2026-01-15 00:00:00-05:00
326.1075285720045,328.57244685544373,324.7303635575226,327.6243896484375,8341600,0.0,0.0,V,2026-01-16 00:00:00-05:00
321.5668970946223,327.644360890433,320.89826248076747,325.1495056152344,8279900,0.0,0.0,V,2026-01-20 00:00:00-05:00
325.75825361952474,327.9936647784267,322.3353193026403,324.6106262207031,8974600,0.0,0.0,V,2026-01-21 00:00:00-05:00
325.7881853155845,327.7142368080782,323.33325615728353,325.6883850097656,6938700,0.0,0.0,V,2026-01-22 00:00:00-05:00
325.1894097523205,327.1254199321477,323.9519712494617,325.5087585449219,5667900,0.0,0.0,V,2026-01-23 00:00:00-05:00
327.32501347087873,331.3167819278407,324.3611241733934,327.8139953613281,7540200,0.0,0.0,V,2026-01-26 00:00:00-05:00
327.80404260907557,328.25309829578197,324.24138188731973,324.5906677246094,6365800,0.0,0.0,V,2026-01-27 00:00:00-05:00
326.05764337353963,327.71423096530964,324.21144434052763,326.30712890625,8106000,0.0,0.0,V,2026-01-28 00:00:00-05:00
329.3209038427684,332.6739747908746,322.844269146056,331.1171875,10214200,0.0,0.0,V,2026-01-29 00:00:00-05:00
331.53632717586584,332.3147207991864,320.9381868988181,321.1676940917969,11199100,0.0,0.0,V,2026-01-30 00:00:00-05:00
324.16154631106275,334.00127208429024,323.4430267202089,333.15301513671875,8502400,0.0,0.0,V,2026-02-02 00:00:00-05:00
330.96751673112385,335.0990119599509,328.19323869876354,328.25311279296875,9081200,0.0,0.0,V,2026-02-03 00:00:00-05:00
326.4368440875912,330.62821332543064,323.7524077058803,329.2710266113281,8472300,0.0,0.0,V,2026-02-04 00:00:00-05:00
332.3147289199413,336.89527963696725,328.1433381303329,328.45269775390625,8339000,0.0,0.0,V,2026-02-05 00:00:00-05:00
331.09724465448534,334.4403569413341,326.4268827108616,330.89764404296875,7798800,0.0,0.0,V,2026-02-06 00:00:00-05:00
330.07936733351744,332.1351258012084,322.9540455040185,324.9100036621094,8513400,0.0,0.0,V,2026-02-09 00:00:00-05:00
324.7099914550781,329.8800048828125,324.54998779296875,328.1700134277344,5801800,0.67,0.0,V,2026-02-10 00:00:00-05:00
326.9200134277344,331.0400085449219,326.4200134277344,329.239990234375,8264300,0.0,0.0,V,2026-02-11 00:00:00-05:00
328.8900146484375,332.239990234375,324.0,324.17999267578125,9392600,0.0,0.0,V,2026-02-12 00:00:00-05:00
323.8299865722656,326.4800109863281,312.82000732421875,314.0799865722656,11653900,0.0,0.0,V,2026-02-13 00:00:00-05:00
314.4100036621094,321.3800048828125,314.4100036621094,319.5,8591700,0.0,0.0,V,2026-02-17 00:00:00-05:00
319.5,322.2799987792969,316.7200012207031,320.29998779296875,7091900,0.0,0.0,V,2026-02-18 00:00:00-05:00
317.489990234375,320.20001220703125,315.7300109863281,318.92999267578125,5967600,0.0,0.0,V,2026-02-19 00:00:00-05:00
318.1099853515625,322.3500061035156,317.82000732421875,320.95001220703125,6831100,0.0,0.0,V,2026-02-20 00:00:00-05:00
319.0400085449219,320.5199890136719,304.7099914550781,306.5199890136719,13048000,0.0,0.0,V,2026-02-23 00:00:00-05:00
305.5,309.2699890136719,303.0799865722656,307.2200012207031,9120200,0.0,0.0,V,2026-02-24 00:00:00-05:00
308.54998779296875,313.94000244140625,308.25,312.989990234375,7624200,0.0,0.0,V,2026-02-25 00:00:00-05:00
314.4800109863281,319.4200134277344,313.94000244140625,316.70001220703125,8725500,0.0,0.0,V,2026-02-26 00:00:00-05:00
314.4599914550781,320.2300109863281,311.95001220703125,320.1400146484375,12412900,0.0,0.0,V,2026-02-27 00:00:00-05:00
315.5,322.6000061035156,314.6000061035156,320.510009765625,6674900,0.0,0.0,V,2026-03-02 00:00:00-05:00
315.80999755859375,322.0400085449219,314.3500061035156,320.8299865722656,5474300,0.0,0.0,V,2026-03-03 00:00:00-05:00
321.44000244140625,325.7699890136719,319.79998779296875,320.4700012207031,5257900,0.0,0.0,V,2026-03-04 00:00:00-05:00
319.3299865722656,322.79998779296875,314.7699890136719,319.79998779296875,8267200,0.0,0.0,V,2026-03-05 00:00:00-05:00
316.04998779296875,317.69000244140625,312.29998779296875,317.3599853515625,6439700,0.0,0.0,V,2026-03-06 00:00:00-05:00
313.4599914550781,316.3999938964844,310.1499938964844,315.9700012207031,8381500,0.0,0.0,V,2026-03-09 00:00:00-04:00
315.42999267578125,317.1300048828125,311.45001220703125,314.42999267578125,5271300,0.0,0.0,V,2026-03-10 00:00:00-04:00
313.25,315.0799865722656,308.3900146484375,308.9599914550781,6376700,0.0,0.0,V,2026-03-11 00:00:00-04:00
308.1400146484375,310.95001220703125,306.0199890136719,306.5,7514900,0.0,0.0,V,2026-03-12 00:00:00-04:00
307.5899963378906,310.3500061035156,306.4200134277344,307.1400146484375,4814100,0.0,0.0,V,2026-03-13 00:00:00-04:00
307.8500061035156,311.1300048828125,307.3800048828125,310.1099853515625,6401200,0.0,0.0,V,2026-03-16 00:00:00-04:00
311.32000732421875,312.69000244140625,307.3800048828125,308.4599914550781,6872200,0.0,0.0,V,2026-03-17 00:00:00-04:00
307.4100036621094,307.94000244140625,298.5,299.0199890136719,7191700,0.0,0.0,V,2026-03-18 00:00:00-04:00
298.0400085449219,302.4700012207031,297.0299987792969,299.7099914550781,6826400,0.0,0.0,V,2026-03-19 00:00:00-04:00
299.8500061035156,302.9200134277344,299.010009765625,301.6199951171875,14398100,0.0,0.0,V,2026-03-20 00:00:00-04:00
305.20001220703125,307.8500061035156,302.864990234375,304.44000244140625,5655008,0.0,0.0,V,2026-03-23 00:00:00-04:00
85.70946412377447,86.87908586998408,85.59051684775125,86.72048950195312,17900700,0.0,0.0,WMT,2025-03-24 00:00:00-04:00
85.9969126663933,86.54207065555084,83.87573544086993,84.0145034790039,27908600,0.0,0.0,WMT,2025-03-25 00:00:00-04:00
84.4407200074291,84.80746085963222,83.82617044964528,84.46054077148438,27228800,0.0,0.0,WMT,2025-03-26 00:00:00-04:00
84.0343239244923,85.35262784405205,84.0343239244923,84.87684631347656,16782800,0.0,0.0,WMT,2025-03-27 00:00:00-04:00
84.67860570743595,85.07508904316434,83.95502305255987,84.40106964111328,14790600,0.0,0.0,WMT,2025-03-28 00:00:00-04:00
84.0145114198018,87.42425040203197,83.62794219670678,87.01786041259766,30269300,0.0,0.0,WMT,2025-03-31 00:00:00-04:00
86.77005121870576,88.32624213152864,86.60154825237949,88.0487060546875,22080300,0.0,0.0,WMT,2025-04-01 00:00:00-04:00
87.42423582272572,89.35708917816004,87.34494520829982,88.97052001953125,19384100,0.0,0.0,WMT,2025-04-02 00:00:00-04:00
85.5211317279894,89.0894667776156,85.5211317279894,86.49251556396484,33012900,0.0,0.0,WMT,2025-04-03 00:00:00-04:00
84.88676123025336,86.62136927803084,81.92306159749214,82.45831298828125,36209000,0.0,0.0,WMT,2025-04-04 00:00:00-04:00
79.53425350467502,85.50130932037968,79.10803523212469,83.09268188476562,36884900,0.0,0.0,WMT,2025-04-07 00:00:00-04:00
85.09490556125641,86.20505733344864,80.31730013171186,81.07061767578125,34351700,0.0,0.0,WMT,2025-04-08 00:00:00-04:00
82.59707848040362,90.00137781458639,82.2897999219138,88.81192779541016,46632800,0.0,0.0,WMT,2025-04-09 00:00:00-04:00
87.9495873927933,91.06196922853255,87.38460107387989,89.81304931640625,34735300,0.0,0.0,WMT,2025-04-10 00:00:00-04:00
89.88243857140182,92.52895318982188,89.21833326636754,91.98379516601562,25508100,0.0,0.0,WMT,2025-04-11 00:00:00-04:00
92.44964710893656,94.6005667776549,92.08290625713921,93.89681243896484,27742900,0.0,0.0,WMT,2025-04-14 00:00:00-04:00
93.98602371374109,95.18538042132246,93.04438233014228,93.14350128173828,21871200,0.0,0.0,WMT,2025-04-15 00:00:00-04:00
93.17322950195341,93.47059389762062,89.81304661745132,90.38794708251953,22229100,0.0,0.0,WMT,2025-04-16 00:00:00-04:00
91.02231930366285,93.0443775744937,90.81416724726289,92.40009307861328,21393900,0.0,0.0,WMT,2025-04-17 00:00:00-04:00
92.2018492275515,93.25253125346408,90.5366251850864,91.59722137451172,18361200,0.0,0.0,WMT,2025-04-21 00:00:00-04:00
92.06308042977248,94.4518871431863,92.06308042977248,94.01575469970703,15407800,0.0,0.0,WMT,2025-04-22 00:00:00-04:00
94.18425623205235,95.75036128951895,93.3318272472305,94.12478637695312,18046900,0.0,0.0,WMT,2025-04-23 00:00:00-04:00
93.87698138347702,95.37370236122179,92.83622115044166,94.99703979492188,13444500,0.0,0.0,WMT,2025-04-24 00:00:00-04:00
94.95740112287102,95.62150637186309,93.53006411774952,94.2536392211914,15317200,0.0,0.0,WMT,2025-04-25 00:00:00-04:00
94.26354480506518,95.15563035207387,93.51022728067004,94.38249206542969,12950000,0.0,0.0,WMT,2025-04-28 00:00:00-04:00
94.005839567932,95.3340576492593,93.58953545560334,95.1952896118164,12679000,0.0,0.0,WMT,2025-04-29 00:00:00-04:00
95.09616258057615,96.919975238936,94.09504391360133,96.39463806152344,21639900,0.0,0.0,WMT,2025-04-30 00:00:00-04:00
96.1666687858049,97.03893369019013,95.7404504972415,96.5532455444336,13171800,0.0,0.0,WMT,2025-05-01 00:00:00-04:00
97.08848019350627,98.3473141750698,96.98936125346978,97.8814468383789,16031400,0.0,0.0,WMT,2025-05-02 00:00:00-04:00
98.0697906541213,98.862749838066,97.66339311704522,98.45635986328125,12439100,0.0,0.0,WMT,2025-05-05 00:00:00-04:00
97.87154364816334,98.59512635990296,97.54445186560139,97.68321990966797,10626000,0.0,0.0,WMT,2025-05-06 00:00:00-04:00
97.68321831094038,98.35723775492869,97.44532375732726,97.96075439453125,11301300,0.0,0.0,WMT,2025-05-07 00:00:00-04:00
97.88144877840027,98.456349229213,96.50367506640147,96.57305908203125,14461100,0.0,0.0,WMT,2025-05-08 00:00:00-04:00
96.13091155802773,96.5780290446722,95.67385593729166,96.10110473632812,13697800,0.235,0.0,WMT,2025-05-09 00:00:00-04:00
97.04502403386087,97.34310741579877,95.00814619253616,96.13091278076172,26783900,0.0,0.0,WMT,2025-05-12 00:00:00-04:00
95.88250728106689,96.69725988945503,94.62063720463429,95.26647186279297,19746700,0.0,0.0,WMT,2025-05-13 00:00:00-04:00
95.4155119050492,96.70719636030653,95.2167947183518,96.21039581298828,25620100,0.0,0.0,WMT,2025-05-14 00:00:00-04:00
93.69658187230364,96.10109458947669,91.30199970759845,95.73345947265625,44026100,0.0,0.0,WMT,2025-05-15 00:00:00-04:00
95.52480555652689,98.55529182983291,95.38570201420214,97.61136627197266,33746200,0.0,0.0,WMT,2025-05-16 00:00:00-04:00
96.03154690778427,97.65111395620542,95.19691804991022,97.49214172363281,20041600,0.0,0.0,WMT,2025-05-19 00:00:00-04:00
97.92933343154205,98.18767187028531,95.9023860410598,97.17420196533203,15609600,0.0,0.0,WMT,2025-05-20 00:00:00-04:00
96.50847552603184,97.13444909273089,95.36584028509404,95.81295776367188,15742300,0.0,0.0,WMT,2025-05-21 00:00:00-04:00
95.92224408367518,96.33955469579668,95.20685013113875,95.31614685058594,13712200,0.0,0.0,WMT,2025-05-22 00:00:00-04:00
94.7299324546492,95.9222584138607,94.39211169357993,95.7235336303711,13668600,0.0,0.0,WMT,2025-05-23 00:00:00-04:00
96.67738982939014,97.17419037819363,95.96199582622114,96.95559692382812,17180900,0.0,0.0,WMT,2025-05-27 00:00:00-04:00
96.89597442475174,97.61136841848196,96.43891883555182,96.61776733398438,11220100,0.0,0.0,WMT,2025-05-28 00:00:00-04:00
97.00527559893139,97.14437915069405,96.23026793037516,96.47866821289062,14338000,0.0,0.0,WMT,2025-05-29 00:00:00-04:00
96.33956253934902,98.29695793535326,95.98186553395865,98.08830261230469,29980100,0.0,0.0,WMT,2025-05-30 00:00:00-04:00
98.2075272293263,99.27068766358573,97.42258904606646,99.13157653808594,16999200,0.0,0.0,WMT,2025-06-02 00:00:00-04:00
98.93286039226368,100.24441353001731,97.93925930061472,99.34024047851562,15598600,0.0,0.0,WMT,2025-06-03 00:00:00-04:00
99.15145080873592,99.4892715308747,98.68445709707096,98.71426391601562,11115600,0.0,0.0,WMT,2025-06-04 00:00:00-04:00
98.664597516589,98.95273518002787,96.98540914238029,97.33316802978516,15817100,0.0,0.0,WMT,2025-06-05 00:00:00-04:00
97.74054840330402,97.92932746807287,96.34950526937851,96.84630584716797,15599300,0.0,0.0,WMT,2025-06-06 00:00:00-04:00
96.77674813863004,97.22386559900929,96.15077459740937,96.82642364501953,13655700,0.0,0.0,WMT,2025-06-09 00:00:00-04:00
96.66745880277239,97.46233519095183,95.86264428032528,96.697265625,17162500,0.0,0.0,WMT,2025-06-10 00:00:00-04:00
96.66745235351195,96.66745235351195,94.73986378525646,95.1869888305664,16389600,0.0,0.0,WMT,2025-06-11 00:00:00-04:00
94.2828039454134,94.65043906649724,92.83214730796765,94.22319030761719,17845700,0.0,0.0,WMT,2025-06-12 00:00:00-04:00
93.91517568872128,94.71005962678434,93.40844456926673,93.835693359375,18694700,0.0,0.0,WMT,2025-06-13 00:00:00-04:00
94.14370108891825,95.16710897493488,93.49785887931735,93.6866455078125,14881700,0.0,0.0,WMT,2025-06-16 00:00:00-04:00
93.34882062846123,94.21325631739154,93.02093802558923,93.64690399169922,14935600,0.0,0.0,WMT,2025-06-17 00:00:00-04:00
93.96485997591223,94.87897120994,93.487928090877,94.48152923583984,11333700,0.0,0.0,WMT,2025-06-18 00:00:00-04:00
94.63057755662801,95.69373055303468,94.59083259837465,95.50495147705078,20604900,0.0,0.0,WMT,2025-06-20 00:00:00-04:00
95.30621717304409,97.30335753762641,95.05781689418572,97.24374389648438,20432400,0.0,0.0,WMT,2025-06-23 00:00:00-04:00
97.10464057954128,98.4758073931194,96.62770870753697,97.37290954589844,22403700,0.0,0.0,WMT,2025-06-24 00:00:00-04:00
97.68092619058693,97.92932647696769,96.52835280367927,96.63764953613281,11154700,0.0,0.0,WMT,2025-06-25 00:00:00-04:00
96.27994477318634,96.71712408726162,95.30621239344119,95.40557098388672,19361400,0.0,0.0,WMT,2025-06-26 00:00:00-04:00
95.70365736841309,97.13444537400554,95.5446851347777,96.64757537841797,31431900,0.0,0.0,WMT,2025-06-27 00:00:00-04:00
96.60784367605274,97.51201678557753,95.69372485183757,97.1543197631836,17803000,0.0,0.0,WMT,2025-06-30 00:00:00-04:00
96.97546219832394,98.55529182983291,96.79661370382432,97.61136627197266,15635800,0.0,0.0,WMT,2025-07-01 00:00:00-04:00
97.50206654004865,97.75046679804584,96.43891373904367,96.98539733886719,12502000,0.0,0.0,WMT,2025-07-02 00:00:00-04:00
97.0748257058592,97.84984094166605,96.79661860711694,97.73060607910156,7686200,0.0,0.0,WMT,2025-07-03 00:00:00-04:00
97.60143557901776,98.71426391601562,96.99533832522808,98.71426391601562,12930900,0.0,0.0,WMT,2025-07-07 00:00:00-04:00
98.18766034940498,98.53541921811515,95.89244423534302,96.4687271118164,16875000,0.0,0.0,WMT,2025-07-08 00:00:00-04:00
96.52834956026003,96.66745310951326,95.76327245879231,96.19052124023438,13702600,0.0,0.0,WMT,2025-07-09 00:00:00-04:00
96.04148331493725,96.16071059207997,94.13376349433348,94.25299835205078,18894800,0.0,0.0,WMT,2025-07-10 00:00:00-04:00
94.40204148393211,94.9187107141872,93.62703384826213,93.79594421386719,14595000,0.0,0.0,WMT,2025-07-11 00:00:00-04:00
93.90523664001954,95.22672026517833,93.77606365293963,95.16710662841797,13779100,0.0,0.0,WMT,2025-07-14 00:00:00-04:00
94.98826500449559,95.1671135082804,94.3324922110012,94.77960968017578,10450800,0.0,0.0,WMT,2025-07-15 00:00:00-04:00
94.80941428382398,95.2167943698096,94.0045998258984,94.54114532470703,11181600,0.0,0.0,WMT,2025-07-16 00:00:00-04:00
94.47159868240432,95.01807476378879,94.28281203907733,94.48152923583984,11165100,0.0,0.0,WMT,2025-07-17 00:00:00-04:00
94.48153272548116,94.8690441604584,93.82575988748404,94.4417953491211,14636300,0.0,0.0,WMT,2025-07-18 00:00:00-04:00
94.65044304208203,96.02160983300938,94.49146322718187,95.05781555175781,13450400,0.0,0.0,WMT,2025-07-21 00:00:00-04:00
95.22672568480893,96.05141641627638,95.12736709102876,95.23666381835938,9049100,0.0,0.0,WMT,2025-07-22 00:00:00-04:00
95.39564684586747,95.67385395005209,94.6802528176356,95.06775665283203,9729700,0.0,0.0,WMT,2025-07-23 00:00:00-04:00
94.95845700711527,96.33956193233581,94.73986355180126,95.98186492919922,14991500,0.0,0.0,WMT,2025-07-24 00:00:00-04:00
96.2203322675851,97.02515435839517,95.91231833513972,96.84630584716797,12868500,0.0,0.0,WMT,2025-07-25 00:00:00-04:00
96.65750717897308,97.50206654004865,96.45879000480504,96.98539733886719,12293100,0.0,0.0,WMT,2025-07-28 00:00:00-04:00
97.15431439714534,98.08830185742953,96.71712748712724,97.70079803466797,14034300,0.0,0.0,WMT,2025-07-29 00:00:00-04:00
97.97901549983153,98.24728448991537,96.66746221153981,96.96553802490234,13864100,0.0,0.0,WMT,2025-07-30 00:00:00-04:00
96.81649707964056,97.99887727622563,96.68732408044318,97.35304260253906,15651300,0.0,0.0,WMT,2025-07-31 00:00:00-04:00
97.37290930455383,98.19760004963446,97.0450191171495,97.85977172851562,16750400,0.0,0.0,WMT,2025-08-01 00:00:00-04:00
97.57162337180401,99.27068789557018,97.57162337180401,98.95272827148438,19050200,0.0,0.0,WMT,2025-08-04 00:00:00-04:00
99.0322194008428,99.82710330972712,98.27708802603496,98.67452239990234,17977000,0.0,0.0,WMT,2025-08-05 00:00:00-04:00
98.823562664165,103.02649857469645,98.823562664165,102.6986083984375,23738400,0.0,0.0,WMT,2025-08-06 00:00:00-04:00
102.79797241926465,103.23515934403119,101.45661240441059,102.46015167236328,12509500,0.0,0.0,WMT,2025-08-07 00:00:00-04:00
102.70854902820643,104.04990900482552,102.4899555720541,103.06624603271484,12394700,0.0,0.0,WMT,2025-08-08 00:00:00-04:00
103.2351544229671,103.6624031934658,102.45020865481486,103.26496124267578,12856700,0.0,0.0,WMT,2025-08-11 00:00:00-04:00
103.58292095801691,103.64253460184895,102.7085546659875,102.95695495605469,17915300,0.0,0.0,WMT,2025-08-12 00:00:00-04:00
101.49635380196064,102.15212658555032,100.20466934073806,100.3437728881836,19398500,0.0,0.0,WMT,2025-08-13 00:00:00-04:00
100.57230126166408,100.79089470939823,100.07550072793175,100.20466613769531,10858400,0.0,0.0,WMT,2025-08-14 00:00:00-04:00
100.21960633291746,100.35903477473767,99.13405523613444,99.59217834472656,13604900,0.235,0.0,WMT,2025-08-15 00:00:00-04:00
99.59217968095948,100.468588126771,99.51250411362743,100.28932189941406,11656100,0.0,0.0,WMT,2025-08-18 00:00:00-04:00
100.5482589769117,102.01226516526324,100.38891544800347,100.87691497802734,16999000,0.0,0.0,WMT,2025-08-19 00:00:00-04:00
100.73749569087158,102.2313784516904,100.51839167022659,102.15170288085938,18655000,0.0,0.0,WMT,2025-08-20 00:00:00-04:00
99.0045923043459,99.04442249087269,96.55461792751963,97.56050109863281,51825100,0.0,0.0,WMT,2025-08-21 00:00:00-04:00
97.67004520611938,98.64605185924171,96.36539015191416,96.43510437011719,32695200,0.0,0.0,WMT,2025-08-22 00:00:00-04:00
96.60441497902612,97.18205144887975,95.67820739746094,95.67820739746094,18956100,0.0,0.0,WMT,2025-08-25 00:00:00-04:00
95.88734479561516,96.07657235940952,95.03085148345538,95.65828704833984,22270400,0.0,0.0,WMT,2025-08-26 00:00:00-04:00
95.50889753803006,95.92718285028977,95.21011797311316,95.68816375732422,12925700,0.0,0.0,WMT,2025-08-27 00:00:00-04:00
95.6084884654129,96.1761635617451,95.3097088996465,95.7180404663086,19241600,0.0,0.0,WMT,2025-08-28 00:00:00-04:00
95.70807953349305,96.63428707342247,95.40930756471971,96.5844955444336,15600300,0.0,0.0,WMT,2025-08-29 00:00:00-04:00
96.83347636298258,97.45094299316406,96.11641147787371,97.45094299316406,15351300,0.0,0.0,WMT,2025-09-02 00:00:00-04:00
97.45094242992126,99.03446197509766,97.10237133453023,99.03446197509766,18995900,0.0,0.0,WMT,2025-09-03 00:00:00-04:00
99.50254995551289,100.9366721701657,99.24360816189323,100.51838684082031,15640900,0.0,0.0,WMT,2025-09-04 00:00:00-04:00
100.6677727522927,101.06614297368478,99.14401368387703,100.10009765625,13748500,0.0,0.0,WMT,2025-09-05 00:00:00-04:00
100.43870846443772,101.94255245686425,100.01046180162541,101.86287689208984,13685700,0.0,0.0,WMT,2025-09-08 00:00:00-04:00
101.58402265025428,102.07202220017331,101.13586088375645,101.87284088134766,11819700,0.0,0.0,WMT,2025-09-09 00:00:00-04:00
101.53422404857066,102.03218494650045,99.98058847847943,100.0005111694336,17934900,0.0,0.0,WMT,2025-09-10 00:00:00-04:00
100.5781352686217,102.36083611049838,99.87103173887395,102.23136901855469,15900800,0.0,0.0,WMT,2025-09-11 00:00:00-04:00
102.12181713531177,103.5559468864597,101.94255091641828,103.06793975830078,11641900,0.0,0.0,WMT,2025-09-12 00:00:00-04:00
103.22729783564972,103.55595385879592,102.98827872712543,103.26713562011719,10756900,0.0,0.0,WMT,2025-09-15 00:00:00-04:00
103.42647665527352,103.78500910851847,102.70941174878364,102.99822998046875,14481900,0.0,0.0,WMT,2025-09-16 00:00:00-04:00
103.3069660238907,105.67725704325726,103.3069660238907,103.84475708007812,25382000,0.0,0.0,WMT,2025-09-17 00:00:00-04:00
103.3567640932704,104.21325745663232,101.70353784190047,103.17749786376953,14869400,0.0,0.0,WMT,2025-09-18 00:00:00-04:00
103.38664161692924,103.51611631632127,101.67365487222631,101.91268157958984,34791600,0.0,0.0,WMT,2025-09-19 00:00:00-04:00
102.03218673568153,102.77912809567417,101.50434939034494,102.40068054199219,12861900,0.0,0.0,WMT,2025-09-22 00:00:00-04:00
101.99235378727869,102.26124932634988,100.91675643443342,102.10189819335938,13158700,0.0,0.0,WMT,2025-09-23 00:00:00-04:00
102.61978374327255,103.04803042353855,102.06206996368162,102.31105041503906,11391800,0.0,0.0,WMT,2025-09-24 00:00:00-04:00
102.79905036738508,103.0878686038637,102.16166101732209,102.62974548339844,13366700,0.0,0.0,WMT,2025-09-25 00:00:00-04:00
102.4604314744798,103.06794437693802,102.05210748987363,102.73929595947266,11859300,0.0,0.0,WMT,2025-09-26 00:00:00-04:00
102.62974575375122,102.88867995407863,101.66370038050083,102.65962219238281,15477200,0.0,0.0,WMT,2025-09-29 00:00:00-04:00
102.57994133968202,103.51611022607631,102.30108446244459,102.63969421386719,13873400,0.0,0.0,WMT,2025-09-30 00:00:00-04:00
102.14173336058009,102.44051292814493,100.13993609204785,101.54418182373047,16142800,0.0,0.0,WMT,2025-10-01 00:00:00-04:00
101.0362673434373,101.72345584254701,99.46271661537311,101.28524780273438,15605400,0.0,0.0,WMT,2025-10-02 00:00:00-04:00
101.04622701074396,102.4006812946822,100.78728520985798,101.65373992919922,11867500,0.0,0.0,WMT,2025-10-03 00:00:00-04:00
101.46451050254758,102.64965987896328,101.16573852076806,102.28116607666016,13303600,0.0,0.0,WMT,2025-10-06 00:00:00-04:00
101.96246876135874,102.82892344245325,100.53830031677175,102.81896209716797,15538900,0.0,0.0,WMT,2025-10-07 00:00:00-04:00
102.59986006168052,102.83888676343808,101.73341296222033,102.48035430908203,13584100,0.0,0.0,WMT,2025-10-08 00:00:00-04:00
102.70941182757967,103.0281064975663,99.96067314830006,101.3549575805664,19508000,0.0,0.0,WMT,2025-10-09 00:00:00-04:00
101.63381761235505,103.20736820243846,101.10597270237497,101.42466735839844,18519400,0.0,0.0,WMT,2025-10-10 00:00:00-04:00
100.95659563704085,102.03218540672772,100.65781605762318,101.70353698730469,10871200,0.0,0.0,WMT,2025-10-13 00:00:00-04:00
103.62566485068734,107.47987729879254,102.47039193199727,106.77277374267578,30859500,0.0,0.0,WMT,2025-10-14 00:00:00-04:00
106.88232471121843,109.1131873622495,106.86240961893893,108.5853500366211,21416300,0.0,0.0,WMT,2025-10-15 00:00:00-04:00
108.75465942572961,109.13311457925838,105.22910287845957,106.03579711914062,16366200,0.0,0.0,WMT,2025-10-16 00:00:00-04:00
106.73293567805489,107.75873389898855,105.78681302336156,107.29065704345703,13735600,0.0,0.0,WMT,2025-10-17 00:00:00-04:00
107.41015904827029,107.80852926729735,106.17521820773833,106.6134262084961,10581200,0.0,0.0,WMT,2025-10-20 00:00:00-04:00
106.89228560330214,107.04167538874553,105.74697404594303,105.78681182861328,10899700,0.0,0.0,WMT,2025-10-21 00:00:00-04:00
106.11546614655349,107.3304843063806,105.22909639153043,106.70305633544922,12296500,0.0,0.0,WMT,2025-10-22 00:00:00-04:00
106.91220150976903,107.13130551698407,105.34860461988377,106.42420196533203,11408200,0.0,0.0,WMT,2025-10-23 00:00:00-04:00
106.63334590243367,106.7329365619187,105.07971033928236,105.73701477050781,10318000,0.0,0.0,WMT,2025-10-24 00:00:00-04:00
105.90632186790994,105.92624455919206,103.72525826590449,104.04395294189453,16375900,0.0,0.0,WMT,2025-10-27 00:00:00-04:00
103.6356221310451,103.71529770021188,102.62974656386625,102.74925231933594,13323000,0.0,0.0,WMT,2025-10-28 00:00:00-04:00
102.49031413583477,103.24720921867697,101.69357367167643,102.04214477539062,11986400,0.0,0.0,WMT,2025-10-29 00:00:00-04:00
101.78320342726191,102.94843769085793,101.54418432628744,101.8130874633789,14065100,0.0,0.0,WMT,2025-10-30 00:00:00-04:00
101.28524047658864,101.68361070230522,99.77144273680169,100.76736450195312,20237000,0.0,0.0,WMT,2025-10-31 00:00:00-04:00
100.4088332720748,101.38483995696146,99.99054794924345,101.17568969726562,14811700,0.0,0.0,WMT,2025-11-03 00:00:00-05:00
101.71349208618692,102.20149924560612,101.0462262946714,101.85292053222656,12636400,0.0,0.0,WMT,2025-11-04 00:00:00-05:00
101.32507839503683,102.26124728698578,100.43870863072434,101.05618286132812,13356800,0.0,0.0,WMT,2025-11-05 00:00:00-05:00
100.92671009543743,101.51430789998838,99.62205498788155,101.26532745361328,14866000,0.0,0.0,WMT,2025-11-06 00:00:00-05:00
101.71348488118707,102.55006309644534,101.31512226259541,102.1716079711914,17248700,0.0,0.0,WMT,2025-11-07 00:00:00-05:00
101.73341615647324,102.25129216331443,101.18565611226381,102.00231170654297,14507600,0.0,0.0,WMT,2025-11-10 00:00:00-05:00
102.08198899431838,103.31692995317007,101.90272275849469,103.01815795898438,13182100,0.0,0.0,WMT,2025-11-11 00:00:00-05:00
102.9285210419322,103.17750150289395,102.24134013650861,103.01815795898438,12084400,0.0,0.0,WMT,2025-11-12 00:00:00-05:00
103.16753954272022,103.50615691871816,101.60394256112065,102.121826171875,18088500,0.0,0.0,WMT,2025-11-13 00:00:00-05:00
99.79136459289319,102.07202650147079,98.47674807771752,102.06207275390625,23424200,0.0,0.0,WMT,2025-11-14 00:00:00-05:00
102.16165754379543,102.89863753007064,101.68361174836167,102.53014373779297,15289400,0.0,0.0,WMT,2025-11-17 00:00:00-05:00
102.56002868225434,102.91855353415586,100.96654774887762,100.97650909423828,17604500,0.0,0.0,WMT,2025-11-18 00:00:00-05:00
101.16573712325844,101.29520422041307,99.27348420500645,100.19969177246094,22157000,0.0,0.0,WMT,2025-11-19 00:00:00-05:00
103.51610949142102,107.46992006858594,102.2612459544783,106.67317962646484,50375900,0.0,0.0,WMT,2025-11-20 00:00:00-05:00
107.53963558498349,107.70894046153607,104.29292850184298,104.8904800415039,41420800,0.0,0.0,WMT,2025-11-21 00:00:00-05:00
104.93031377230011,105.83659859283128,103.33684052863886,103.63561248779297,42519200,0.0,0.0,WMT,2025-11-24 00:00:00-05:00
104.18337673330505,106.98191446926288,103.80492919693683,106.56362915039062,20212900,0.0,0.0,WMT,2025-11-25 00:00:00-05:00
106.76281449402974,109.14306700094984,106.73293805559415,108.65506744384766,17783300,0.0,0.0,WMT,2025-11-26 00:00:00-05:00
108.85425409492106,110.24853851472189,108.5554745202322,110.05931854248047,9846500,0.0,0.0,WMT,2025-11-28 00:00:00-05:00
110.05932027252146,111.30422252282689,109.90993048282874,111.07515716552734,17236800,0.0,0.0,WMT,2025-12-01 00:00:00-05:00
111.01539971837897,112.19058769821518,110.33817261816353,111.95156860351562,18711800,0.0,0.0,WMT,2025-12-02 00:00:00-05:00
112.04120606446489,114.42145863432751,111.76234916731822,113.94342041015625,24478300,0.0,0.0,WMT,2025-12-03 00:00:00-05:00
113.15663253726899,114.42144982286224,112.6985094417675,114.37165069580078,25905100,0.0,0.0,WMT,2025-12-04 00:00:00-05:00
114.26210879564562,115.79582164543294,114.2123096674935,114.64055633544922,23956400,0.0,0.0,WMT,2025-12-05 00:00:00-05:00
114.10275350781006,114.52103881524263,111.84201450006559,113.09687042236328,22700700,0.0,0.0,WMT,2025-12-08 00:00:00-05:00
113.48528547726195,115.24807130908115,112.55907790417398,114.59075927734375,24326700,0.0,0.0,WMT,2025-12-09 00:00:00-05:00
114.87957804664407,115.75599409305751,112.52920199208491,112.71842956542969,22859600,0.0,0.0,WMT,2025-12-10 00:00:00-05:00
112.67859041226335,115.39746023495638,112.3897721821399,115.04888153076172,21586600,0.0,0.0,WMT,2025-12-11 00:00:00-05:00
115.02393772276594,116.71047125049289,114.78442378569177,116.46098327636719,19092400,0.235,0.0,WMT,2025-12-12 00:00:00-05:00
116.69051679606929,117.20944843767772,115.40315792232073,116.5508041381836,18713700,0.0,0.0,WMT,2025-12-15 00:00:00-05:00
116.34123689290664,116.6406179012423,114.7145703872507,115.18360900878906,19642300,0.0,0.0,WMT,2025-12-16 00:00:00-05:00
114.96406162347056,116.15162688067603,114.83433061089475,115.42312622070312,16177800,0.0,0.0,WMT,2025-12-17 00:00:00-05:00
114.77444976117525,116.24144026739755,114.37526747977678,114.59481811523438,21476700,0.0,0.0,WMT,2025-12-18 00:00:00-05:00
114.90418713191055,115.04389979607409,113.29748388026054,114.12578582763672,50043800,0.0,0.0,WMT,2025-12-19 00:00:00-05:00
113.77650062864096,114.08586328770025,111.99016577665657,112.369384765625,21473900,0.0,0.0,WMT,2025-12-22 00:00:00-05:00
111.76063073363592,112.11989402540173,110.47327187376987,110.67286682128906,20319900,0.0,0.0,WMT,2025-12-23 00:00:00-05:00
110.67287135903594,111.4812099917677,110.32358970376721,111.38141632080078,9009600,0.0,0.0,WMT,2025-12-24 00:00:00-05:00
111.4911908568651,111.74067883940776,111.13192755290216,111.51114654541016,9003800,0.0,0.0,WMT,2025-12-26 00:00:00-05:00
111.3614527739745,112.54901801305121,111.34149708533253,112.29953002929688,12979600,0.0,0.0,WMT,2025-12-29 00:00:00-05:00
111.66084329929174,112.45920790639306,111.61094265618446,111.69078063964844,11730600,0.0,0.0,WMT,2025-12-30 00:00:00-05:00
111.50117568205769,112.02010735046017,111.0920117244312,111.18183135986328,11487400,0.0,0.0,WMT,2025-12-31 00:00:00-05:00
111.20178248601762,112.55899770309539,110.89241982795849,112.52906036376953,14306600,0.0,0.0,WMT,2026-01-02 00:00:00-05:00
112.58893944787128,113.49707938305757,111.92031346420157,112.47916412353516,19557600,0.0,0.0,WMT,2026-01-05 00:00:00-05:00
112.1697981407313,114.55490263765262,111.76063419596765,114.10581970214844,20120800,0.0,0.0,WMT,2026-01-06 00:00:00-05:00
113.95613393475905,114.49502889350381,111.87041043070417,112.48914337158203,23306000,0.0,0.0,WMT,2026-01-07 00:00:00-05:00
111.06207146129464,113.23760697829809,109.58509925140599,112.83842468261719,24058300,0.0,0.0,WMT,2026-01-08 00:00:00-05:00
112.0300855189468,115.22352864160858,112.0300855189468,114.2954330444336,21902900,0.0,0.0,WMT,2026-01-09 00:00:00-05:00
117.25935491681716,118.59660688423803,116.17159093858102,117.7283935546875,49182100,0.0,0.0,WMT,2026-01-12 00:00:00-05:00
117.64855238837703,120.26318918526222,117.48888403877793,120.11349487304688,31222100,0.0,0.0,WMT,2026-01-13 00:00:00-05:00
119.94384561929998,120.99169058379535,118.78621771897858,119.79415130615234,32764000,0.0,0.0,WMT,2026-01-14 00:00:00-05:00
119.73427283359305,120.62244941936025,118.48683295315949,118.95586395263672,34559400,0.0,0.0,WMT,2026-01-15 00:00:00-05:00
118.42695235578996,120.3529998632848,116.66058080988404,119.45484161376953,415144600,0.0,0.0,WMT,2026-01-16 00:00:00-05:00
120.64240868956938,121.37091695143212,117.36912756432268,118.46687316894531,45334000,0.0,0.0,WMT,2026-01-20 00:00:00-05:00
117.83816233529332,120.24322245831728,117.30924904579618,119.11553955078125,34811700,0.0,0.0,WMT,2026-01-21 00:00:00-05:00
119.04568534084294,119.27521001852101,117.40904480265135,117.58867645263672,24547300,0.0,0.0,WMT,2026-01-22 00:00:00-05:00
117.92797764364332,118.36707892888765,116.90008837479316,117.48888397216797,20806900,0.0,0.0,WMT,2026-01-23 00:00:00-05:00
117.5687131092312,118.60658401836317,117.14957513066894,117.39906311035156,19552200,0.0,0.0,WMT,2026-01-26 00:00:00-05:00
117.25935112959922,117.38908213882834,115.24349159215296,116.70050048828125,22968600,0.0,0.0,WMT,2026-01-27 00:00:00-05:00
116.40110938043122,117.21942963650648,115.63268976502361,116.33125305175781,16342000,0.0,0.0,WMT,2026-01-28 00:00:00-05:00
116.21149984704718,117.41902838915613,115.83228085250235,117.16954040527344,16381100,0.0,0.0,WMT,2026-01-29 00:00:00-05:00
116.67055999654163,119.16543974040299,116.36118973094007,118.89598846435547,22215400,0.0,0.0,WMT,2026-01-30 00:00:00-05:00
119.25525740074653,123.94562849568666,118.80618207110491,123.80591583251953,31210100,0.0,0.0,WMT,2026-02-02 00:00:00-05:00
123.39675813694187,127.90749752765285,123.39675813694187,127.44844055175781,32018700,0.0,0.0,WMT,2026-02-03 00:00:00-05:00
127.86758499754797,129.14496224309005,126.82970646833382,127.73784637451172,27531800,0.0,0.0,WMT,2026-02-04 00:00:00-05:00
128.3166637851512,129.33457903966146,126.3007965788767,126.68002319335938,30517800,0.0,0.0,WMT,2026-02-05 00:00:00-05:00
127.02930626416247,131.43027046114787,126.78979992493511,130.9113311767578,26593400,0.0,0.0,WMT,2026-02-06 00:00:00-05:00
131.15084646648913,131.52008382369277,127.82766456904042,128.75576782226562,27197300,0.0,0.0,WMT,2026-02-09 00:00:00-05:00
128.67592377764763,129.07509845704115,126.13114332078464,126.44050598144531,24662000,0.0,0.0,WMT,2026-02-10 00:00:00-05:00
126.44050360504677,129.47428593055534,126.37064727608893,128.5062713623047,19232100,0.0,0.0,WMT,2026-02-11 00:00:00-05:00
129.11501774927058,134.21455241153873,129.0451538091875,133.3662872314453,33382700,0.0,0.0,WMT,2026-02-12 00:00:00-05:00
132.42821845480893,134.37422167852225,131.48016716402944,133.61578369140625,24131200,0.0,0.0,WMT,2026-02-13 00:00:00-05:00
132.8373748576195,134.4141406494094,127.89751611565669,128.5861053466797,37995900,0.0,0.0,WMT,2026-02-17 00:00:00-05:00
127.86758149408692,128.60605615258174,125.51240679321614,126.36067199707031,36485000,0.0,0.0,WMT,2026-02-18 00:00:00-05:00
128.23682050687358,129.83354965478358,124.1452191963341,124.6142578125,42993300,0.0,0.0,WMT,2026-02-19 00:00:00-05:00
122.74808742508395,123.22710770167923,120.80208420653535,122.73810577392578,35151000,0.0,0.0,WMT,2026-02-20 00:00:00-05:00
123.2670191811857,126.54030791080673,122.70816853616776,125.55233001708984,25662800,0.0,0.0,WMT,2026-02-23 00:00:00-05:00
125.64215221506345,127.77776116837657,124.65418191494594,126.49040985107422,20161200,0.0,0.0,WMT,2026-02-24 00:00:00-05:00
126.35069379313695,127.1390767272883,125.16312856635886,125.4924545288086,17345700,0.0,0.0,WMT,2026-02-25 00:00:00-05:00
125.72198656833346,127.06922014118749,123.68616373242939,124.16517639160156,18638300,0.0,0.0,WMT,2026-02-26 00:00:00-05:00
125.2629190843692,128.3366203761279,124.89368175433913,127.68794250488281,29205500,0.0,0.0,WMT,2026-02-27 00:00:00-05:00
127.19895447275734,128.48631340028433,126.78979813293385,126.83969116210938,17091500,0.0,0.0,WMT,2026-03-02 00:00:00-05:00
126.26087297513963,128.10708249571195,125.41261536987872,127.64803314208984,16480400,0.0,0.0,WMT,2026-03-03 00:00:00-05:00
126.84966973059352,127.90749633414326,125.98144881533335,127.54823303222656,16434100,0.0,0.0,WMT,2026-03-04 00:00:00-05:00
125.12320951943279,125.4225981422104,121.40085310575265,123.05744934082031,28604900,0.0,0.0,WMT,2026-03-05 00:00:00-05:00
122.24910724377098,123.93564838419309,121.37091231636431,123.54644775390625,21553000,0.0,0.0,WMT,2026-03-06 00:00:00-05:00
123.43667972761145,124.2550000260099,122.24911446497413,124.08534240722656,19375900,0.0,0.0,WMT,2026-03-09 00:00:00-04:00
123.955606743645,125.8417352583845,123.09736748559996,124.8637466430664,18793600,0.0,0.0,WMT,2026-03-10 00:00:00-04:00
125.05335566862253,125.23298732309672,122.7979897570532,123.2370834350586,18176500,0.0,0.0,WMT,2026-03-11 00:00:00-04:00
122.04952532111133,125.13319316144589,122.02956201859843,125.07331848144531,21751600,0.0,0.0,WMT,2026-03-12 00:00:00-04:00
125.13318897357868,126.43052949781246,124.71405100006396,126.26087188720703,15194100,0.0,0.0,WMT,2026-03-13 00:00:00-04:00
126.50039137692195,126.71994202423447,124.57434380791095,125.73196411132812,20463200,0.0,0.0,WMT,2026-03-16 00:00:00-04:00
126.3906138816896,126.92950883935156,124.60427900733858,124.8238296508789,19895000,0.0,0.0,WMT,2026-03-17 00:00:00-04:00
124.07536432767435,124.35478964771715,121.58048452190805,121.73017883300781,19734900,0.0,0.0,WMT,2026-03-18 00:00:00-04:00
122.14931744156883,122.49859909341949,119.02572303586541,120.84199523925781,17927700,0.0,0.0,WMT,2026-03-19 00:00:00-04:00
120.62999725341797,121.30000305175781,118.0199966430664,119.0199966430664,57545600,0.248,0.0,WMT,2026-03-20 00:00:00-04:00
120.4800033569336,121.12000274658203,119.04499816894531,120.72000122070312,22106694,0.0,0.0,WMT,2026-03-23 00:00:00-04:00
